depth,latitude,longitude,time,so
1.0182366,37.9375,23.5,2025-10-08,
1.0182366,37.9375,23.5,2025-10-09,
1.0182366,37.9375,23.5,2025-10-10,
1.0182366,37.9375,23.5,2025-10-11,
1.0182366,37.9375,23.5,2025-10-12,
1.0182366,37.9375,23.5,2025-10-13,
1.0182366,37.9375,23.5,2025-10-14,
1.0182366,37.9375,23.5,2025-10-15,
1.0182366,37.9375,23.5,2025-10-16,
1.0182366,37.9375,23.5,2025-10-17,
1.0182366,37.9375,23.5,2025-10-18,
1.0182366,37.9375,23.5,2025-10-19,
1.0182366,37.9375,23.5,2025-10-20,
1.0182366,37.9375,23.5,2025-10-21,
1.0182366,37.9375,23.5,2025-10-22,
1.0182366,37.9375,23.5,2025-10-23,
1.0182366,37.9375,23.5,2025-10-24,
1.0182366,37.9375,23.5,2025-10-25,
1.0182366,37.9375,23.5,2025-10-26,
1.0182366,37.9375,23.5,2025-10-27,
1.0182366,37.9375,23.5,2025-10-28,
1.0182366,37.9375,23.5,2025-10-29,
1.0182366,37.9375,23.5,2025-10-30,
1.0182366,37.9375,23.5,2025-10-31,
1.0182366,37.9375,23.5,2025-11-01,
1.0182366,37.9375,23.5,2025-11-02,
1.0182366,37.9375,23.5,2025-11-03,
1.0182366,37.9375,23.5,2025-11-04,
1.0182366,37.9375,23.5,2025-11-05,
1.0182366,37.9375,23.5,2025-11-06,
1.0182366,37.9375,23.5,2025-11-07,
1.0182366,37.9375,23.541666,2025-10-08,
1.0182366,37.9375,23.541666,2025-10-09,
1.0182366,37.9375,23.541666,2025-10-10,
1.0182366,37.9375,23.541666,2025-10-11,
1.0182366,37.9375,23.541666,2025-10-12,
1.0182366,37.9375,23.541666,2025-10-13,
1.0182366,37.9375,23.541666,2025-10-14,
1.0182366,37.9375,23.541666,2025-10-15,
1.0182366,37.9375,23.541666,2025-10-16,
1.0182366,37.9375,23.541666,2025-10-17,
1.0182366,37.9375,23.541666,2025-10-18,
1.0182366,37.9375,23.541666,2025-10-19,
1.0182366,37.9375,23.541666,2025-10-20,
1.0182366,37.9375,23.541666,2025-10-21,
1.0182366,37.9375,23.541666,2025-10-22,
1.0182366,37.9375,23.541666,2025-10-23,
1.0182366,37.9375,23.541666,2025-10-24,
1.0182366,37.9375,23.541666,2025-10-25,
1.0182366,37.9375,23.541666,2025-10-26,
1.0182366,37.9375,23.541666,2025-10-27,
1.0182366,37.9375,23.541666,2025-10-28,
1.0182366,37.9375,23.541666,2025-10-29,
1.0182366,37.9375,23.541666,2025-10-30,
1.0182366,37.9375,23.541666,2025-10-31,
1.0182366,37.9375,23.541666,2025-11-01,
1.0182366,37.9375,23.541666,2025-11-02,
1.0182366,37.9375,23.541666,2025-11-03,
1.0182366,37.9375,23.541666,2025-11-04,
1.0182366,37.9375,23.541666,2025-11-05,
1.0182366,37.9375,23.541666,2025-11-06,
1.0182366,37.9375,23.541666,2025-11-07,
1.0182366,37.9375,23.583334,2025-10-08,
1.0182366,37.9375,23.583334,2025-10-09,
1.0182366,37.9375,23.583334,2025-10-10,
1.0182366,37.9375,23.583334,2025-10-11,
1.0182366,37.9375,23.583334,2025-10-12,
1.0182366,37.9375,23.583334,2025-10-13,
1.0182366,37.9375,23.583334,2025-10-14,
1.0182366,37.9375,23.583334,2025-10-15,
1.0182366,37.9375,23.583334,2025-10-16,
1.0182366,37.9375,23.583334,2025-10-17,
1.0182366,37.9375,23.583334,2025-10-18,
1.0182366,37.9375,23.583334,2025-10-19,
1.0182366,37.9375,23.583334,2025-10-20,
1.0182366,37.9375,23.583334,2025-10-21,
1.0182366,37.9375,23.583334,2025-10-22,
1.0182366,37.9375,23.583334,2025-10-23,
1.0182366,37.9375,23.583334,2025-10-24,
1.0182366,37.9375,23.583334,2025-10-25,
1.0182366,37.9375,23.583334,2025-10-26,
1.0182366,37.9375,23.583334,2025-10-27,
1.0182366,37.9375,23.583334,2025-10-28,
1.0182366,37.9375,23.583334,2025-10-29,
1.0182366,37.9375,23.583334,2025-10-30,
1.0182366,37.9375,23.583334,2025-10-31,
1.0182366,37.9375,23.583334,2025-11-01,
1.0182366,37.9375,23.583334,2025-11-02,
1.0182366,37.9375,23.583334,2025-11-03,
1.0182366,37.9375,23.583334,2025-11-04,
1.0182366,37.9375,23.583334,2025-11-05,
1.0182366,37.9375,23.583334,2025-11-06,
1.0182366,37.9375,23.583334,2025-11-07,
1.0182366,37.9375,23.625,2025-10-08,
1.0182366,37.9375,23.625,2025-10-09,
1.0182366,37.9375,23.625,2025-10-10,
1.0182366,37.9375,23.625,2025-10-11,
1.0182366,37.9375,23.625,2025-10-12,
1.0182366,37.9375,23.625,2025-10-13,
1.0182366,37.9375,23.625,2025-10-14,
1.0182366,37.9375,23.625,2025-10-15,
1.0182366,37.9375,23.625,2025-10-16,
1.0182366,37.9375,23.625,2025-10-17,
1.0182366,37.9375,23.625,2025-10-18,
1.0182366,37.9375,23.625,2025-10-19,
1.0182366,37.9375,23.625,2025-10-20,
1.0182366,37.9375,23.625,2025-10-21,
1.0182366,37.9375,23.625,2025-10-22,
1.0182366,37.9375,23.625,2025-10-23,
1.0182366,37.9375,23.625,2025-10-24,
1.0182366,37.9375,23.625,2025-10-25,
1.0182366,37.9375,23.625,2025-10-26,
1.0182366,37.9375,23.625,2025-10-27,
1.0182366,37.9375,23.625,2025-10-28,
1.0182366,37.9375,23.625,2025-10-29,
1.0182366,37.9375,23.625,2025-10-30,
1.0182366,37.9375,23.625,2025-10-31,
1.0182366,37.9375,23.625,2025-11-01,
1.0182366,37.9375,23.625,2025-11-02,
1.0182366,37.9375,23.625,2025-11-03,
1.0182366,37.9375,23.625,2025-11-04,
1.0182366,37.9375,23.625,2025-11-05,
1.0182366,37.9375,23.625,2025-11-06,
1.0182366,37.9375,23.625,2025-11-07,
1.0182366,37.9375,23.666666,2025-10-08,
1.0182366,37.9375,23.666666,2025-10-09,
1.0182366,37.9375,23.666666,2025-10-10,
1.0182366,37.9375,23.666666,2025-10-11,
1.0182366,37.9375,23.666666,2025-10-12,
1.0182366,37.9375,23.666666,2025-10-13,
1.0182366,37.9375,23.666666,2025-10-14,
1.0182366,37.9375,23.666666,2025-10-15,
1.0182366,37.9375,23.666666,2025-10-16,
1.0182366,37.9375,23.666666,2025-10-17,
1.0182366,37.9375,23.666666,2025-10-18,
1.0182366,37.9375,23.666666,2025-10-19,
1.0182366,37.9375,23.666666,2025-10-20,
1.0182366,37.9375,23.666666,2025-10-21,
1.0182366,37.9375,23.666666,2025-10-22,
1.0182366,37.9375,23.666666,2025-10-23,
1.0182366,37.9375,23.666666,2025-10-24,
1.0182366,37.9375,23.666666,2025-10-25,
1.0182366,37.9375,23.666666,2025-10-26,
1.0182366,37.9375,23.666666,2025-10-27,
1.0182366,37.9375,23.666666,2025-10-28,
1.0182366,37.9375,23.666666,2025-10-29,
1.0182366,37.9375,23.666666,2025-10-30,
1.0182366,37.9375,23.666666,2025-10-31,
1.0182366,37.9375,23.666666,2025-11-01,
1.0182366,37.9375,23.666666,2025-11-02,
1.0182366,37.9375,23.666666,2025-11-03,
1.0182366,37.9375,23.666666,2025-11-04,
1.0182366,37.9375,23.666666,2025-11-05,
1.0182366,37.9375,23.666666,2025-11-06,
1.0182366,37.9375,23.666666,2025-11-07,
1.0182366,37.9375,23.708334,2025-10-08,
1.0182366,37.9375,23.708334,2025-10-09,
1.0182366,37.9375,23.708334,2025-10-10,
1.0182366,37.9375,23.708334,2025-10-11,
1.0182366,37.9375,23.708334,2025-10-12,
1.0182366,37.9375,23.708334,2025-10-13,
1.0182366,37.9375,23.708334,2025-10-14,
1.0182366,37.9375,23.708334,2025-10-15,
1.0182366,37.9375,23.708334,2025-10-16,
1.0182366,37.9375,23.708334,2025-10-17,
1.0182366,37.9375,23.708334,2025-10-18,
1.0182366,37.9375,23.708334,2025-10-19,
1.0182366,37.9375,23.708334,2025-10-20,
1.0182366,37.9375,23.708334,2025-10-21,
1.0182366,37.9375,23.708334,2025-10-22,
1.0182366,37.9375,23.708334,2025-10-23,
1.0182366,37.9375,23.708334,2025-10-24,
1.0182366,37.9375,23.708334,2025-10-25,
1.0182366,37.9375,23.708334,2025-10-26,
1.0182366,37.9375,23.708334,2025-10-27,
1.0182366,37.9375,23.708334,2025-10-28,
1.0182366,37.9375,23.708334,2025-10-29,
1.0182366,37.9375,23.708334,2025-10-30,
1.0182366,37.9375,23.708334,2025-10-31,
1.0182366,37.9375,23.708334,2025-11-01,
1.0182366,37.9375,23.708334,2025-11-02,
1.0182366,37.9375,23.708334,2025-11-03,
1.0182366,37.9375,23.708334,2025-11-04,
1.0182366,37.9375,23.708334,2025-11-05,
1.0182366,37.9375,23.708334,2025-11-06,
1.0182366,37.9375,23.708334,2025-11-07,
1.0182366,37.9375,23.75,2025-10-08,
1.0182366,37.9375,23.75,2025-10-09,
1.0182366,37.9375,23.75,2025-10-10,
1.0182366,37.9375,23.75,2025-10-11,
1.0182366,37.9375,23.75,2025-10-12,
1.0182366,37.9375,23.75,2025-10-13,
1.0182366,37.9375,23.75,2025-10-14,
1.0182366,37.9375,23.75,2025-10-15,
1.0182366,37.9375,23.75,2025-10-16,
1.0182366,37.9375,23.75,2025-10-17,
1.0182366,37.9375,23.75,2025-10-18,
1.0182366,37.9375,23.75,2025-10-19,
1.0182366,37.9375,23.75,2025-10-20,
1.0182366,37.9375,23.75,2025-10-21,
1.0182366,37.9375,23.75,2025-10-22,
1.0182366,37.9375,23.75,2025-10-23,
1.0182366,37.9375,23.75,2025-10-24,
1.0182366,37.9375,23.75,2025-10-25,
1.0182366,37.9375,23.75,2025-10-26,
1.0182366,37.9375,23.75,2025-10-27,
1.0182366,37.9375,23.75,2025-10-28,
1.0182366,37.9375,23.75,2025-10-29,
1.0182366,37.9375,23.75,2025-10-30,
1.0182366,37.9375,23.75,2025-10-31,
1.0182366,37.9375,23.75,2025-11-01,
1.0182366,37.9375,23.75,2025-11-02,
1.0182366,37.9375,23.75,2025-11-03,
1.0182366,37.9375,23.75,2025-11-04,
1.0182366,37.9375,23.75,2025-11-05,
1.0182366,37.9375,23.75,2025-11-06,
1.0182366,37.9375,23.75,2025-11-07,
1.0182366,37.9375,23.791666,2025-10-08,
1.0182366,37.9375,23.791666,2025-10-09,
1.0182366,37.9375,23.791666,2025-10-10,
1.0182366,37.9375,23.791666,2025-10-11,
1.0182366,37.9375,23.791666,2025-10-12,
1.0182366,37.9375,23.791666,2025-10-13,
1.0182366,37.9375,23.791666,2025-10-14,
1.0182366,37.9375,23.791666,2025-10-15,
1.0182366,37.9375,23.791666,2025-10-16,
1.0182366,37.9375,23.791666,2025-10-17,
1.0182366,37.9375,23.791666,2025-10-18,
1.0182366,37.9375,23.791666,2025-10-19,
1.0182366,37.9375,23.791666,2025-10-20,
1.0182366,37.9375,23.791666,2025-10-21,
1.0182366,37.9375,23.791666,2025-10-22,
1.0182366,37.9375,23.791666,2025-10-23,
1.0182366,37.9375,23.791666,2025-10-24,
1.0182366,37.9375,23.791666,2025-10-25,
1.0182366,37.9375,23.791666,2025-10-26,
1.0182366,37.9375,23.791666,2025-10-27,
1.0182366,37.9375,23.791666,2025-10-28,
1.0182366,37.9375,23.791666,2025-10-29,
1.0182366,37.9375,23.791666,2025-10-30,
1.0182366,37.9375,23.791666,2025-10-31,
1.0182366,37.9375,23.791666,2025-11-01,
1.0182366,37.9375,23.791666,2025-11-02,
1.0182366,37.9375,23.791666,2025-11-03,
1.0182366,37.9375,23.791666,2025-11-04,
1.0182366,37.9375,23.791666,2025-11-05,
1.0182366,37.9375,23.791666,2025-11-06,
1.0182366,37.9375,23.791666,2025-11-07,
1.0182366,37.979168,23.5,2025-10-08,
1.0182366,37.979168,23.5,2025-10-09,
1.0182366,37.979168,23.5,2025-10-10,
1.0182366,37.979168,23.5,2025-10-11,
1.0182366,37.979168,23.5,2025-10-12,
1.0182366,37.979168,23.5,2025-10-13,
1.0182366,37.979168,23.5,2025-10-14,
1.0182366,37.979168,23.5,2025-10-15,
1.0182366,37.979168,23.5,2025-10-16,
1.0182366,37.979168,23.5,2025-10-17,
1.0182366,37.979168,23.5,2025-10-18,
1.0182366,37.979168,23.5,2025-10-19,
1.0182366,37.979168,23.5,2025-10-20,
1.0182366,37.979168,23.5,2025-10-21,
1.0182366,37.979168,23.5,2025-10-22,
1.0182366,37.979168,23.5,2025-10-23,
1.0182366,37.979168,23.5,2025-10-24,
1.0182366,37.979168,23.5,2025-10-25,
1.0182366,37.979168,23.5,2025-10-26,
1.0182366,37.979168,23.5,2025-10-27,
1.0182366,37.979168,23.5,2025-10-28,
1.0182366,37.979168,23.5,2025-10-29,
1.0182366,37.979168,23.5,2025-10-30,
1.0182366,37.979168,23.5,2025-10-31,
1.0182366,37.979168,23.5,2025-11-01,
1.0182366,37.979168,23.5,2025-11-02,
1.0182366,37.979168,23.5,2025-11-03,
1.0182366,37.979168,23.5,2025-11-04,
1.0182366,37.979168,23.5,2025-11-05,
1.0182366,37.979168,23.5,2025-11-06,
1.0182366,37.979168,23.5,2025-11-07,
1.0182366,37.979168,23.541666,2025-10-08,
1.0182366,37.979168,23.541666,2025-10-09,
1.0182366,37.979168,23.541666,2025-10-10,
1.0182366,37.979168,23.541666,2025-10-11,
1.0182366,37.979168,23.541666,2025-10-12,
1.0182366,37.979168,23.541666,2025-10-13,
1.0182366,37.979168,23.541666,2025-10-14,
1.0182366,37.979168,23.541666,2025-10-15,
1.0182366,37.979168,23.541666,2025-10-16,
1.0182366,37.979168,23.541666,2025-10-17,
1.0182366,37.979168,23.541666,2025-10-18,
1.0182366,37.979168,23.541666,2025-10-19,
1.0182366,37.979168,23.541666,2025-10-20,
1.0182366,37.979168,23.541666,2025-10-21,
1.0182366,37.979168,23.541666,2025-10-22,
1.0182366,37.979168,23.541666,2025-10-23,
1.0182366,37.979168,23.541666,2025-10-24,
1.0182366,37.979168,23.541666,2025-10-25,
1.0182366,37.979168,23.541666,2025-10-26,
1.0182366,37.979168,23.541666,2025-10-27,
1.0182366,37.979168,23.541666,2025-10-28,
1.0182366,37.979168,23.541666,2025-10-29,
1.0182366,37.979168,23.541666,2025-10-30,
1.0182366,37.979168,23.541666,2025-10-31,
1.0182366,37.979168,23.541666,2025-11-01,
1.0182366,37.979168,23.541666,2025-11-02,
1.0182366,37.979168,23.541666,2025-11-03,
1.0182366,37.979168,23.541666,2025-11-04,
1.0182366,37.979168,23.541666,2025-11-05,
1.0182366,37.979168,23.541666,2025-11-06,
1.0182366,37.979168,23.541666,2025-11-07,
1.0182366,37.979168,23.583334,2025-10-08,
1.0182366,37.979168,23.583334,2025-10-09,
1.0182366,37.979168,23.583334,2025-10-10,
1.0182366,37.979168,23.583334,2025-10-11,
1.0182366,37.979168,23.583334,2025-10-12,
1.0182366,37.979168,23.583334,2025-10-13,
1.0182366,37.979168,23.583334,2025-10-14,
1.0182366,37.979168,23.583334,2025-10-15,
1.0182366,37.979168,23.583334,2025-10-16,
1.0182366,37.979168,23.583334,2025-10-17,
1.0182366,37.979168,23.583334,2025-10-18,
1.0182366,37.979168,23.583334,2025-10-19,
1.0182366,37.979168,23.583334,2025-10-20,
1.0182366,37.979168,23.583334,2025-10-21,
1.0182366,37.979168,23.583334,2025-10-22,
1.0182366,37.979168,23.583334,2025-10-23,
1.0182366,37.979168,23.583334,2025-10-24,
1.0182366,37.979168,23.583334,2025-10-25,
1.0182366,37.979168,23.583334,2025-10-26,
1.0182366,37.979168,23.583334,2025-10-27,
1.0182366,37.979168,23.583334,2025-10-28,
1.0182366,37.979168,23.583334,2025-10-29,
1.0182366,37.979168,23.583334,2025-10-30,
1.0182366,37.979168,23.583334,2025-10-31,
1.0182366,37.979168,23.583334,2025-11-01,
1.0182366,37.979168,23.583334,2025-11-02,
1.0182366,37.979168,23.583334,2025-11-03,
1.0182366,37.979168,23.583334,2025-11-04,
1.0182366,37.979168,23.583334,2025-11-05,
1.0182366,37.979168,23.583334,2025-11-06,
1.0182366,37.979168,23.583334,2025-11-07,
1.0182366,37.979168,23.625,2025-10-08,
1.0182366,37.979168,23.625,2025-10-09,
1.0182366,37.979168,23.625,2025-10-10,
1.0182366,37.979168,23.625,2025-10-11,
1.0182366,37.979168,23.625,2025-10-12,
1.0182366,37.979168,23.625,2025-10-13,
1.0182366,37.979168,23.625,2025-10-14,
1.0182366,37.979168,23.625,2025-10-15,
1.0182366,37.979168,23.625,2025-10-16,
1.0182366,37.979168,23.625,2025-10-17,
1.0182366,37.979168,23.625,2025-10-18,
1.0182366,37.979168,23.625,2025-10-19,
1.0182366,37.979168,23.625,2025-10-20,
1.0182366,37.979168,23.625,2025-10-21,
1.0182366,37.979168,23.625,2025-10-22,
1.0182366,37.979168,23.625,2025-10-23,
1.0182366,37.979168,23.625,2025-10-24,
1.0182366,37.979168,23.625,2025-10-25,
1.0182366,37.979168,23.625,2025-10-26,
1.0182366,37.979168,23.625,2025-10-27,
1.0182366,37.979168,23.625,2025-10-28,
1.0182366,37.979168,23.625,2025-10-29,
1.0182366,37.979168,23.625,2025-10-30,
1.0182366,37.979168,23.625,2025-10-31,
1.0182366,37.979168,23.625,2025-11-01,
1.0182366,37.979168,23.625,2025-11-02,
1.0182366,37.979168,23.625,2025-11-03,
1.0182366,37.979168,23.625,2025-11-04,
1.0182366,37.979168,23.625,2025-11-05,
1.0182366,37.979168,23.625,2025-11-06,
1.0182366,37.979168,23.625,2025-11-07,
1.0182366,37.979168,23.666666,2025-10-08,
1.0182366,37.979168,23.666666,2025-10-09,
1.0182366,37.979168,23.666666,2025-10-10,
1.0182366,37.979168,23.666666,2025-10-11,
1.0182366,37.979168,23.666666,2025-10-12,
1.0182366,37.979168,23.666666,2025-10-13,
1.0182366,37.979168,23.666666,2025-10-14,
1.0182366,37.979168,23.666666,2025-10-15,
1.0182366,37.979168,23.666666,2025-10-16,
1.0182366,37.979168,23.666666,2025-10-17,
1.0182366,37.979168,23.666666,2025-10-18,
1.0182366,37.979168,23.666666,2025-10-19,
1.0182366,37.979168,23.666666,2025-10-20,
1.0182366,37.979168,23.666666,2025-10-21,
1.0182366,37.979168,23.666666,2025-10-22,
1.0182366,37.979168,23.666666,2025-10-23,
1.0182366,37.979168,23.666666,2025-10-24,
1.0182366,37.979168,23.666666,2025-10-25,
1.0182366,37.979168,23.666666,2025-10-26,
1.0182366,37.979168,23.666666,2025-10-27,
1.0182366,37.979168,23.666666,2025-10-28,
1.0182366,37.979168,23.666666,2025-10-29,
1.0182366,37.979168,23.666666,2025-10-30,
1.0182366,37.979168,23.666666,2025-10-31,
1.0182366,37.979168,23.666666,2025-11-01,
1.0182366,37.979168,23.666666,2025-11-02,
1.0182366,37.979168,23.666666,2025-11-03,
1.0182366,37.979168,23.666666,2025-11-04,
1.0182366,37.979168,23.666666,2025-11-05,
1.0182366,37.979168,23.666666,2025-11-06,
1.0182366,37.979168,23.666666,2025-11-07,
1.0182366,37.979168,23.708334,2025-10-08,
1.0182366,37.979168,23.708334,2025-10-09,
1.0182366,37.979168,23.708334,2025-10-10,
1.0182366,37.979168,23.708334,2025-10-11,
1.0182366,37.979168,23.708334,2025-10-12,
1.0182366,37.979168,23.708334,2025-10-13,
1.0182366,37.979168,23.708334,2025-10-14,
1.0182366,37.979168,23.708334,2025-10-15,
1.0182366,37.979168,23.708334,2025-10-16,
1.0182366,37.979168,23.708334,2025-10-17,
1.0182366,37.979168,23.708334,2025-10-18,
1.0182366,37.979168,23.708334,2025-10-19,
1.0182366,37.979168,23.708334,2025-10-20,
1.0182366,37.979168,23.708334,2025-10-21,
1.0182366,37.979168,23.708334,2025-10-22,
1.0182366,37.979168,23.708334,2025-10-23,
1.0182366,37.979168,23.708334,2025-10-24,
1.0182366,37.979168,23.708334,2025-10-25,
1.0182366,37.979168,23.708334,2025-10-26,
1.0182366,37.979168,23.708334,2025-10-27,
1.0182366,37.979168,23.708334,2025-10-28,
1.0182366,37.979168,23.708334,2025-10-29,
1.0182366,37.979168,23.708334,2025-10-30,
1.0182366,37.979168,23.708334,2025-10-31,
1.0182366,37.979168,23.708334,2025-11-01,
1.0182366,37.979168,23.708334,2025-11-02,
1.0182366,37.979168,23.708334,2025-11-03,
1.0182366,37.979168,23.708334,2025-11-04,
1.0182366,37.979168,23.708334,2025-11-05,
1.0182366,37.979168,23.708334,2025-11-06,
1.0182366,37.979168,23.708334,2025-11-07,
1.0182366,37.979168,23.75,2025-10-08,
1.0182366,37.979168,23.75,2025-10-09,
1.0182366,37.979168,23.75,2025-10-10,
1.0182366,37.979168,23.75,2025-10-11,
1.0182366,37.979168,23.75,2025-10-12,
1.0182366,37.979168,23.75,2025-10-13,
1.0182366,37.979168,23.75,2025-10-14,
1.0182366,37.979168,23.75,2025-10-15,
1.0182366,37.979168,23.75,2025-10-16,
1.0182366,37.979168,23.75,2025-10-17,
1.0182366,37.979168,23.75,2025-10-18,
1.0182366,37.979168,23.75,2025-10-19,
1.0182366,37.979168,23.75,2025-10-20,
1.0182366,37.979168,23.75,2025-10-21,
1.0182366,37.979168,23.75,2025-10-22,
1.0182366,37.979168,23.75,2025-10-23,
1.0182366,37.979168,23.75,2025-10-24,
1.0182366,37.979168,23.75,2025-10-25,
1.0182366,37.979168,23.75,2025-10-26,
1.0182366,37.979168,23.75,2025-10-27,
1.0182366,37.979168,23.75,2025-10-28,
1.0182366,37.979168,23.75,2025-10-29,
1.0182366,37.979168,23.75,2025-10-30,
1.0182366,37.979168,23.75,2025-10-31,
1.0182366,37.979168,23.75,2025-11-01,
1.0182366,37.979168,23.75,2025-11-02,
1.0182366,37.979168,23.75,2025-11-03,
1.0182366,37.979168,23.75,2025-11-04,
1.0182366,37.979168,23.75,2025-11-05,
1.0182366,37.979168,23.75,2025-11-06,
1.0182366,37.979168,23.75,2025-11-07,
1.0182366,37.979168,23.791666,2025-10-08,
1.0182366,37.979168,23.791666,2025-10-09,
1.0182366,37.979168,23.791666,2025-10-10,
1.0182366,37.979168,23.791666,2025-10-11,
1.0182366,37.979168,23.791666,2025-10-12,
1.0182366,37.979168,23.791666,2025-10-13,
1.0182366,37.979168,23.791666,2025-10-14,
1.0182366,37.979168,23.791666,2025-10-15,
1.0182366,37.979168,23.791666,2025-10-16,
1.0182366,37.979168,23.791666,2025-10-17,
1.0182366,37.979168,23.791666,2025-10-18,
1.0182366,37.979168,23.791666,2025-10-19,
1.0182366,37.979168,23.791666,2025-10-20,
1.0182366,37.979168,23.791666,2025-10-21,
1.0182366,37.979168,23.791666,2025-10-22,
1.0182366,37.979168,23.791666,2025-10-23,
1.0182366,37.979168,23.791666,2025-10-24,
1.0182366,37.979168,23.791666,2025-10-25,
1.0182366,37.979168,23.791666,2025-10-26,
1.0182366,37.979168,23.791666,2025-10-27,
1.0182366,37.979168,23.791666,2025-10-28,
1.0182366,37.979168,23.791666,2025-10-29,
1.0182366,37.979168,23.791666,2025-10-30,
1.0182366,37.979168,23.791666,2025-10-31,
1.0182366,37.979168,23.791666,2025-11-01,
1.0182366,37.979168,23.791666,2025-11-02,
1.0182366,37.979168,23.791666,2025-11-03,
1.0182366,37.979168,23.791666,2025-11-04,
1.0182366,37.979168,23.791666,2025-11-05,
1.0182366,37.979168,23.791666,2025-11-06,
1.0182366,37.979168,23.791666,2025-11-07,
1.0182366,38.020832,23.5,2025-10-08,
1.0182366,38.020832,23.5,2025-10-09,
1.0182366,38.020832,23.5,2025-10-10,
1.0182366,38.020832,23.5,2025-10-11,
1.0182366,38.020832,23.5,2025-10-12,
1.0182366,38.020832,23.5,2025-10-13,
1.0182366,38.020832,23.5,2025-10-14,
1.0182366,38.020832,23.5,2025-10-15,
1.0182366,38.020832,23.5,2025-10-16,
1.0182366,38.020832,23.5,2025-10-17,
1.0182366,38.020832,23.5,2025-10-18,
1.0182366,38.020832,23.5,2025-10-19,
1.0182366,38.020832,23.5,2025-10-20,
1.0182366,38.020832,23.5,2025-10-21,
1.0182366,38.020832,23.5,2025-10-22,
1.0182366,38.020832,23.5,2025-10-23,
1.0182366,38.020832,23.5,2025-10-24,
1.0182366,38.020832,23.5,2025-10-25,
1.0182366,38.020832,23.5,2025-10-26,
1.0182366,38.020832,23.5,2025-10-27,
1.0182366,38.020832,23.5,2025-10-28,
1.0182366,38.020832,23.5,2025-10-29,
1.0182366,38.020832,23.5,2025-10-30,
1.0182366,38.020832,23.5,2025-10-31,
1.0182366,38.020832,23.5,2025-11-01,
1.0182366,38.020832,23.5,2025-11-02,
1.0182366,38.020832,23.5,2025-11-03,
1.0182366,38.020832,23.5,2025-11-04,
1.0182366,38.020832,23.5,2025-11-05,
1.0182366,38.020832,23.5,2025-11-06,
1.0182366,38.020832,23.5,2025-11-07,
1.0182366,38.020832,23.541666,2025-10-08,
1.0182366,38.020832,23.541666,2025-10-09,
1.0182366,38.020832,23.541666,2025-10-10,
1.0182366,38.020832,23.541666,2025-10-11,
1.0182366,38.020832,23.541666,2025-10-12,
1.0182366,38.020832,23.541666,2025-10-13,
1.0182366,38.020832,23.541666,2025-10-14,
1.0182366,38.020832,23.541666,2025-10-15,
1.0182366,38.020832,23.541666,2025-10-16,
1.0182366,38.020832,23.541666,2025-10-17,
1.0182366,38.020832,23.541666,2025-10-18,
1.0182366,38.020832,23.541666,2025-10-19,
1.0182366,38.020832,23.541666,2025-10-20,
1.0182366,38.020832,23.541666,2025-10-21,
1.0182366,38.020832,23.541666,2025-10-22,
1.0182366,38.020832,23.541666,2025-10-23,
1.0182366,38.020832,23.541666,2025-10-24,
1.0182366,38.020832,23.541666,2025-10-25,
1.0182366,38.020832,23.541666,2025-10-26,
1.0182366,38.020832,23.541666,2025-10-27,
1.0182366,38.020832,23.541666,2025-10-28,
1.0182366,38.020832,23.541666,2025-10-29,
1.0182366,38.020832,23.541666,2025-10-30,
1.0182366,38.020832,23.541666,2025-10-31,
1.0182366,38.020832,23.541666,2025-11-01,
1.0182366,38.020832,23.541666,2025-11-02,
1.0182366,38.020832,23.541666,2025-11-03,
1.0182366,38.020832,23.541666,2025-11-04,
1.0182366,38.020832,23.541666,2025-11-05,
1.0182366,38.020832,23.541666,2025-11-06,
1.0182366,38.020832,23.541666,2025-11-07,
1.0182366,38.020832,23.583334,2025-10-08,
1.0182366,38.020832,23.583334,2025-10-09,
1.0182366,38.020832,23.583334,2025-10-10,
1.0182366,38.020832,23.583334,2025-10-11,
1.0182366,38.020832,23.583334,2025-10-12,
1.0182366,38.020832,23.583334,2025-10-13,
1.0182366,38.020832,23.583334,2025-10-14,
1.0182366,38.020832,23.583334,2025-10-15,
1.0182366,38.020832,23.583334,2025-10-16,
1.0182366,38.020832,23.583334,2025-10-17,
1.0182366,38.020832,23.583334,2025-10-18,
1.0182366,38.020832,23.583334,2025-10-19,
1.0182366,38.020832,23.583334,2025-10-20,
1.0182366,38.020832,23.583334,2025-10-21,
1.0182366,38.020832,23.583334,2025-10-22,
1.0182366,38.020832,23.583334,2025-10-23,
1.0182366,38.020832,23.583334,2025-10-24,
1.0182366,38.020832,23.583334,2025-10-25,
1.0182366,38.020832,23.583334,2025-10-26,
1.0182366,38.020832,23.583334,2025-10-27,
1.0182366,38.020832,23.583334,2025-10-28,
1.0182366,38.020832,23.583334,2025-10-29,
1.0182366,38.020832,23.583334,2025-10-30,
1.0182366,38.020832,23.583334,2025-10-31,
1.0182366,38.020832,23.583334,2025-11-01,
1.0182366,38.020832,23.583334,2025-11-02,
1.0182366,38.020832,23.583334,2025-11-03,
1.0182366,38.020832,23.583334,2025-11-04,
1.0182366,38.020832,23.583334,2025-11-05,
1.0182366,38.020832,23.583334,2025-11-06,
1.0182366,38.020832,23.583334,2025-11-07,
1.0182366,38.020832,23.625,2025-10-08,
1.0182366,38.020832,23.625,2025-10-09,
1.0182366,38.020832,23.625,2025-10-10,
1.0182366,38.020832,23.625,2025-10-11,
1.0182366,38.020832,23.625,2025-10-12,
1.0182366,38.020832,23.625,2025-10-13,
1.0182366,38.020832,23.625,2025-10-14,
1.0182366,38.020832,23.625,2025-10-15,
1.0182366,38.020832,23.625,2025-10-16,
1.0182366,38.020832,23.625,2025-10-17,
1.0182366,38.020832,23.625,2025-10-18,
1.0182366,38.020832,23.625,2025-10-19,
1.0182366,38.020832,23.625,2025-10-20,
1.0182366,38.020832,23.625,2025-10-21,
1.0182366,38.020832,23.625,2025-10-22,
1.0182366,38.020832,23.625,2025-10-23,
1.0182366,38.020832,23.625,2025-10-24,
1.0182366,38.020832,23.625,2025-10-25,
1.0182366,38.020832,23.625,2025-10-26,
1.0182366,38.020832,23.625,2025-10-27,
1.0182366,38.020832,23.625,2025-10-28,
1.0182366,38.020832,23.625,2025-10-29,
1.0182366,38.020832,23.625,2025-10-30,
1.0182366,38.020832,23.625,2025-10-31,
1.0182366,38.020832,23.625,2025-11-01,
1.0182366,38.020832,23.625,2025-11-02,
1.0182366,38.020832,23.625,2025-11-03,
1.0182366,38.020832,23.625,2025-11-04,
1.0182366,38.020832,23.625,2025-11-05,
1.0182366,38.020832,23.625,2025-11-06,
1.0182366,38.020832,23.625,2025-11-07,
1.0182366,38.020832,23.666666,2025-10-08,
1.0182366,38.020832,23.666666,2025-10-09,
1.0182366,38.020832,23.666666,2025-10-10,
1.0182366,38.020832,23.666666,2025-10-11,
1.0182366,38.020832,23.666666,2025-10-12,
1.0182366,38.020832,23.666666,2025-10-13,
1.0182366,38.020832,23.666666,2025-10-14,
1.0182366,38.020832,23.666666,2025-10-15,
1.0182366,38.020832,23.666666,2025-10-16,
1.0182366,38.020832,23.666666,2025-10-17,
1.0182366,38.020832,23.666666,2025-10-18,
1.0182366,38.020832,23.666666,2025-10-19,
1.0182366,38.020832,23.666666,2025-10-20,
1.0182366,38.020832,23.666666,2025-10-21,
1.0182366,38.020832,23.666666,2025-10-22,
1.0182366,38.020832,23.666666,2025-10-23,
1.0182366,38.020832,23.666666,2025-10-24,
1.0182366,38.020832,23.666666,2025-10-25,
1.0182366,38.020832,23.666666,2025-10-26,
1.0182366,38.020832,23.666666,2025-10-27,
1.0182366,38.020832,23.666666,2025-10-28,
1.0182366,38.020832,23.666666,2025-10-29,
1.0182366,38.020832,23.666666,2025-10-30,
1.0182366,38.020832,23.666666,2025-10-31,
1.0182366,38.020832,23.666666,2025-11-01,
1.0182366,38.020832,23.666666,2025-11-02,
1.0182366,38.020832,23.666666,2025-11-03,
1.0182366,38.020832,23.666666,2025-11-04,
1.0182366,38.020832,23.666666,2025-11-05,
1.0182366,38.020832,23.666666,2025-11-06,
1.0182366,38.020832,23.666666,2025-11-07,
1.0182366,38.020832,23.708334,2025-10-08,
1.0182366,38.020832,23.708334,2025-10-09,
1.0182366,38.020832,23.708334,2025-10-10,
1.0182366,38.020832,23.708334,2025-10-11,
1.0182366,38.020832,23.708334,2025-10-12,
1.0182366,38.020832,23.708334,2025-10-13,
1.0182366,38.020832,23.708334,2025-10-14,
1.0182366,38.020832,23.708334,2025-10-15,
1.0182366,38.020832,23.708334,2025-10-16,
1.0182366,38.020832,23.708334,2025-10-17,
1.0182366,38.020832,23.708334,2025-10-18,
1.0182366,38.020832,23.708334,2025-10-19,
1.0182366,38.020832,23.708334,2025-10-20,
1.0182366,38.020832,23.708334,2025-10-21,
1.0182366,38.020832,23.708334,2025-10-22,
1.0182366,38.020832,23.708334,2025-10-23,
1.0182366,38.020832,23.708334,2025-10-24,
1.0182366,38.020832,23.708334,2025-10-25,
1.0182366,38.020832,23.708334,2025-10-26,
1.0182366,38.020832,23.708334,2025-10-27,
1.0182366,38.020832,23.708334,2025-10-28,
1.0182366,38.020832,23.708334,2025-10-29,
1.0182366,38.020832,23.708334,2025-10-30,
1.0182366,38.020832,23.708334,2025-10-31,
1.0182366,38.020832,23.708334,2025-11-01,
1.0182366,38.020832,23.708334,2025-11-02,
1.0182366,38.020832,23.708334,2025-11-03,
1.0182366,38.020832,23.708334,2025-11-04,
1.0182366,38.020832,23.708334,2025-11-05,
1.0182366,38.020832,23.708334,2025-11-06,
1.0182366,38.020832,23.708334,2025-11-07,
1.0182366,38.020832,23.75,2025-10-08,
1.0182366,38.020832,23.75,2025-10-09,
1.0182366,38.020832,23.75,2025-10-10,
1.0182366,38.020832,23.75,2025-10-11,
1.0182366,38.020832,23.75,2025-10-12,
1.0182366,38.020832,23.75,2025-10-13,
1.0182366,38.020832,23.75,2025-10-14,
1.0182366,38.020832,23.75,2025-10-15,
1.0182366,38.020832,23.75,2025-10-16,
1.0182366,38.020832,23.75,2025-10-17,
1.0182366,38.020832,23.75,2025-10-18,
1.0182366,38.020832,23.75,2025-10-19,
1.0182366,38.020832,23.75,2025-10-20,
1.0182366,38.020832,23.75,2025-10-21,
1.0182366,38.020832,23.75,2025-10-22,
1.0182366,38.020832,23.75,2025-10-23,
1.0182366,38.020832,23.75,2025-10-24,
1.0182366,38.020832,23.75,2025-10-25,
1.0182366,38.020832,23.75,2025-10-26,
1.0182366,38.020832,23.75,2025-10-27,
1.0182366,38.020832,23.75,2025-10-28,
1.0182366,38.020832,23.75,2025-10-29,
1.0182366,38.020832,23.75,2025-10-30,
1.0182366,38.020832,23.75,2025-10-31,
1.0182366,38.020832,23.75,2025-11-01,
1.0182366,38.020832,23.75,2025-11-02,
1.0182366,38.020832,23.75,2025-11-03,
1.0182366,38.020832,23.75,2025-11-04,
1.0182366,38.020832,23.75,2025-11-05,
1.0182366,38.020832,23.75,2025-11-06,
1.0182366,38.020832,23.75,2025-11-07,
1.0182366,38.020832,23.791666,2025-10-08,
1.0182366,38.020832,23.791666,2025-10-09,
1.0182366,38.020832,23.791666,2025-10-10,
1.0182366,38.020832,23.791666,2025-10-11,
1.0182366,38.020832,23.791666,2025-10-12,
1.0182366,38.020832,23.791666,2025-10-13,
1.0182366,38.020832,23.791666,2025-10-14,
1.0182366,38.020832,23.791666,2025-10-15,
1.0182366,38.020832,23.791666,2025-10-16,
1.0182366,38.020832,23.791666,2025-10-17,
1.0182366,38.020832,23.791666,2025-10-18,
1.0182366,38.020832,23.791666,2025-10-19,
1.0182366,38.020832,23.791666,2025-10-20,
1.0182366,38.020832,23.791666,2025-10-21,
1.0182366,38.020832,23.791666,2025-10-22,
1.0182366,38.020832,23.791666,2025-10-23,
1.0182366,38.020832,23.791666,2025-10-24,
1.0182366,38.020832,23.791666,2025-10-25,
1.0182366,38.020832,23.791666,2025-10-26,
1.0182366,38.020832,23.791666,2025-10-27,
1.0182366,38.020832,23.791666,2025-10-28,
1.0182366,38.020832,23.791666,2025-10-29,
1.0182366,38.020832,23.791666,2025-10-30,
1.0182366,38.020832,23.791666,2025-10-31,
1.0182366,38.020832,23.791666,2025-11-01,
1.0182366,38.020832,23.791666,2025-11-02,
1.0182366,38.020832,23.791666,2025-11-03,
1.0182366,38.020832,23.791666,2025-11-04,
1.0182366,38.020832,23.791666,2025-11-05,
1.0182366,38.020832,23.791666,2025-11-06,
1.0182366,38.020832,23.791666,2025-11-07,
1.0182366,38.0625,23.5,2025-10-08,
1.0182366,38.0625,23.5,2025-10-09,
1.0182366,38.0625,23.5,2025-10-10,
1.0182366,38.0625,23.5,2025-10-11,
1.0182366,38.0625,23.5,2025-10-12,
1.0182366,38.0625,23.5,2025-10-13,
1.0182366,38.0625,23.5,2025-10-14,
1.0182366,38.0625,23.5,2025-10-15,
1.0182366,38.0625,23.5,2025-10-16,
1.0182366,38.0625,23.5,2025-10-17,
1.0182366,38.0625,23.5,2025-10-18,
1.0182366,38.0625,23.5,2025-10-19,
1.0182366,38.0625,23.5,2025-10-20,
1.0182366,38.0625,23.5,2025-10-21,
1.0182366,38.0625,23.5,2025-10-22,
1.0182366,38.0625,23.5,2025-10-23,
1.0182366,38.0625,23.5,2025-10-24,
1.0182366,38.0625,23.5,2025-10-25,
1.0182366,38.0625,23.5,2025-10-26,
1.0182366,38.0625,23.5,2025-10-27,
1.0182366,38.0625,23.5,2025-10-28,
1.0182366,38.0625,23.5,2025-10-29,
1.0182366,38.0625,23.5,2025-10-30,
1.0182366,38.0625,23.5,2025-10-31,
1.0182366,38.0625,23.5,2025-11-01,
1.0182366,38.0625,23.5,2025-11-02,
1.0182366,38.0625,23.5,2025-11-03,
1.0182366,38.0625,23.5,2025-11-04,
1.0182366,38.0625,23.5,2025-11-05,
1.0182366,38.0625,23.5,2025-11-06,
1.0182366,38.0625,23.5,2025-11-07,
1.0182366,38.0625,23.541666,2025-10-08,
1.0182366,38.0625,23.541666,2025-10-09,
1.0182366,38.0625,23.541666,2025-10-10,
1.0182366,38.0625,23.541666,2025-10-11,
1.0182366,38.0625,23.541666,2025-10-12,
1.0182366,38.0625,23.541666,2025-10-13,
1.0182366,38.0625,23.541666,2025-10-14,
1.0182366,38.0625,23.541666,2025-10-15,
1.0182366,38.0625,23.541666,2025-10-16,
1.0182366,38.0625,23.541666,2025-10-17,
1.0182366,38.0625,23.541666,2025-10-18,
1.0182366,38.0625,23.541666,2025-10-19,
1.0182366,38.0625,23.541666,2025-10-20,
1.0182366,38.0625,23.541666,2025-10-21,
1.0182366,38.0625,23.541666,2025-10-22,
1.0182366,38.0625,23.541666,2025-10-23,
1.0182366,38.0625,23.541666,2025-10-24,
1.0182366,38.0625,23.541666,2025-10-25,
1.0182366,38.0625,23.541666,2025-10-26,
1.0182366,38.0625,23.541666,2025-10-27,
1.0182366,38.0625,23.541666,2025-10-28,
1.0182366,38.0625,23.541666,2025-10-29,
1.0182366,38.0625,23.541666,2025-10-30,
1.0182366,38.0625,23.541666,2025-10-31,
1.0182366,38.0625,23.541666,2025-11-01,
1.0182366,38.0625,23.541666,2025-11-02,
1.0182366,38.0625,23.541666,2025-11-03,
1.0182366,38.0625,23.541666,2025-11-04,
1.0182366,38.0625,23.541666,2025-11-05,
1.0182366,38.0625,23.541666,2025-11-06,
1.0182366,38.0625,23.541666,2025-11-07,
1.0182366,38.0625,23.583334,2025-10-08,
1.0182366,38.0625,23.583334,2025-10-09,
1.0182366,38.0625,23.583334,2025-10-10,
1.0182366,38.0625,23.583334,2025-10-11,
1.0182366,38.0625,23.583334,2025-10-12,
1.0182366,38.0625,23.583334,2025-10-13,
1.0182366,38.0625,23.583334,2025-10-14,
1.0182366,38.0625,23.583334,2025-10-15,
1.0182366,38.0625,23.583334,2025-10-16,
1.0182366,38.0625,23.583334,2025-10-17,
1.0182366,38.0625,23.583334,2025-10-18,
1.0182366,38.0625,23.583334,2025-10-19,
1.0182366,38.0625,23.583334,2025-10-20,
1.0182366,38.0625,23.583334,2025-10-21,
1.0182366,38.0625,23.583334,2025-10-22,
1.0182366,38.0625,23.583334,2025-10-23,
1.0182366,38.0625,23.583334,2025-10-24,
1.0182366,38.0625,23.583334,2025-10-25,
1.0182366,38.0625,23.583334,2025-10-26,
1.0182366,38.0625,23.583334,2025-10-27,
1.0182366,38.0625,23.583334,2025-10-28,
1.0182366,38.0625,23.583334,2025-10-29,
1.0182366,38.0625,23.583334,2025-10-30,
1.0182366,38.0625,23.583334,2025-10-31,
1.0182366,38.0625,23.583334,2025-11-01,
1.0182366,38.0625,23.583334,2025-11-02,
1.0182366,38.0625,23.583334,2025-11-03,
1.0182366,38.0625,23.583334,2025-11-04,
1.0182366,38.0625,23.583334,2025-11-05,
1.0182366,38.0625,23.583334,2025-11-06,
1.0182366,38.0625,23.583334,2025-11-07,
1.0182366,38.0625,23.625,2025-10-08,
1.0182366,38.0625,23.625,2025-10-09,
1.0182366,38.0625,23.625,2025-10-10,
1.0182366,38.0625,23.625,2025-10-11,
1.0182366,38.0625,23.625,2025-10-12,
1.0182366,38.0625,23.625,2025-10-13,
1.0182366,38.0625,23.625,2025-10-14,
1.0182366,38.0625,23.625,2025-10-15,
1.0182366,38.0625,23.625,2025-10-16,
1.0182366,38.0625,23.625,2025-10-17,
1.0182366,38.0625,23.625,2025-10-18,
1.0182366,38.0625,23.625,2025-10-19,
1.0182366,38.0625,23.625,2025-10-20,
1.0182366,38.0625,23.625,2025-10-21,
1.0182366,38.0625,23.625,2025-10-22,
1.0182366,38.0625,23.625,2025-10-23,
1.0182366,38.0625,23.625,2025-10-24,
1.0182366,38.0625,23.625,2025-10-25,
1.0182366,38.0625,23.625,2025-10-26,
1.0182366,38.0625,23.625,2025-10-27,
1.0182366,38.0625,23.625,2025-10-28,
1.0182366,38.0625,23.625,2025-10-29,
1.0182366,38.0625,23.625,2025-10-30,
1.0182366,38.0625,23.625,2025-10-31,
1.0182366,38.0625,23.625,2025-11-01,
1.0182366,38.0625,23.625,2025-11-02,
1.0182366,38.0625,23.625,2025-11-03,
1.0182366,38.0625,23.625,2025-11-04,
1.0182366,38.0625,23.625,2025-11-05,
1.0182366,38.0625,23.625,2025-11-06,
1.0182366,38.0625,23.625,2025-11-07,
1.0182366,38.0625,23.666666,2025-10-08,
1.0182366,38.0625,23.666666,2025-10-09,
1.0182366,38.0625,23.666666,2025-10-10,
1.0182366,38.0625,23.666666,2025-10-11,
1.0182366,38.0625,23.666666,2025-10-12,
1.0182366,38.0625,23.666666,2025-10-13,
1.0182366,38.0625,23.666666,2025-10-14,
1.0182366,38.0625,23.666666,2025-10-15,
1.0182366,38.0625,23.666666,2025-10-16,
1.0182366,38.0625,23.666666,2025-10-17,
1.0182366,38.0625,23.666666,2025-10-18,
1.0182366,38.0625,23.666666,2025-10-19,
1.0182366,38.0625,23.666666,2025-10-20,
1.0182366,38.0625,23.666666,2025-10-21,
1.0182366,38.0625,23.666666,2025-10-22,
1.0182366,38.0625,23.666666,2025-10-23,
1.0182366,38.0625,23.666666,2025-10-24,
1.0182366,38.0625,23.666666,2025-10-25,
1.0182366,38.0625,23.666666,2025-10-26,
1.0182366,38.0625,23.666666,2025-10-27,
1.0182366,38.0625,23.666666,2025-10-28,
1.0182366,38.0625,23.666666,2025-10-29,
1.0182366,38.0625,23.666666,2025-10-30,
1.0182366,38.0625,23.666666,2025-10-31,
1.0182366,38.0625,23.666666,2025-11-01,
1.0182366,38.0625,23.666666,2025-11-02,
1.0182366,38.0625,23.666666,2025-11-03,
1.0182366,38.0625,23.666666,2025-11-04,
1.0182366,38.0625,23.666666,2025-11-05,
1.0182366,38.0625,23.666666,2025-11-06,
1.0182366,38.0625,23.666666,2025-11-07,
1.0182366,38.0625,23.708334,2025-10-08,
1.0182366,38.0625,23.708334,2025-10-09,
1.0182366,38.0625,23.708334,2025-10-10,
1.0182366,38.0625,23.708334,2025-10-11,
1.0182366,38.0625,23.708334,2025-10-12,
1.0182366,38.0625,23.708334,2025-10-13,
1.0182366,38.0625,23.708334,2025-10-14,
1.0182366,38.0625,23.708334,2025-10-15,
1.0182366,38.0625,23.708334,2025-10-16,
1.0182366,38.0625,23.708334,2025-10-17,
1.0182366,38.0625,23.708334,2025-10-18,
1.0182366,38.0625,23.708334,2025-10-19,
1.0182366,38.0625,23.708334,2025-10-20,
1.0182366,38.0625,23.708334,2025-10-21,
1.0182366,38.0625,23.708334,2025-10-22,
1.0182366,38.0625,23.708334,2025-10-23,
1.0182366,38.0625,23.708334,2025-10-24,
1.0182366,38.0625,23.708334,2025-10-25,
1.0182366,38.0625,23.708334,2025-10-26,
1.0182366,38.0625,23.708334,2025-10-27,
1.0182366,38.0625,23.708334,2025-10-28,
1.0182366,38.0625,23.708334,2025-10-29,
1.0182366,38.0625,23.708334,2025-10-30,
1.0182366,38.0625,23.708334,2025-10-31,
1.0182366,38.0625,23.708334,2025-11-01,
1.0182366,38.0625,23.708334,2025-11-02,
1.0182366,38.0625,23.708334,2025-11-03,
1.0182366,38.0625,23.708334,2025-11-04,
1.0182366,38.0625,23.708334,2025-11-05,
1.0182366,38.0625,23.708334,2025-11-06,
1.0182366,38.0625,23.708334,2025-11-07,
1.0182366,38.0625,23.75,2025-10-08,
1.0182366,38.0625,23.75,2025-10-09,
1.0182366,38.0625,23.75,2025-10-10,
1.0182366,38.0625,23.75,2025-10-11,
1.0182366,38.0625,23.75,2025-10-12,
1.0182366,38.0625,23.75,2025-10-13,
1.0182366,38.0625,23.75,2025-10-14,
1.0182366,38.0625,23.75,2025-10-15,
1.0182366,38.0625,23.75,2025-10-16,
1.0182366,38.0625,23.75,2025-10-17,
1.0182366,38.0625,23.75,2025-10-18,
1.0182366,38.0625,23.75,2025-10-19,
1.0182366,38.0625,23.75,2025-10-20,
1.0182366,38.0625,23.75,2025-10-21,
1.0182366,38.0625,23.75,2025-10-22,
1.0182366,38.0625,23.75,2025-10-23,
1.0182366,38.0625,23.75,2025-10-24,
1.0182366,38.0625,23.75,2025-10-25,
1.0182366,38.0625,23.75,2025-10-26,
1.0182366,38.0625,23.75,2025-10-27,
1.0182366,38.0625,23.75,2025-10-28,
1.0182366,38.0625,23.75,2025-10-29,
1.0182366,38.0625,23.75,2025-10-30,
1.0182366,38.0625,23.75,2025-10-31,
1.0182366,38.0625,23.75,2025-11-01,
1.0182366,38.0625,23.75,2025-11-02,
1.0182366,38.0625,23.75,2025-11-03,
1.0182366,38.0625,23.75,2025-11-04,
1.0182366,38.0625,23.75,2025-11-05,
1.0182366,38.0625,23.75,2025-11-06,
1.0182366,38.0625,23.75,2025-11-07,
1.0182366,38.0625,23.791666,2025-10-08,
1.0182366,38.0625,23.791666,2025-10-09,
1.0182366,38.0625,23.791666,2025-10-10,
1.0182366,38.0625,23.791666,2025-10-11,
1.0182366,38.0625,23.791666,2025-10-12,
1.0182366,38.0625,23.791666,2025-10-13,
1.0182366,38.0625,23.791666,2025-10-14,
1.0182366,38.0625,23.791666,2025-10-15,
1.0182366,38.0625,23.791666,2025-10-16,
1.0182366,38.0625,23.791666,2025-10-17,
1.0182366,38.0625,23.791666,2025-10-18,
1.0182366,38.0625,23.791666,2025-10-19,
1.0182366,38.0625,23.791666,2025-10-20,
1.0182366,38.0625,23.791666,2025-10-21,
1.0182366,38.0625,23.791666,2025-10-22,
1.0182366,38.0625,23.791666,2025-10-23,
1.0182366,38.0625,23.791666,2025-10-24,
1.0182366,38.0625,23.791666,2025-10-25,
1.0182366,38.0625,23.791666,2025-10-26,
1.0182366,38.0625,23.791666,2025-10-27,
1.0182366,38.0625,23.791666,2025-10-28,
1.0182366,38.0625,23.791666,2025-10-29,
1.0182366,38.0625,23.791666,2025-10-30,
1.0182366,38.0625,23.791666,2025-10-31,
1.0182366,38.0625,23.791666,2025-11-01,
1.0182366,38.0625,23.791666,2025-11-02,
1.0182366,38.0625,23.791666,2025-11-03,
1.0182366,38.0625,23.791666,2025-11-04,
1.0182366,38.0625,23.791666,2025-11-05,
1.0182366,38.0625,23.791666,2025-11-06,
1.0182366,38.0625,23.791666,2025-11-07,
3.1657474,37.9375,23.5,2025-10-08,
3.1657474,37.9375,23.5,2025-10-09,
3.1657474,37.9375,23.5,2025-10-10,
3.1657474,37.9375,23.5,2025-10-11,
3.1657474,37.9375,23.5,2025-10-12,
3.1657474,37.9375,23.5,2025-10-13,
3.1657474,37.9375,23.5,2025-10-14,
3.1657474,37.9375,23.5,2025-10-15,
3.1657474,37.9375,23.5,2025-10-16,
3.1657474,37.9375,23.5,2025-10-17,
3.1657474,37.9375,23.5,2025-10-18,
3.1657474,37.9375,23.5,2025-10-19,
3.1657474,37.9375,23.5,2025-10-20,
3.1657474,37.9375,23.5,2025-10-21,
3.1657474,37.9375,23.5,2025-10-22,
3.1657474,37.9375,23.5,2025-10-23,
3.1657474,37.9375,23.5,2025-10-24,
3.1657474,37.9375,23.5,2025-10-25,
3.1657474,37.9375,23.5,2025-10-26,
3.1657474,37.9375,23.5,2025-10-27,
3.1657474,37.9375,23.5,2025-10-28,
3.1657474,37.9375,23.5,2025-10-29,
3.1657474,37.9375,23.5,2025-10-30,
3.1657474,37.9375,23.5,2025-10-31,
3.1657474,37.9375,23.5,2025-11-01,
3.1657474,37.9375,23.5,2025-11-02,
3.1657474,37.9375,23.5,2025-11-03,
3.1657474,37.9375,23.5,2025-11-04,
3.1657474,37.9375,23.5,2025-11-05,
3.1657474,37.9375,23.5,2025-11-06,
3.1657474,37.9375,23.5,2025-11-07,
3.1657474,37.9375,23.541666,2025-10-08,
3.1657474,37.9375,23.541666,2025-10-09,
3.1657474,37.9375,23.541666,2025-10-10,
3.1657474,37.9375,23.541666,2025-10-11,
3.1657474,37.9375,23.541666,2025-10-12,
3.1657474,37.9375,23.541666,2025-10-13,
3.1657474,37.9375,23.541666,2025-10-14,
3.1657474,37.9375,23.541666,2025-10-15,
3.1657474,37.9375,23.541666,2025-10-16,
3.1657474,37.9375,23.541666,2025-10-17,
3.1657474,37.9375,23.541666,2025-10-18,
3.1657474,37.9375,23.541666,2025-10-19,
3.1657474,37.9375,23.541666,2025-10-20,
3.1657474,37.9375,23.541666,2025-10-21,
3.1657474,37.9375,23.541666,2025-10-22,
3.1657474,37.9375,23.541666,2025-10-23,
3.1657474,37.9375,23.541666,2025-10-24,
3.1657474,37.9375,23.541666,2025-10-25,
3.1657474,37.9375,23.541666,2025-10-26,
3.1657474,37.9375,23.541666,2025-10-27,
3.1657474,37.9375,23.541666,2025-10-28,
3.1657474,37.9375,23.541666,2025-10-29,
3.1657474,37.9375,23.541666,2025-10-30,
3.1657474,37.9375,23.541666,2025-10-31,
3.1657474,37.9375,23.541666,2025-11-01,
3.1657474,37.9375,23.541666,2025-11-02,
3.1657474,37.9375,23.541666,2025-11-03,
3.1657474,37.9375,23.541666,2025-11-04,
3.1657474,37.9375,23.541666,2025-11-05,
3.1657474,37.9375,23.541666,2025-11-06,
3.1657474,37.9375,23.541666,2025-11-07,
3.1657474,37.9375,23.583334,2025-10-08,
3.1657474,37.9375,23.583334,2025-10-09,
3.1657474,37.9375,23.583334,2025-10-10,
3.1657474,37.9375,23.583334,2025-10-11,
3.1657474,37.9375,23.583334,2025-10-12,
3.1657474,37.9375,23.583334,2025-10-13,
3.1657474,37.9375,23.583334,2025-10-14,
3.1657474,37.9375,23.583334,2025-10-15,
3.1657474,37.9375,23.583334,2025-10-16,
3.1657474,37.9375,23.583334,2025-10-17,
3.1657474,37.9375,23.583334,2025-10-18,
3.1657474,37.9375,23.583334,2025-10-19,
3.1657474,37.9375,23.583334,2025-10-20,
3.1657474,37.9375,23.583334,2025-10-21,
3.1657474,37.9375,23.583334,2025-10-22,
3.1657474,37.9375,23.583334,2025-10-23,
3.1657474,37.9375,23.583334,2025-10-24,
3.1657474,37.9375,23.583334,2025-10-25,
3.1657474,37.9375,23.583334,2025-10-26,
3.1657474,37.9375,23.583334,2025-10-27,
3.1657474,37.9375,23.583334,2025-10-28,
3.1657474,37.9375,23.583334,2025-10-29,
3.1657474,37.9375,23.583334,2025-10-30,
3.1657474,37.9375,23.583334,2025-10-31,
3.1657474,37.9375,23.583334,2025-11-01,
3.1657474,37.9375,23.583334,2025-11-02,
3.1657474,37.9375,23.583334,2025-11-03,
3.1657474,37.9375,23.583334,2025-11-04,
3.1657474,37.9375,23.583334,2025-11-05,
3.1657474,37.9375,23.583334,2025-11-06,
3.1657474,37.9375,23.583334,2025-11-07,
3.1657474,37.9375,23.625,2025-10-08,
3.1657474,37.9375,23.625,2025-10-09,
3.1657474,37.9375,23.625,2025-10-10,
3.1657474,37.9375,23.625,2025-10-11,
3.1657474,37.9375,23.625,2025-10-12,
3.1657474,37.9375,23.625,2025-10-13,
3.1657474,37.9375,23.625,2025-10-14,
3.1657474,37.9375,23.625,2025-10-15,
3.1657474,37.9375,23.625,2025-10-16,
3.1657474,37.9375,23.625,2025-10-17,
3.1657474,37.9375,23.625,2025-10-18,
3.1657474,37.9375,23.625,2025-10-19,
3.1657474,37.9375,23.625,2025-10-20,
3.1657474,37.9375,23.625,2025-10-21,
3.1657474,37.9375,23.625,2025-10-22,
3.1657474,37.9375,23.625,2025-10-23,
3.1657474,37.9375,23.625,2025-10-24,
3.1657474,37.9375,23.625,2025-10-25,
3.1657474,37.9375,23.625,2025-10-26,
3.1657474,37.9375,23.625,2025-10-27,
3.1657474,37.9375,23.625,2025-10-28,
3.1657474,37.9375,23.625,2025-10-29,
3.1657474,37.9375,23.625,2025-10-30,
3.1657474,37.9375,23.625,2025-10-31,
3.1657474,37.9375,23.625,2025-11-01,
3.1657474,37.9375,23.625,2025-11-02,
3.1657474,37.9375,23.625,2025-11-03,
3.1657474,37.9375,23.625,2025-11-04,
3.1657474,37.9375,23.625,2025-11-05,
3.1657474,37.9375,23.625,2025-11-06,
3.1657474,37.9375,23.625,2025-11-07,
3.1657474,37.9375,23.666666,2025-10-08,
3.1657474,37.9375,23.666666,2025-10-09,
3.1657474,37.9375,23.666666,2025-10-10,
3.1657474,37.9375,23.666666,2025-10-11,
3.1657474,37.9375,23.666666,2025-10-12,
3.1657474,37.9375,23.666666,2025-10-13,
3.1657474,37.9375,23.666666,2025-10-14,
3.1657474,37.9375,23.666666,2025-10-15,
3.1657474,37.9375,23.666666,2025-10-16,
3.1657474,37.9375,23.666666,2025-10-17,
3.1657474,37.9375,23.666666,2025-10-18,
3.1657474,37.9375,23.666666,2025-10-19,
3.1657474,37.9375,23.666666,2025-10-20,
3.1657474,37.9375,23.666666,2025-10-21,
3.1657474,37.9375,23.666666,2025-10-22,
3.1657474,37.9375,23.666666,2025-10-23,
3.1657474,37.9375,23.666666,2025-10-24,
3.1657474,37.9375,23.666666,2025-10-25,
3.1657474,37.9375,23.666666,2025-10-26,
3.1657474,37.9375,23.666666,2025-10-27,
3.1657474,37.9375,23.666666,2025-10-28,
3.1657474,37.9375,23.666666,2025-10-29,
3.1657474,37.9375,23.666666,2025-10-30,
3.1657474,37.9375,23.666666,2025-10-31,
3.1657474,37.9375,23.666666,2025-11-01,
3.1657474,37.9375,23.666666,2025-11-02,
3.1657474,37.9375,23.666666,2025-11-03,
3.1657474,37.9375,23.666666,2025-11-04,
3.1657474,37.9375,23.666666,2025-11-05,
3.1657474,37.9375,23.666666,2025-11-06,
3.1657474,37.9375,23.666666,2025-11-07,
3.1657474,37.9375,23.708334,2025-10-08,
3.1657474,37.9375,23.708334,2025-10-09,
3.1657474,37.9375,23.708334,2025-10-10,
3.1657474,37.9375,23.708334,2025-10-11,
3.1657474,37.9375,23.708334,2025-10-12,
3.1657474,37.9375,23.708334,2025-10-13,
3.1657474,37.9375,23.708334,2025-10-14,
3.1657474,37.9375,23.708334,2025-10-15,
3.1657474,37.9375,23.708334,2025-10-16,
3.1657474,37.9375,23.708334,2025-10-17,
3.1657474,37.9375,23.708334,2025-10-18,
3.1657474,37.9375,23.708334,2025-10-19,
3.1657474,37.9375,23.708334,2025-10-20,
3.1657474,37.9375,23.708334,2025-10-21,
3.1657474,37.9375,23.708334,2025-10-22,
3.1657474,37.9375,23.708334,2025-10-23,
3.1657474,37.9375,23.708334,2025-10-24,
3.1657474,37.9375,23.708334,2025-10-25,
3.1657474,37.9375,23.708334,2025-10-26,
3.1657474,37.9375,23.708334,2025-10-27,
3.1657474,37.9375,23.708334,2025-10-28,
3.1657474,37.9375,23.708334,2025-10-29,
3.1657474,37.9375,23.708334,2025-10-30,
3.1657474,37.9375,23.708334,2025-10-31,
3.1657474,37.9375,23.708334,2025-11-01,
3.1657474,37.9375,23.708334,2025-11-02,
3.1657474,37.9375,23.708334,2025-11-03,
3.1657474,37.9375,23.708334,2025-11-04,
3.1657474,37.9375,23.708334,2025-11-05,
3.1657474,37.9375,23.708334,2025-11-06,
3.1657474,37.9375,23.708334,2025-11-07,
3.1657474,37.9375,23.75,2025-10-08,
3.1657474,37.9375,23.75,2025-10-09,
3.1657474,37.9375,23.75,2025-10-10,
3.1657474,37.9375,23.75,2025-10-11,
3.1657474,37.9375,23.75,2025-10-12,
3.1657474,37.9375,23.75,2025-10-13,
3.1657474,37.9375,23.75,2025-10-14,
3.1657474,37.9375,23.75,2025-10-15,
3.1657474,37.9375,23.75,2025-10-16,
3.1657474,37.9375,23.75,2025-10-17,
3.1657474,37.9375,23.75,2025-10-18,
3.1657474,37.9375,23.75,2025-10-19,
3.1657474,37.9375,23.75,2025-10-20,
3.1657474,37.9375,23.75,2025-10-21,
3.1657474,37.9375,23.75,2025-10-22,
3.1657474,37.9375,23.75,2025-10-23,
3.1657474,37.9375,23.75,2025-10-24,
3.1657474,37.9375,23.75,2025-10-25,
3.1657474,37.9375,23.75,2025-10-26,
3.1657474,37.9375,23.75,2025-10-27,
3.1657474,37.9375,23.75,2025-10-28,
3.1657474,37.9375,23.75,2025-10-29,
3.1657474,37.9375,23.75,2025-10-30,
3.1657474,37.9375,23.75,2025-10-31,
3.1657474,37.9375,23.75,2025-11-01,
3.1657474,37.9375,23.75,2025-11-02,
3.1657474,37.9375,23.75,2025-11-03,
3.1657474,37.9375,23.75,2025-11-04,
3.1657474,37.9375,23.75,2025-11-05,
3.1657474,37.9375,23.75,2025-11-06,
3.1657474,37.9375,23.75,2025-11-07,
3.1657474,37.9375,23.791666,2025-10-08,
3.1657474,37.9375,23.791666,2025-10-09,
3.1657474,37.9375,23.791666,2025-10-10,
3.1657474,37.9375,23.791666,2025-10-11,
3.1657474,37.9375,23.791666,2025-10-12,
3.1657474,37.9375,23.791666,2025-10-13,
3.1657474,37.9375,23.791666,2025-10-14,
3.1657474,37.9375,23.791666,2025-10-15,
3.1657474,37.9375,23.791666,2025-10-16,
3.1657474,37.9375,23.791666,2025-10-17,
3.1657474,37.9375,23.791666,2025-10-18,
3.1657474,37.9375,23.791666,2025-10-19,
3.1657474,37.9375,23.791666,2025-10-20,
3.1657474,37.9375,23.791666,2025-10-21,
3.1657474,37.9375,23.791666,2025-10-22,
3.1657474,37.9375,23.791666,2025-10-23,
3.1657474,37.9375,23.791666,2025-10-24,
3.1657474,37.9375,23.791666,2025-10-25,
3.1657474,37.9375,23.791666,2025-10-26,
3.1657474,37.9375,23.791666,2025-10-27,
3.1657474,37.9375,23.791666,2025-10-28,
3.1657474,37.9375,23.791666,2025-10-29,
3.1657474,37.9375,23.791666,2025-10-30,
3.1657474,37.9375,23.791666,2025-10-31,
3.1657474,37.9375,23.791666,2025-11-01,
3.1657474,37.9375,23.791666,2025-11-02,
3.1657474,37.9375,23.791666,2025-11-03,
3.1657474,37.9375,23.791666,2025-11-04,
3.1657474,37.9375,23.791666,2025-11-05,
3.1657474,37.9375,23.791666,2025-11-06,
3.1657474,37.9375,23.791666,2025-11-07,
3.1657474,37.979168,23.5,2025-10-08,
3.1657474,37.979168,23.5,2025-10-09,
3.1657474,37.979168,23.5,2025-10-10,
3.1657474,37.979168,23.5,2025-10-11,
3.1657474,37.979168,23.5,2025-10-12,
3.1657474,37.979168,23.5,2025-10-13,
3.1657474,37.979168,23.5,2025-10-14,
3.1657474,37.979168,23.5,2025-10-15,
3.1657474,37.979168,23.5,2025-10-16,
3.1657474,37.979168,23.5,2025-10-17,
3.1657474,37.979168,23.5,2025-10-18,
3.1657474,37.979168,23.5,2025-10-19,
3.1657474,37.979168,23.5,2025-10-20,
3.1657474,37.979168,23.5,2025-10-21,
3.1657474,37.979168,23.5,2025-10-22,
3.1657474,37.979168,23.5,2025-10-23,
3.1657474,37.979168,23.5,2025-10-24,
3.1657474,37.979168,23.5,2025-10-25,
3.1657474,37.979168,23.5,2025-10-26,
3.1657474,37.979168,23.5,2025-10-27,
3.1657474,37.979168,23.5,2025-10-28,
3.1657474,37.979168,23.5,2025-10-29,
3.1657474,37.979168,23.5,2025-10-30,
3.1657474,37.979168,23.5,2025-10-31,
3.1657474,37.979168,23.5,2025-11-01,
3.1657474,37.979168,23.5,2025-11-02,
3.1657474,37.979168,23.5,2025-11-03,
3.1657474,37.979168,23.5,2025-11-04,
3.1657474,37.979168,23.5,2025-11-05,
3.1657474,37.979168,23.5,2025-11-06,
3.1657474,37.979168,23.5,2025-11-07,
3.1657474,37.979168,23.541666,2025-10-08,
3.1657474,37.979168,23.541666,2025-10-09,
3.1657474,37.979168,23.541666,2025-10-10,
3.1657474,37.979168,23.541666,2025-10-11,
3.1657474,37.979168,23.541666,2025-10-12,
3.1657474,37.979168,23.541666,2025-10-13,
3.1657474,37.979168,23.541666,2025-10-14,
3.1657474,37.979168,23.541666,2025-10-15,
3.1657474,37.979168,23.541666,2025-10-16,
3.1657474,37.979168,23.541666,2025-10-17,
3.1657474,37.979168,23.541666,2025-10-18,
3.1657474,37.979168,23.541666,2025-10-19,
3.1657474,37.979168,23.541666,2025-10-20,
3.1657474,37.979168,23.541666,2025-10-21,
3.1657474,37.979168,23.541666,2025-10-22,
3.1657474,37.979168,23.541666,2025-10-23,
3.1657474,37.979168,23.541666,2025-10-24,
3.1657474,37.979168,23.541666,2025-10-25,
3.1657474,37.979168,23.541666,2025-10-26,
3.1657474,37.979168,23.541666,2025-10-27,
3.1657474,37.979168,23.541666,2025-10-28,
3.1657474,37.979168,23.541666,2025-10-29,
3.1657474,37.979168,23.541666,2025-10-30,
3.1657474,37.979168,23.541666,2025-10-31,
3.1657474,37.979168,23.541666,2025-11-01,
3.1657474,37.979168,23.541666,2025-11-02,
3.1657474,37.979168,23.541666,2025-11-03,
3.1657474,37.979168,23.541666,2025-11-04,
3.1657474,37.979168,23.541666,2025-11-05,
3.1657474,37.979168,23.541666,2025-11-06,
3.1657474,37.979168,23.541666,2025-11-07,
3.1657474,37.979168,23.583334,2025-10-08,
3.1657474,37.979168,23.583334,2025-10-09,
3.1657474,37.979168,23.583334,2025-10-10,
3.1657474,37.979168,23.583334,2025-10-11,
3.1657474,37.979168,23.583334,2025-10-12,
3.1657474,37.979168,23.583334,2025-10-13,
3.1657474,37.979168,23.583334,2025-10-14,
3.1657474,37.979168,23.583334,2025-10-15,
3.1657474,37.979168,23.583334,2025-10-16,
3.1657474,37.979168,23.583334,2025-10-17,
3.1657474,37.979168,23.583334,2025-10-18,
3.1657474,37.979168,23.583334,2025-10-19,
3.1657474,37.979168,23.583334,2025-10-20,
3.1657474,37.979168,23.583334,2025-10-21,
3.1657474,37.979168,23.583334,2025-10-22,
3.1657474,37.979168,23.583334,2025-10-23,
3.1657474,37.979168,23.583334,2025-10-24,
3.1657474,37.979168,23.583334,2025-10-25,
3.1657474,37.979168,23.583334,2025-10-26,
3.1657474,37.979168,23.583334,2025-10-27,
3.1657474,37.979168,23.583334,2025-10-28,
3.1657474,37.979168,23.583334,2025-10-29,
3.1657474,37.979168,23.583334,2025-10-30,
3.1657474,37.979168,23.583334,2025-10-31,
3.1657474,37.979168,23.583334,2025-11-01,
3.1657474,37.979168,23.583334,2025-11-02,
3.1657474,37.979168,23.583334,2025-11-03,
3.1657474,37.979168,23.583334,2025-11-04,
3.1657474,37.979168,23.583334,2025-11-05,
3.1657474,37.979168,23.583334,2025-11-06,
3.1657474,37.979168,23.583334,2025-11-07,
3.1657474,37.979168,23.625,2025-10-08,
3.1657474,37.979168,23.625,2025-10-09,
3.1657474,37.979168,23.625,2025-10-10,
3.1657474,37.979168,23.625,2025-10-11,
3.1657474,37.979168,23.625,2025-10-12,
3.1657474,37.979168,23.625,2025-10-13,
3.1657474,37.979168,23.625,2025-10-14,
3.1657474,37.979168,23.625,2025-10-15,
3.1657474,37.979168,23.625,2025-10-16,
3.1657474,37.979168,23.625,2025-10-17,
3.1657474,37.979168,23.625,2025-10-18,
3.1657474,37.979168,23.625,2025-10-19,
3.1657474,37.979168,23.625,2025-10-20,
3.1657474,37.979168,23.625,2025-10-21,
3.1657474,37.979168,23.625,2025-10-22,
3.1657474,37.979168,23.625,2025-10-23,
3.1657474,37.979168,23.625,2025-10-24,
3.1657474,37.979168,23.625,2025-10-25,
3.1657474,37.979168,23.625,2025-10-26,
3.1657474,37.979168,23.625,2025-10-27,
3.1657474,37.979168,23.625,2025-10-28,
3.1657474,37.979168,23.625,2025-10-29,
3.1657474,37.979168,23.625,2025-10-30,
3.1657474,37.979168,23.625,2025-10-31,
3.1657474,37.979168,23.625,2025-11-01,
3.1657474,37.979168,23.625,2025-11-02,
3.1657474,37.979168,23.625,2025-11-03,
3.1657474,37.979168,23.625,2025-11-04,
3.1657474,37.979168,23.625,2025-11-05,
3.1657474,37.979168,23.625,2025-11-06,
3.1657474,37.979168,23.625,2025-11-07,
3.1657474,37.979168,23.666666,2025-10-08,
3.1657474,37.979168,23.666666,2025-10-09,
3.1657474,37.979168,23.666666,2025-10-10,
3.1657474,37.979168,23.666666,2025-10-11,
3.1657474,37.979168,23.666666,2025-10-12,
3.1657474,37.979168,23.666666,2025-10-13,
3.1657474,37.979168,23.666666,2025-10-14,
3.1657474,37.979168,23.666666,2025-10-15,
3.1657474,37.979168,23.666666,2025-10-16,
3.1657474,37.979168,23.666666,2025-10-17,
3.1657474,37.979168,23.666666,2025-10-18,
3.1657474,37.979168,23.666666,2025-10-19,
3.1657474,37.979168,23.666666,2025-10-20,
3.1657474,37.979168,23.666666,2025-10-21,
3.1657474,37.979168,23.666666,2025-10-22,
3.1657474,37.979168,23.666666,2025-10-23,
3.1657474,37.979168,23.666666,2025-10-24,
3.1657474,37.979168,23.666666,2025-10-25,
3.1657474,37.979168,23.666666,2025-10-26,
3.1657474,37.979168,23.666666,2025-10-27,
3.1657474,37.979168,23.666666,2025-10-28,
3.1657474,37.979168,23.666666,2025-10-29,
3.1657474,37.979168,23.666666,2025-10-30,
3.1657474,37.979168,23.666666,2025-10-31,
3.1657474,37.979168,23.666666,2025-11-01,
3.1657474,37.979168,23.666666,2025-11-02,
3.1657474,37.979168,23.666666,2025-11-03,
3.1657474,37.979168,23.666666,2025-11-04,
3.1657474,37.979168,23.666666,2025-11-05,
3.1657474,37.979168,23.666666,2025-11-06,
3.1657474,37.979168,23.666666,2025-11-07,
3.1657474,37.979168,23.708334,2025-10-08,
3.1657474,37.979168,23.708334,2025-10-09,
3.1657474,37.979168,23.708334,2025-10-10,
3.1657474,37.979168,23.708334,2025-10-11,
3.1657474,37.979168,23.708334,2025-10-12,
3.1657474,37.979168,23.708334,2025-10-13,
3.1657474,37.979168,23.708334,2025-10-14,
3.1657474,37.979168,23.708334,2025-10-15,
3.1657474,37.979168,23.708334,2025-10-16,
3.1657474,37.979168,23.708334,2025-10-17,
3.1657474,37.979168,23.708334,2025-10-18,
3.1657474,37.979168,23.708334,2025-10-19,
3.1657474,37.979168,23.708334,2025-10-20,
3.1657474,37.979168,23.708334,2025-10-21,
3.1657474,37.979168,23.708334,2025-10-22,
3.1657474,37.979168,23.708334,2025-10-23,
3.1657474,37.979168,23.708334,2025-10-24,
3.1657474,37.979168,23.708334,2025-10-25,
3.1657474,37.979168,23.708334,2025-10-26,
3.1657474,37.979168,23.708334,2025-10-27,
3.1657474,37.979168,23.708334,2025-10-28,
3.1657474,37.979168,23.708334,2025-10-29,
3.1657474,37.979168,23.708334,2025-10-30,
3.1657474,37.979168,23.708334,2025-10-31,
3.1657474,37.979168,23.708334,2025-11-01,
3.1657474,37.979168,23.708334,2025-11-02,
3.1657474,37.979168,23.708334,2025-11-03,
3.1657474,37.979168,23.708334,2025-11-04,
3.1657474,37.979168,23.708334,2025-11-05,
3.1657474,37.979168,23.708334,2025-11-06,
3.1657474,37.979168,23.708334,2025-11-07,
3.1657474,37.979168,23.75,2025-10-08,
3.1657474,37.979168,23.75,2025-10-09,
3.1657474,37.979168,23.75,2025-10-10,
3.1657474,37.979168,23.75,2025-10-11,
3.1657474,37.979168,23.75,2025-10-12,
3.1657474,37.979168,23.75,2025-10-13,
3.1657474,37.979168,23.75,2025-10-14,
3.1657474,37.979168,23.75,2025-10-15,
3.1657474,37.979168,23.75,2025-10-16,
3.1657474,37.979168,23.75,2025-10-17,
3.1657474,37.979168,23.75,2025-10-18,
3.1657474,37.979168,23.75,2025-10-19,
3.1657474,37.979168,23.75,2025-10-20,
3.1657474,37.979168,23.75,2025-10-21,
3.1657474,37.979168,23.75,2025-10-22,
3.1657474,37.979168,23.75,2025-10-23,
3.1657474,37.979168,23.75,2025-10-24,
3.1657474,37.979168,23.75,2025-10-25,
3.1657474,37.979168,23.75,2025-10-26,
3.1657474,37.979168,23.75,2025-10-27,
3.1657474,37.979168,23.75,2025-10-28,
3.1657474,37.979168,23.75,2025-10-29,
3.1657474,37.979168,23.75,2025-10-30,
3.1657474,37.979168,23.75,2025-10-31,
3.1657474,37.979168,23.75,2025-11-01,
3.1657474,37.979168,23.75,2025-11-02,
3.1657474,37.979168,23.75,2025-11-03,
3.1657474,37.979168,23.75,2025-11-04,
3.1657474,37.979168,23.75,2025-11-05,
3.1657474,37.979168,23.75,2025-11-06,
3.1657474,37.979168,23.75,2025-11-07,
3.1657474,37.979168,23.791666,2025-10-08,
3.1657474,37.979168,23.791666,2025-10-09,
3.1657474,37.979168,23.791666,2025-10-10,
3.1657474,37.979168,23.791666,2025-10-11,
3.1657474,37.979168,23.791666,2025-10-12,
3.1657474,37.979168,23.791666,2025-10-13,
3.1657474,37.979168,23.791666,2025-10-14,
3.1657474,37.979168,23.791666,2025-10-15,
3.1657474,37.979168,23.791666,2025-10-16,
3.1657474,37.979168,23.791666,2025-10-17,
3.1657474,37.979168,23.791666,2025-10-18,
3.1657474,37.979168,23.791666,2025-10-19,
3.1657474,37.979168,23.791666,2025-10-20,
3.1657474,37.979168,23.791666,2025-10-21,
3.1657474,37.979168,23.791666,2025-10-22,
3.1657474,37.979168,23.791666,2025-10-23,
3.1657474,37.979168,23.791666,2025-10-24,
3.1657474,37.979168,23.791666,2025-10-25,
3.1657474,37.979168,23.791666,2025-10-26,
3.1657474,37.979168,23.791666,2025-10-27,
3.1657474,37.979168,23.791666,2025-10-28,
3.1657474,37.979168,23.791666,2025-10-29,
3.1657474,37.979168,23.791666,2025-10-30,
3.1657474,37.979168,23.791666,2025-10-31,
3.1657474,37.979168,23.791666,2025-11-01,
3.1657474,37.979168,23.791666,2025-11-02,
3.1657474,37.979168,23.791666,2025-11-03,
3.1657474,37.979168,23.791666,2025-11-04,
3.1657474,37.979168,23.791666,2025-11-05,
3.1657474,37.979168,23.791666,2025-11-06,
3.1657474,37.979168,23.791666,2025-11-07,
3.1657474,38.020832,23.5,2025-10-08,
3.1657474,38.020832,23.5,2025-10-09,
3.1657474,38.020832,23.5,2025-10-10,
3.1657474,38.020832,23.5,2025-10-11,
3.1657474,38.020832,23.5,2025-10-12,
3.1657474,38.020832,23.5,2025-10-13,
3.1657474,38.020832,23.5,2025-10-14,
3.1657474,38.020832,23.5,2025-10-15,
3.1657474,38.020832,23.5,2025-10-16,
3.1657474,38.020832,23.5,2025-10-17,
3.1657474,38.020832,23.5,2025-10-18,
3.1657474,38.020832,23.5,2025-10-19,
3.1657474,38.020832,23.5,2025-10-20,
3.1657474,38.020832,23.5,2025-10-21,
3.1657474,38.020832,23.5,2025-10-22,
3.1657474,38.020832,23.5,2025-10-23,
3.1657474,38.020832,23.5,2025-10-24,
3.1657474,38.020832,23.5,2025-10-25,
3.1657474,38.020832,23.5,2025-10-26,
3.1657474,38.020832,23.5,2025-10-27,
3.1657474,38.020832,23.5,2025-10-28,
3.1657474,38.020832,23.5,2025-10-29,
3.1657474,38.020832,23.5,2025-10-30,
3.1657474,38.020832,23.5,2025-10-31,
3.1657474,38.020832,23.5,2025-11-01,
3.1657474,38.020832,23.5,2025-11-02,
3.1657474,38.020832,23.5,2025-11-03,
3.1657474,38.020832,23.5,2025-11-04,
3.1657474,38.020832,23.5,2025-11-05,
3.1657474,38.020832,23.5,2025-11-06,
3.1657474,38.020832,23.5,2025-11-07,
3.1657474,38.020832,23.541666,2025-10-08,
3.1657474,38.020832,23.541666,2025-10-09,
3.1657474,38.020832,23.541666,2025-10-10,
3.1657474,38.020832,23.541666,2025-10-11,
3.1657474,38.020832,23.541666,2025-10-12,
3.1657474,38.020832,23.541666,2025-10-13,
3.1657474,38.020832,23.541666,2025-10-14,
3.1657474,38.020832,23.541666,2025-10-15,
3.1657474,38.020832,23.541666,2025-10-16,
3.1657474,38.020832,23.541666,2025-10-17,
3.1657474,38.020832,23.541666,2025-10-18,
3.1657474,38.020832,23.541666,2025-10-19,
3.1657474,38.020832,23.541666,2025-10-20,
3.1657474,38.020832,23.541666,2025-10-21,
3.1657474,38.020832,23.541666,2025-10-22,
3.1657474,38.020832,23.541666,2025-10-23,
3.1657474,38.020832,23.541666,2025-10-24,
3.1657474,38.020832,23.541666,2025-10-25,
3.1657474,38.020832,23.541666,2025-10-26,
3.1657474,38.020832,23.541666,2025-10-27,
3.1657474,38.020832,23.541666,2025-10-28,
3.1657474,38.020832,23.541666,2025-10-29,
3.1657474,38.020832,23.541666,2025-10-30,
3.1657474,38.020832,23.541666,2025-10-31,
3.1657474,38.020832,23.541666,2025-11-01,
3.1657474,38.020832,23.541666,2025-11-02,
3.1657474,38.020832,23.541666,2025-11-03,
3.1657474,38.020832,23.541666,2025-11-04,
3.1657474,38.020832,23.541666,2025-11-05,
3.1657474,38.020832,23.541666,2025-11-06,
3.1657474,38.020832,23.541666,2025-11-07,
3.1657474,38.020832,23.583334,2025-10-08,
3.1657474,38.020832,23.583334,2025-10-09,
3.1657474,38.020832,23.583334,2025-10-10,
3.1657474,38.020832,23.583334,2025-10-11,
3.1657474,38.020832,23.583334,2025-10-12,
3.1657474,38.020832,23.583334,2025-10-13,
3.1657474,38.020832,23.583334,2025-10-14,
3.1657474,38.020832,23.583334,2025-10-15,
3.1657474,38.020832,23.583334,2025-10-16,
3.1657474,38.020832,23.583334,2025-10-17,
3.1657474,38.020832,23.583334,2025-10-18,
3.1657474,38.020832,23.583334,2025-10-19,
3.1657474,38.020832,23.583334,2025-10-20,
3.1657474,38.020832,23.583334,2025-10-21,
3.1657474,38.020832,23.583334,2025-10-22,
3.1657474,38.020832,23.583334,2025-10-23,
3.1657474,38.020832,23.583334,2025-10-24,
3.1657474,38.020832,23.583334,2025-10-25,
3.1657474,38.020832,23.583334,2025-10-26,
3.1657474,38.020832,23.583334,2025-10-27,
3.1657474,38.020832,23.583334,2025-10-28,
3.1657474,38.020832,23.583334,2025-10-29,
3.1657474,38.020832,23.583334,2025-10-30,
3.1657474,38.020832,23.583334,2025-10-31,
3.1657474,38.020832,23.583334,2025-11-01,
3.1657474,38.020832,23.583334,2025-11-02,
3.1657474,38.020832,23.583334,2025-11-03,
3.1657474,38.020832,23.583334,2025-11-04,
3.1657474,38.020832,23.583334,2025-11-05,
3.1657474,38.020832,23.583334,2025-11-06,
3.1657474,38.020832,23.583334,2025-11-07,
3.1657474,38.020832,23.625,2025-10-08,
3.1657474,38.020832,23.625,2025-10-09,
3.1657474,38.020832,23.625,2025-10-10,
3.1657474,38.020832,23.625,2025-10-11,
3.1657474,38.020832,23.625,2025-10-12,
3.1657474,38.020832,23.625,2025-10-13,
3.1657474,38.020832,23.625,2025-10-14,
3.1657474,38.020832,23.625,2025-10-15,
3.1657474,38.020832,23.625,2025-10-16,
3.1657474,38.020832,23.625,2025-10-17,
3.1657474,38.020832,23.625,2025-10-18,
3.1657474,38.020832,23.625,2025-10-19,
3.1657474,38.020832,23.625,2025-10-20,
3.1657474,38.020832,23.625,2025-10-21,
3.1657474,38.020832,23.625,2025-10-22,
3.1657474,38.020832,23.625,2025-10-23,
3.1657474,38.020832,23.625,2025-10-24,
3.1657474,38.020832,23.625,2025-10-25,
3.1657474,38.020832,23.625,2025-10-26,
3.1657474,38.020832,23.625,2025-10-27,
3.1657474,38.020832,23.625,2025-10-28,
3.1657474,38.020832,23.625,2025-10-29,
3.1657474,38.020832,23.625,2025-10-30,
3.1657474,38.020832,23.625,2025-10-31,
3.1657474,38.020832,23.625,2025-11-01,
3.1657474,38.020832,23.625,2025-11-02,
3.1657474,38.020832,23.625,2025-11-03,
3.1657474,38.020832,23.625,2025-11-04,
3.1657474,38.020832,23.625,2025-11-05,
3.1657474,38.020832,23.625,2025-11-06,
3.1657474,38.020832,23.625,2025-11-07,
3.1657474,38.020832,23.666666,2025-10-08,
3.1657474,38.020832,23.666666,2025-10-09,
3.1657474,38.020832,23.666666,2025-10-10,
3.1657474,38.020832,23.666666,2025-10-11,
3.1657474,38.020832,23.666666,2025-10-12,
3.1657474,38.020832,23.666666,2025-10-13,
3.1657474,38.020832,23.666666,2025-10-14,
3.1657474,38.020832,23.666666,2025-10-15,
3.1657474,38.020832,23.666666,2025-10-16,
3.1657474,38.020832,23.666666,2025-10-17,
3.1657474,38.020832,23.666666,2025-10-18,
3.1657474,38.020832,23.666666,2025-10-19,
3.1657474,38.020832,23.666666,2025-10-20,
3.1657474,38.020832,23.666666,2025-10-21,
3.1657474,38.020832,23.666666,2025-10-22,
3.1657474,38.020832,23.666666,2025-10-23,
3.1657474,38.020832,23.666666,2025-10-24,
3.1657474,38.020832,23.666666,2025-10-25,
3.1657474,38.020832,23.666666,2025-10-26,
3.1657474,38.020832,23.666666,2025-10-27,
3.1657474,38.020832,23.666666,2025-10-28,
3.1657474,38.020832,23.666666,2025-10-29,
3.1657474,38.020832,23.666666,2025-10-30,
3.1657474,38.020832,23.666666,2025-10-31,
3.1657474,38.020832,23.666666,2025-11-01,
3.1657474,38.020832,23.666666,2025-11-02,
3.1657474,38.020832,23.666666,2025-11-03,
3.1657474,38.020832,23.666666,2025-11-04,
3.1657474,38.020832,23.666666,2025-11-05,
3.1657474,38.020832,23.666666,2025-11-06,
3.1657474,38.020832,23.666666,2025-11-07,
3.1657474,38.020832,23.708334,2025-10-08,
3.1657474,38.020832,23.708334,2025-10-09,
3.1657474,38.020832,23.708334,2025-10-10,
3.1657474,38.020832,23.708334,2025-10-11,
3.1657474,38.020832,23.708334,2025-10-12,
3.1657474,38.020832,23.708334,2025-10-13,
3.1657474,38.020832,23.708334,2025-10-14,
3.1657474,38.020832,23.708334,2025-10-15,
3.1657474,38.020832,23.708334,2025-10-16,
3.1657474,38.020832,23.708334,2025-10-17,
3.1657474,38.020832,23.708334,2025-10-18,
3.1657474,38.020832,23.708334,2025-10-19,
3.1657474,38.020832,23.708334,2025-10-20,
3.1657474,38.020832,23.708334,2025-10-21,
3.1657474,38.020832,23.708334,2025-10-22,
3.1657474,38.020832,23.708334,2025-10-23,
3.1657474,38.020832,23.708334,2025-10-24,
3.1657474,38.020832,23.708334,2025-10-25,
3.1657474,38.020832,23.708334,2025-10-26,
3.1657474,38.020832,23.708334,2025-10-27,
3.1657474,38.020832,23.708334,2025-10-28,
3.1657474,38.020832,23.708334,2025-10-29,
3.1657474,38.020832,23.708334,2025-10-30,
3.1657474,38.020832,23.708334,2025-10-31,
3.1657474,38.020832,23.708334,2025-11-01,
3.1657474,38.020832,23.708334,2025-11-02,
3.1657474,38.020832,23.708334,2025-11-03,
3.1657474,38.020832,23.708334,2025-11-04,
3.1657474,38.020832,23.708334,2025-11-05,
3.1657474,38.020832,23.708334,2025-11-06,
3.1657474,38.020832,23.708334,2025-11-07,
3.1657474,38.020832,23.75,2025-10-08,
3.1657474,38.020832,23.75,2025-10-09,
3.1657474,38.020832,23.75,2025-10-10,
3.1657474,38.020832,23.75,2025-10-11,
3.1657474,38.020832,23.75,2025-10-12,
3.1657474,38.020832,23.75,2025-10-13,
3.1657474,38.020832,23.75,2025-10-14,
3.1657474,38.020832,23.75,2025-10-15,
3.1657474,38.020832,23.75,2025-10-16,
3.1657474,38.020832,23.75,2025-10-17,
3.1657474,38.020832,23.75,2025-10-18,
3.1657474,38.020832,23.75,2025-10-19,
3.1657474,38.020832,23.75,2025-10-20,
3.1657474,38.020832,23.75,2025-10-21,
3.1657474,38.020832,23.75,2025-10-22,
3.1657474,38.020832,23.75,2025-10-23,
3.1657474,38.020832,23.75,2025-10-24,
3.1657474,38.020832,23.75,2025-10-25,
3.1657474,38.020832,23.75,2025-10-26,
3.1657474,38.020832,23.75,2025-10-27,
3.1657474,38.020832,23.75,2025-10-28,
3.1657474,38.020832,23.75,2025-10-29,
3.1657474,38.020832,23.75,2025-10-30,
3.1657474,38.020832,23.75,2025-10-31,
3.1657474,38.020832,23.75,2025-11-01,
3.1657474,38.020832,23.75,2025-11-02,
3.1657474,38.020832,23.75,2025-11-03,
3.1657474,38.020832,23.75,2025-11-04,
3.1657474,38.020832,23.75,2025-11-05,
3.1657474,38.020832,23.75,2025-11-06,
3.1657474,38.020832,23.75,2025-11-07,
3.1657474,38.020832,23.791666,2025-10-08,
3.1657474,38.020832,23.791666,2025-10-09,
3.1657474,38.020832,23.791666,2025-10-10,
3.1657474,38.020832,23.791666,2025-10-11,
3.1657474,38.020832,23.791666,2025-10-12,
3.1657474,38.020832,23.791666,2025-10-13,
3.1657474,38.020832,23.791666,2025-10-14,
3.1657474,38.020832,23.791666,2025-10-15,
3.1657474,38.020832,23.791666,2025-10-16,
3.1657474,38.020832,23.791666,2025-10-17,
3.1657474,38.020832,23.791666,2025-10-18,
3.1657474,38.020832,23.791666,2025-10-19,
3.1657474,38.020832,23.791666,2025-10-20,
3.1657474,38.020832,23.791666,2025-10-21,
3.1657474,38.020832,23.791666,2025-10-22,
3.1657474,38.020832,23.791666,2025-10-23,
3.1657474,38.020832,23.791666,2025-10-24,
3.1657474,38.020832,23.791666,2025-10-25,
3.1657474,38.020832,23.791666,2025-10-26,
3.1657474,38.020832,23.791666,2025-10-27,
3.1657474,38.020832,23.791666,2025-10-28,
3.1657474,38.020832,23.791666,2025-10-29,
3.1657474,38.020832,23.791666,2025-10-30,
3.1657474,38.020832,23.791666,2025-10-31,
3.1657474,38.020832,23.791666,2025-11-01,
3.1657474,38.020832,23.791666,2025-11-02,
3.1657474,38.020832,23.791666,2025-11-03,
3.1657474,38.020832,23.791666,2025-11-04,
3.1657474,38.020832,23.791666,2025-11-05,
3.1657474,38.020832,23.791666,2025-11-06,
3.1657474,38.020832,23.791666,2025-11-07,
3.1657474,38.0625,23.5,2025-10-08,
3.1657474,38.0625,23.5,2025-10-09,
3.1657474,38.0625,23.5,2025-10-10,
3.1657474,38.0625,23.5,2025-10-11,
3.1657474,38.0625,23.5,2025-10-12,
3.1657474,38.0625,23.5,2025-10-13,
3.1657474,38.0625,23.5,2025-10-14,
3.1657474,38.0625,23.5,2025-10-15,
3.1657474,38.0625,23.5,2025-10-16,
3.1657474,38.0625,23.5,2025-10-17,
3.1657474,38.0625,23.5,2025-10-18,
3.1657474,38.0625,23.5,2025-10-19,
3.1657474,38.0625,23.5,2025-10-20,
3.1657474,38.0625,23.5,2025-10-21,
3.1657474,38.0625,23.5,2025-10-22,
3.1657474,38.0625,23.5,2025-10-23,
3.1657474,38.0625,23.5,2025-10-24,
3.1657474,38.0625,23.5,2025-10-25,
3.1657474,38.0625,23.5,2025-10-26,
3.1657474,38.0625,23.5,2025-10-27,
3.1657474,38.0625,23.5,2025-10-28,
3.1657474,38.0625,23.5,2025-10-29,
3.1657474,38.0625,23.5,2025-10-30,
3.1657474,38.0625,23.5,2025-10-31,
3.1657474,38.0625,23.5,2025-11-01,
3.1657474,38.0625,23.5,2025-11-02,
3.1657474,38.0625,23.5,2025-11-03,
3.1657474,38.0625,23.5,2025-11-04,
3.1657474,38.0625,23.5,2025-11-05,
3.1657474,38.0625,23.5,2025-11-06,
3.1657474,38.0625,23.5,2025-11-07,
3.1657474,38.0625,23.541666,2025-10-08,
3.1657474,38.0625,23.541666,2025-10-09,
3.1657474,38.0625,23.541666,2025-10-10,
3.1657474,38.0625,23.541666,2025-10-11,
3.1657474,38.0625,23.541666,2025-10-12,
3.1657474,38.0625,23.541666,2025-10-13,
3.1657474,38.0625,23.541666,2025-10-14,
3.1657474,38.0625,23.541666,2025-10-15,
3.1657474,38.0625,23.541666,2025-10-16,
3.1657474,38.0625,23.541666,2025-10-17,
3.1657474,38.0625,23.541666,2025-10-18,
3.1657474,38.0625,23.541666,2025-10-19,
3.1657474,38.0625,23.541666,2025-10-20,
3.1657474,38.0625,23.541666,2025-10-21,
3.1657474,38.0625,23.541666,2025-10-22,
3.1657474,38.0625,23.541666,2025-10-23,
3.1657474,38.0625,23.541666,2025-10-24,
3.1657474,38.0625,23.541666,2025-10-25,
3.1657474,38.0625,23.541666,2025-10-26,
3.1657474,38.0625,23.541666,2025-10-27,
3.1657474,38.0625,23.541666,2025-10-28,
3.1657474,38.0625,23.541666,2025-10-29,
3.1657474,38.0625,23.541666,2025-10-30,
3.1657474,38.0625,23.541666,2025-10-31,
3.1657474,38.0625,23.541666,2025-11-01,
3.1657474,38.0625,23.541666,2025-11-02,
3.1657474,38.0625,23.541666,2025-11-03,
3.1657474,38.0625,23.541666,2025-11-04,
3.1657474,38.0625,23.541666,2025-11-05,
3.1657474,38.0625,23.541666,2025-11-06,
3.1657474,38.0625,23.541666,2025-11-07,
3.1657474,38.0625,23.583334,2025-10-08,
3.1657474,38.0625,23.583334,2025-10-09,
3.1657474,38.0625,23.583334,2025-10-10,
3.1657474,38.0625,23.583334,2025-10-11,
3.1657474,38.0625,23.583334,2025-10-12,
3.1657474,38.0625,23.583334,2025-10-13,
3.1657474,38.0625,23.583334,2025-10-14,
3.1657474,38.0625,23.583334,2025-10-15,
3.1657474,38.0625,23.583334,2025-10-16,
3.1657474,38.0625,23.583334,2025-10-17,
3.1657474,38.0625,23.583334,2025-10-18,
3.1657474,38.0625,23.583334,2025-10-19,
3.1657474,38.0625,23.583334,2025-10-20,
3.1657474,38.0625,23.583334,2025-10-21,
3.1657474,38.0625,23.583334,2025-10-22,
3.1657474,38.0625,23.583334,2025-10-23,
3.1657474,38.0625,23.583334,2025-10-24,
3.1657474,38.0625,23.583334,2025-10-25,
3.1657474,38.0625,23.583334,2025-10-26,
3.1657474,38.0625,23.583334,2025-10-27,
3.1657474,38.0625,23.583334,2025-10-28,
3.1657474,38.0625,23.583334,2025-10-29,
3.1657474,38.0625,23.583334,2025-10-30,
3.1657474,38.0625,23.583334,2025-10-31,
3.1657474,38.0625,23.583334,2025-11-01,
3.1657474,38.0625,23.583334,2025-11-02,
3.1657474,38.0625,23.583334,2025-11-03,
3.1657474,38.0625,23.583334,2025-11-04,
3.1657474,38.0625,23.583334,2025-11-05,
3.1657474,38.0625,23.583334,2025-11-06,
3.1657474,38.0625,23.583334,2025-11-07,
3.1657474,38.0625,23.625,2025-10-08,
3.1657474,38.0625,23.625,2025-10-09,
3.1657474,38.0625,23.625,2025-10-10,
3.1657474,38.0625,23.625,2025-10-11,
3.1657474,38.0625,23.625,2025-10-12,
3.1657474,38.0625,23.625,2025-10-13,
3.1657474,38.0625,23.625,2025-10-14,
3.1657474,38.0625,23.625,2025-10-15,
3.1657474,38.0625,23.625,2025-10-16,
3.1657474,38.0625,23.625,2025-10-17,
3.1657474,38.0625,23.625,2025-10-18,
3.1657474,38.0625,23.625,2025-10-19,
3.1657474,38.0625,23.625,2025-10-20,
3.1657474,38.0625,23.625,2025-10-21,
3.1657474,38.0625,23.625,2025-10-22,
3.1657474,38.0625,23.625,2025-10-23,
3.1657474,38.0625,23.625,2025-10-24,
3.1657474,38.0625,23.625,2025-10-25,
3.1657474,38.0625,23.625,2025-10-26,
3.1657474,38.0625,23.625,2025-10-27,
3.1657474,38.0625,23.625,2025-10-28,
3.1657474,38.0625,23.625,2025-10-29,
3.1657474,38.0625,23.625,2025-10-30,
3.1657474,38.0625,23.625,2025-10-31,
3.1657474,38.0625,23.625,2025-11-01,
3.1657474,38.0625,23.625,2025-11-02,
3.1657474,38.0625,23.625,2025-11-03,
3.1657474,38.0625,23.625,2025-11-04,
3.1657474,38.0625,23.625,2025-11-05,
3.1657474,38.0625,23.625,2025-11-06,
3.1657474,38.0625,23.625,2025-11-07,
3.1657474,38.0625,23.666666,2025-10-08,
3.1657474,38.0625,23.666666,2025-10-09,
3.1657474,38.0625,23.666666,2025-10-10,
3.1657474,38.0625,23.666666,2025-10-11,
3.1657474,38.0625,23.666666,2025-10-12,
3.1657474,38.0625,23.666666,2025-10-13,
3.1657474,38.0625,23.666666,2025-10-14,
3.1657474,38.0625,23.666666,2025-10-15,
3.1657474,38.0625,23.666666,2025-10-16,
3.1657474,38.0625,23.666666,2025-10-17,
3.1657474,38.0625,23.666666,2025-10-18,
3.1657474,38.0625,23.666666,2025-10-19,
3.1657474,38.0625,23.666666,2025-10-20,
3.1657474,38.0625,23.666666,2025-10-21,
3.1657474,38.0625,23.666666,2025-10-22,
3.1657474,38.0625,23.666666,2025-10-23,
3.1657474,38.0625,23.666666,2025-10-24,
3.1657474,38.0625,23.666666,2025-10-25,
3.1657474,38.0625,23.666666,2025-10-26,
3.1657474,38.0625,23.666666,2025-10-27,
3.1657474,38.0625,23.666666,2025-10-28,
3.1657474,38.0625,23.666666,2025-10-29,
3.1657474,38.0625,23.666666,2025-10-30,
3.1657474,38.0625,23.666666,2025-10-31,
3.1657474,38.0625,23.666666,2025-11-01,
3.1657474,38.0625,23.666666,2025-11-02,
3.1657474,38.0625,23.666666,2025-11-03,
3.1657474,38.0625,23.666666,2025-11-04,
3.1657474,38.0625,23.666666,2025-11-05,
3.1657474,38.0625,23.666666,2025-11-06,
3.1657474,38.0625,23.666666,2025-11-07,
3.1657474,38.0625,23.708334,2025-10-08,
3.1657474,38.0625,23.708334,2025-10-09,
3.1657474,38.0625,23.708334,2025-10-10,
3.1657474,38.0625,23.708334,2025-10-11,
3.1657474,38.0625,23.708334,2025-10-12,
3.1657474,38.0625,23.708334,2025-10-13,
3.1657474,38.0625,23.708334,2025-10-14,
3.1657474,38.0625,23.708334,2025-10-15,
3.1657474,38.0625,23.708334,2025-10-16,
3.1657474,38.0625,23.708334,2025-10-17,
3.1657474,38.0625,23.708334,2025-10-18,
3.1657474,38.0625,23.708334,2025-10-19,
3.1657474,38.0625,23.708334,2025-10-20,
3.1657474,38.0625,23.708334,2025-10-21,
3.1657474,38.0625,23.708334,2025-10-22,
3.1657474,38.0625,23.708334,2025-10-23,
3.1657474,38.0625,23.708334,2025-10-24,
3.1657474,38.0625,23.708334,2025-10-25,
3.1657474,38.0625,23.708334,2025-10-26,
3.1657474,38.0625,23.708334,2025-10-27,
3.1657474,38.0625,23.708334,2025-10-28,
3.1657474,38.0625,23.708334,2025-10-29,
3.1657474,38.0625,23.708334,2025-10-30,
3.1657474,38.0625,23.708334,2025-10-31,
3.1657474,38.0625,23.708334,2025-11-01,
3.1657474,38.0625,23.708334,2025-11-02,
3.1657474,38.0625,23.708334,2025-11-03,
3.1657474,38.0625,23.708334,2025-11-04,
3.1657474,38.0625,23.708334,2025-11-05,
3.1657474,38.0625,23.708334,2025-11-06,
3.1657474,38.0625,23.708334,2025-11-07,
3.1657474,38.0625,23.75,2025-10-08,
3.1657474,38.0625,23.75,2025-10-09,
3.1657474,38.0625,23.75,2025-10-10,
3.1657474,38.0625,23.75,2025-10-11,
3.1657474,38.0625,23.75,2025-10-12,
3.1657474,38.0625,23.75,2025-10-13,
3.1657474,38.0625,23.75,2025-10-14,
3.1657474,38.0625,23.75,2025-10-15,
3.1657474,38.0625,23.75,2025-10-16,
3.1657474,38.0625,23.75,2025-10-17,
3.1657474,38.0625,23.75,2025-10-18,
3.1657474,38.0625,23.75,2025-10-19,
3.1657474,38.0625,23.75,2025-10-20,
3.1657474,38.0625,23.75,2025-10-21,
3.1657474,38.0625,23.75,2025-10-22,
3.1657474,38.0625,23.75,2025-10-23,
3.1657474,38.0625,23.75,2025-10-24,
3.1657474,38.0625,23.75,2025-10-25,
3.1657474,38.0625,23.75,2025-10-26,
3.1657474,38.0625,23.75,2025-10-27,
3.1657474,38.0625,23.75,2025-10-28,
3.1657474,38.0625,23.75,2025-10-29,
3.1657474,38.0625,23.75,2025-10-30,
3.1657474,38.0625,23.75,2025-10-31,
3.1657474,38.0625,23.75,2025-11-01,
3.1657474,38.0625,23.75,2025-11-02,
3.1657474,38.0625,23.75,2025-11-03,
3.1657474,38.0625,23.75,2025-11-04,
3.1657474,38.0625,23.75,2025-11-05,
3.1657474,38.0625,23.75,2025-11-06,
3.1657474,38.0625,23.75,2025-11-07,
3.1657474,38.0625,23.791666,2025-10-08,
3.1657474,38.0625,23.791666,2025-10-09,
3.1657474,38.0625,23.791666,2025-10-10,
3.1657474,38.0625,23.791666,2025-10-11,
3.1657474,38.0625,23.791666,2025-10-12,
3.1657474,38.0625,23.791666,2025-10-13,
3.1657474,38.0625,23.791666,2025-10-14,
3.1657474,38.0625,23.791666,2025-10-15,
3.1657474,38.0625,23.791666,2025-10-16,
3.1657474,38.0625,23.791666,2025-10-17,
3.1657474,38.0625,23.791666,2025-10-18,
3.1657474,38.0625,23.791666,2025-10-19,
3.1657474,38.0625,23.791666,2025-10-20,
3.1657474,38.0625,23.791666,2025-10-21,
3.1657474,38.0625,23.791666,2025-10-22,
3.1657474,38.0625,23.791666,2025-10-23,
3.1657474,38.0625,23.791666,2025-10-24,
3.1657474,38.0625,23.791666,2025-10-25,
3.1657474,38.0625,23.791666,2025-10-26,
3.1657474,38.0625,23.791666,2025-10-27,
3.1657474,38.0625,23.791666,2025-10-28,
3.1657474,38.0625,23.791666,2025-10-29,
3.1657474,38.0625,23.791666,2025-10-30,
3.1657474,38.0625,23.791666,2025-10-31,
3.1657474,38.0625,23.791666,2025-11-01,
3.1657474,38.0625,23.791666,2025-11-02,
3.1657474,38.0625,23.791666,2025-11-03,
3.1657474,38.0625,23.791666,2025-11-04,
3.1657474,38.0625,23.791666,2025-11-05,
3.1657474,38.0625,23.791666,2025-11-06,
3.1657474,38.0625,23.791666,2025-11-07,
