depth,latitude,longitude,time,nh4,no3,po4
1.0182366,34.604168,33.0,2025-10-11,,,
1.0182366,34.604168,33.0,2025-10-12,,,
1.0182366,34.604168,33.0,2025-10-13,,,
1.0182366,34.604168,33.0,2025-10-14,,,
1.0182366,34.604168,33.0,2025-10-15,,,
1.0182366,34.604168,33.0,2025-10-16,,,
1.0182366,34.604168,33.0,2025-10-17,,,
1.0182366,34.604168,33.0,2025-10-18,,,
1.0182366,34.604168,33.0,2025-10-19,,,
1.0182366,34.604168,33.0,2025-10-20,,,
1.0182366,34.604168,33.0,2025-10-21,,,
1.0182366,34.604168,33.0,2025-10-22,,,
1.0182366,34.604168,33.0,2025-10-23,,,
1.0182366,34.604168,33.0,2025-10-24,,,
1.0182366,34.604168,33.0,2025-10-25,,,
1.0182366,34.604168,33.0,2025-10-26,,,
1.0182366,34.604168,33.0,2025-10-27,,,
1.0182366,34.604168,33.0,2025-10-28,,,
1.0182366,34.604168,33.0,2025-10-29,,,
1.0182366,34.604168,33.0,2025-10-30,,,
1.0182366,34.604168,33.0,2025-10-31,,,
1.0182366,34.604168,33.0,2025-11-01,,,
1.0182366,34.604168,33.0,2025-11-02,,,
1.0182366,34.604168,33.0,2025-11-03,,,
1.0182366,34.604168,33.0,2025-11-04,,,
1.0182366,34.604168,33.0,2025-11-05,,,
1.0182366,34.604168,33.0,2025-11-06,,,
1.0182366,34.604168,33.0,2025-11-07,,,
1.0182366,34.604168,33.0,2025-11-08,,,
1.0182366,34.604168,33.0,2025-11-09,,,
1.0182366,34.604168,33.0,2025-11-10,,,
1.0182366,34.604168,33.041668,2025-10-11,,,
1.0182366,34.604168,33.041668,2025-10-12,,,
1.0182366,34.604168,33.041668,2025-10-13,,,
1.0182366,34.604168,33.041668,2025-10-14,,,
1.0182366,34.604168,33.041668,2025-10-15,,,
1.0182366,34.604168,33.041668,2025-10-16,,,
1.0182366,34.604168,33.041668,2025-10-17,,,
1.0182366,34.604168,33.041668,2025-10-18,,,
1.0182366,34.604168,33.041668,2025-10-19,,,
1.0182366,34.604168,33.041668,2025-10-20,,,
1.0182366,34.604168,33.041668,2025-10-21,,,
1.0182366,34.604168,33.041668,2025-10-22,,,
1.0182366,34.604168,33.041668,2025-10-23,,,
1.0182366,34.604168,33.041668,2025-10-24,,,
1.0182366,34.604168,33.041668,2025-10-25,,,
1.0182366,34.604168,33.041668,2025-10-26,,,
1.0182366,34.604168,33.041668,2025-10-27,,,
1.0182366,34.604168,33.041668,2025-10-28,,,
1.0182366,34.604168,33.041668,2025-10-29,,,
1.0182366,34.604168,33.041668,2025-10-30,,,
1.0182366,34.604168,33.041668,2025-10-31,,,
1.0182366,34.604168,33.041668,2025-11-01,,,
1.0182366,34.604168,33.041668,2025-11-02,,,
1.0182366,34.604168,33.041668,2025-11-03,,,
1.0182366,34.604168,33.041668,2025-11-04,,,
1.0182366,34.604168,33.041668,2025-11-05,,,
1.0182366,34.604168,33.041668,2025-11-06,,,
1.0182366,34.604168,33.041668,2025-11-07,,,
1.0182366,34.604168,33.041668,2025-11-08,,,
1.0182366,34.604168,33.041668,2025-11-09,,,
1.0182366,34.604168,33.041668,2025-11-10,,,
1.0182366,34.604168,33.083332,2025-10-11,0.08354275,0.34961498,0.0055701425
1.0182366,34.604168,33.083332,2025-10-12,0.08158685,0.37124872,0.00574106
1.0182366,34.604168,33.083332,2025-10-13,0.08173789,0.37522042,0.0057275123
1.0182366,34.604168,33.083332,2025-10-14,0.08194038,0.37277696,0.0056856424
1.0182366,34.604168,33.083332,2025-10-15,0.08165367,0.37247467,0.0056782635
1.0182366,34.604168,33.083332,2025-10-16,0.08140365,0.3695088,0.0056582536
1.0182366,34.604168,33.083332,2025-10-17,0.08129157,0.3676112,0.005642891
1.0182366,34.604168,33.083332,2025-10-18,0.08070517,0.369303,0.0056436956
1.0182366,34.604168,33.083332,2025-10-19,0.07962596,0.37407193,0.005654992
1.0182366,34.604168,33.083332,2025-10-20,0.07885525,0.3772775,0.0056523588
1.0182366,34.604168,33.083332,2025-10-21,0.07771866,0.38194776,0.0056732753
1.0182366,34.604168,33.083332,2025-10-22,0.07603744,0.39232466,0.0057262247
1.0182366,34.604168,33.083332,2025-10-23,0.075853094,0.4023974,0.005772852
1.0182366,34.604168,33.083332,2025-10-24,0.07661448,0.40743586,0.005804243
1.0182366,34.604168,33.083332,2025-10-25,0.07675813,0.4087826,0.0058153444
1.0182366,34.604168,33.083332,2025-10-26,0.07648361,0.40916723,0.0058118086
1.0182366,34.604168,33.083332,2025-10-27,0.07642859,0.4075341,0.0057916003
1.0182366,34.604168,33.083332,2025-10-28,0.07653964,0.4045267,0.0057974174
1.0182366,34.604168,33.083332,2025-10-29,0.07555518,0.40414232,0.0058201286
1.0182366,34.604168,33.083332,2025-10-30,0.07475292,0.4006907,0.0058022384
1.0182366,34.604168,33.083332,2025-10-31,0.074131414,0.3963837,0.005769072
1.0182366,34.604168,33.083332,2025-11-01,0.07367311,0.3936566,0.0057353782
1.0182366,34.604168,33.083332,2025-11-02,0.07339183,0.39213216,0.0057073757
1.0182366,34.604168,33.083332,2025-11-03,0.07103064,0.3814763,0.005412269
1.0182366,34.604168,33.083332,2025-11-04,0.07283376,0.3917605,0.0056757675
1.0182366,34.604168,33.083332,2025-11-05,0.072331384,0.3912983,0.005645863
1.0182366,34.604168,33.083332,2025-11-06,0.07166329,0.3914315,0.005615138
1.0182366,34.604168,33.083332,2025-11-07,0.07107234,0.39213952,0.0055876914
1.0182366,34.604168,33.083332,2025-11-08,0.07044807,0.3931067,0.0055591897
1.0182366,34.604168,33.083332,2025-11-09,0.06989161,0.39349657,0.0055290987
1.0182366,34.604168,33.083332,2025-11-10,0.0694062,0.39362156,0.005500942
1.0182366,34.604168,33.125,2025-10-11,0.083920196,0.3510105,0.0055846055
1.0182366,34.604168,33.125,2025-10-12,0.08269251,0.3670703,0.0057068835
1.0182366,34.604168,33.125,2025-10-13,0.08325961,0.3658684,0.0056578643
1.0182366,34.604168,33.125,2025-10-14,0.08325733,0.36569193,0.0056390893
1.0182366,34.604168,33.125,2025-10-15,0.082629934,0.36774576,0.005648129
1.0182366,34.604168,33.125,2025-10-16,0.08203057,0.3667224,0.00564322
1.0182366,34.604168,33.125,2025-10-17,0.08164255,0.366384,0.0056404653
1.0182366,34.604168,33.125,2025-10-18,0.08092025,0.36916953,0.005649227
1.0182366,34.604168,33.125,2025-10-19,0.07989213,0.37374514,0.005654343
1.0182366,34.604168,33.125,2025-10-20,0.07895504,0.37773663,0.0056533
1.0182366,34.604168,33.125,2025-10-21,0.07759815,0.3834273,0.0056779045
1.0182366,34.604168,33.125,2025-10-22,0.07601383,0.39415622,0.0057328655
1.0182366,34.604168,33.125,2025-10-23,0.076182924,0.40329614,0.0057753655
1.0182366,34.604168,33.125,2025-10-24,0.07699746,0.40682703,0.005806408
1.0182366,34.604168,33.125,2025-10-25,0.07706014,0.40733922,0.005817023
1.0182366,34.604168,33.125,2025-10-26,0.07678726,0.40713218,0.0058077984
1.0182366,34.604168,33.125,2025-10-27,0.076702215,0.40526298,0.0057879486
1.0182366,34.604168,33.125,2025-10-28,0.07626079,0.4034523,0.0057986523
1.0182366,34.604168,33.125,2025-10-29,0.07534014,0.4013822,0.0057972367
1.0182366,34.604168,33.125,2025-10-30,0.07473331,0.39728183,0.005773613
1.0182366,34.604168,33.125,2025-10-31,0.07407371,0.3939974,0.005745032
1.0182366,34.604168,33.125,2025-11-01,0.07356657,0.39227495,0.005715313
1.0182366,34.604168,33.125,2025-11-02,0.073249996,0.39142272,0.005689857
1.0182366,34.604168,33.125,2025-11-03,0.071130745,0.38122895,0.005404137
1.0182366,34.604168,33.125,2025-11-04,0.07262827,0.3908329,0.0056529497
1.0182366,34.604168,33.125,2025-11-05,0.07206624,0.39012834,0.0056189755
1.0182366,34.604168,33.125,2025-11-06,0.07145416,0.39011672,0.005592639
1.0182366,34.604168,33.125,2025-11-07,0.0709509,0.3903153,0.00556846
1.0182366,34.604168,33.125,2025-11-08,0.07040498,0.39091766,0.005544462
1.0182366,34.604168,33.125,2025-11-09,0.0698721,0.39130822,0.0055183293
1.0182366,34.604168,33.125,2025-11-10,0.06942319,0.39169925,0.0054946057
1.0182366,34.604168,33.166668,2025-10-11,0.08479271,0.35026136,0.005585003
1.0182366,34.604168,33.166668,2025-10-12,0.08448838,0.3578877,0.0056363493
1.0182366,34.604168,33.166668,2025-10-13,0.08527153,0.35348,0.0055685006
1.0182366,34.604168,33.166668,2025-10-14,0.08493894,0.35677224,0.0055808886
1.0182366,34.604168,33.166668,2025-10-15,0.08388877,0.36191157,0.0056112763
1.0182366,34.604168,33.166668,2025-10-16,0.082858585,0.36347187,0.0056258272
1.0182366,34.604168,33.166668,2025-10-17,0.08210345,0.3651694,0.0056391624
1.0182366,34.604168,33.166668,2025-10-18,0.08120908,0.3692011,0.0056572813
1.0182366,34.604168,33.166668,2025-10-19,0.080146976,0.37419155,0.005661962
1.0182366,34.604168,33.166668,2025-10-20,0.07894274,0.37944472,0.0056639826
1.0182366,34.604168,33.166668,2025-10-21,0.077404246,0.38581455,0.0056900727
1.0182366,34.604168,33.166668,2025-10-22,0.0760588,0.3959412,0.0057394896
1.0182366,34.604168,33.166668,2025-10-23,0.076589786,0.40360978,0.0057772705
1.0182366,34.604168,33.166668,2025-10-24,0.07736838,0.4057116,0.005807702
1.0182366,34.604168,33.166668,2025-10-25,0.07734476,0.40537995,0.005817704
1.0182366,34.604168,33.166668,2025-10-26,0.077073984,0.4047459,0.0058075287
1.0182366,34.604168,33.166668,2025-10-27,0.076793596,0.40329924,0.0057912483
1.0182366,34.604168,33.166668,2025-10-28,0.0758589,0.40180692,0.005790177
1.0182366,34.604168,33.166668,2025-10-29,0.075177826,0.3978491,0.005764204
1.0182366,34.604168,33.166668,2025-10-30,0.07472621,0.39363024,0.0057400945
1.0182366,34.604168,33.166668,2025-10-31,0.07399888,0.3914233,0.005716656
1.0182366,34.604168,33.166668,2025-11-01,0.073404476,0.39076886,0.005690701
1.0182366,34.604168,33.166668,2025-11-02,0.07306215,0.39042863,0.005666031
1.0182366,34.604168,33.166668,2025-11-03,0.07124435,0.3808447,0.005393078
1.0182366,34.604168,33.166668,2025-11-04,0.072328895,0.3893799,0.005620876
1.0182366,34.604168,33.166668,2025-11-05,0.07173153,0.3882679,0.005584774
1.0182366,34.604168,33.166668,2025-11-06,0.07121781,0.38752794,0.0055594505
1.0182366,34.604168,33.166668,2025-11-07,0.07081146,0.38688076,0.005538045
1.0182366,34.604168,33.166668,2025-11-08,0.070341855,0.38729686,0.0055220905
1.0182366,34.604168,33.166668,2025-11-09,0.06985783,0.3880628,0.0055042114
1.0182366,34.604168,33.166668,2025-11-10,0.069463395,0.38891363,0.0054862755
1.0182366,34.645832,33.0,2025-10-11,,,
1.0182366,34.645832,33.0,2025-10-12,,,
1.0182366,34.645832,33.0,2025-10-13,,,
1.0182366,34.645832,33.0,2025-10-14,,,
1.0182366,34.645832,33.0,2025-10-15,,,
1.0182366,34.645832,33.0,2025-10-16,,,
1.0182366,34.645832,33.0,2025-10-17,,,
1.0182366,34.645832,33.0,2025-10-18,,,
1.0182366,34.645832,33.0,2025-10-19,,,
1.0182366,34.645832,33.0,2025-10-20,,,
1.0182366,34.645832,33.0,2025-10-21,,,
1.0182366,34.645832,33.0,2025-10-22,,,
1.0182366,34.645832,33.0,2025-10-23,,,
1.0182366,34.645832,33.0,2025-10-24,,,
1.0182366,34.645832,33.0,2025-10-25,,,
1.0182366,34.645832,33.0,2025-10-26,,,
1.0182366,34.645832,33.0,2025-10-27,,,
1.0182366,34.645832,33.0,2025-10-28,,,
1.0182366,34.645832,33.0,2025-10-29,,,
1.0182366,34.645832,33.0,2025-10-30,,,
1.0182366,34.645832,33.0,2025-10-31,,,
1.0182366,34.645832,33.0,2025-11-01,,,
1.0182366,34.645832,33.0,2025-11-02,,,
1.0182366,34.645832,33.0,2025-11-03,,,
1.0182366,34.645832,33.0,2025-11-04,,,
1.0182366,34.645832,33.0,2025-11-05,,,
1.0182366,34.645832,33.0,2025-11-06,,,
1.0182366,34.645832,33.0,2025-11-07,,,
1.0182366,34.645832,33.0,2025-11-08,,,
1.0182366,34.645832,33.0,2025-11-09,,,
1.0182366,34.645832,33.0,2025-11-10,,,
1.0182366,34.645832,33.041668,2025-10-11,,,
1.0182366,34.645832,33.041668,2025-10-12,,,
1.0182366,34.645832,33.041668,2025-10-13,,,
1.0182366,34.645832,33.041668,2025-10-14,,,
1.0182366,34.645832,33.041668,2025-10-15,,,
1.0182366,34.645832,33.041668,2025-10-16,,,
1.0182366,34.645832,33.041668,2025-10-17,,,
1.0182366,34.645832,33.041668,2025-10-18,,,
1.0182366,34.645832,33.041668,2025-10-19,,,
1.0182366,34.645832,33.041668,2025-10-20,,,
1.0182366,34.645832,33.041668,2025-10-21,,,
1.0182366,34.645832,33.041668,2025-10-22,,,
1.0182366,34.645832,33.041668,2025-10-23,,,
1.0182366,34.645832,33.041668,2025-10-24,,,
1.0182366,34.645832,33.041668,2025-10-25,,,
1.0182366,34.645832,33.041668,2025-10-26,,,
1.0182366,34.645832,33.041668,2025-10-27,,,
1.0182366,34.645832,33.041668,2025-10-28,,,
1.0182366,34.645832,33.041668,2025-10-29,,,
1.0182366,34.645832,33.041668,2025-10-30,,,
1.0182366,34.645832,33.041668,2025-10-31,,,
1.0182366,34.645832,33.041668,2025-11-01,,,
1.0182366,34.645832,33.041668,2025-11-02,,,
1.0182366,34.645832,33.041668,2025-11-03,,,
1.0182366,34.645832,33.041668,2025-11-04,,,
1.0182366,34.645832,33.041668,2025-11-05,,,
1.0182366,34.645832,33.041668,2025-11-06,,,
1.0182366,34.645832,33.041668,2025-11-07,,,
1.0182366,34.645832,33.041668,2025-11-08,,,
1.0182366,34.645832,33.041668,2025-11-09,,,
1.0182366,34.645832,33.041668,2025-11-10,,,
1.0182366,34.645832,33.083332,2025-10-11,0.0830747,0.3541129,0.0055998997
1.0182366,34.645832,33.083332,2025-10-12,0.08122922,0.3758399,0.0057696532
1.0182366,34.645832,33.083332,2025-10-13,0.08089223,0.38039562,0.0057587083
1.0182366,34.645832,33.083332,2025-10-14,0.08089981,0.379411,0.005728663
1.0182366,34.645832,33.083332,2025-10-15,0.08065465,0.37905127,0.005718942
1.0182366,34.645832,33.083332,2025-10-16,0.0803344,0.3766111,0.005697454
1.0182366,34.645832,33.083332,2025-10-17,0.08019146,0.37400094,0.0056734835
1.0182366,34.645832,33.083332,2025-10-18,0.07989129,0.37366316,0.005660108
1.0182366,34.645832,33.083332,2025-10-19,0.07943057,0.3755083,0.0056558815
1.0182366,34.645832,33.083332,2025-10-20,0.07896043,0.37738982,0.0056503206
1.0182366,34.645832,33.083332,2025-10-21,0.07788291,0.3819424,0.005670496
1.0182366,34.645832,33.083332,2025-10-22,0.076375306,0.39180115,0.005722383
1.0182366,34.645832,33.083332,2025-10-23,0.0759651,0.40201628,0.0057712724
1.0182366,34.645832,33.083332,2025-10-24,0.07645282,0.40746856,0.005803015
1.0182366,34.645832,33.083332,2025-10-25,0.07679834,0.40786391,0.0058046076
1.0182366,34.645832,33.083332,2025-10-26,0.076807044,0.40723255,0.0057956176
1.0182366,34.645832,33.083332,2025-10-27,0.07698218,0.40485075,0.0057751453
1.0182366,34.645832,33.083332,2025-10-28,0.07683406,0.40355426,0.005794727
1.0182366,34.645832,33.083332,2025-10-29,0.075566076,0.4048418,0.00582841
1.0182366,34.645832,33.083332,2025-10-30,0.07476143,0.4014072,0.0058092857
1.0182366,34.645832,33.083332,2025-10-31,0.07415008,0.3970309,0.0057762777
1.0182366,34.645832,33.083332,2025-11-01,0.073787645,0.3936914,0.005741661
1.0182366,34.645832,33.083332,2025-11-02,0.07361624,0.39166972,0.005717052
1.0182366,34.645832,33.083332,2025-11-03,0.071142845,0.38108453,0.005416088
1.0182366,34.645832,33.083332,2025-11-04,0.07303343,0.3914492,0.0056852316
1.0182366,34.645832,33.083332,2025-11-05,0.07244581,0.39125094,0.0056546284
1.0182366,34.645832,33.083332,2025-11-06,0.07182305,0.3912206,0.005621115
1.0182366,34.645832,33.083332,2025-11-07,0.071267635,0.3921465,0.005595235
1.0182366,34.645832,33.083332,2025-11-08,0.070570745,0.3939046,0.005571448
1.0182366,34.645832,33.083332,2025-11-09,0.06995799,0.3951124,0.0055445516
1.0182366,34.645832,33.083332,2025-11-10,0.0694235,0.39576355,0.0055152513
1.0182366,34.645832,33.125,2025-10-11,0.082812786,0.36038622,0.0056544733
1.0182366,34.645832,33.125,2025-10-12,0.081546694,0.37721148,0.0057748463
1.0182366,34.645832,33.125,2025-10-13,0.081618994,0.3768197,0.0057289945
1.0182366,34.645832,33.125,2025-10-14,0.08152015,0.3766847,0.0057097874
1.0182366,34.645832,33.125,2025-10-15,0.081131145,0.3771389,0.0057052993
1.0182366,34.645832,33.125,2025-10-16,0.08069401,0.3755086,0.0056901183
1.0182366,34.645832,33.125,2025-10-17,0.080405466,0.37408763,0.005676295
1.0182366,34.645832,33.125,2025-10-18,0.08000423,0.3744799,0.005668094
1.0182366,34.645832,33.125,2025-10-19,0.07956505,0.37580463,0.0056552263
1.0182366,34.645832,33.125,2025-10-20,0.078917265,0.37867808,0.0056551546
1.0182366,34.645832,33.125,2025-10-21,0.077695996,0.38406968,0.005678385
1.0182366,34.645832,33.125,2025-10-22,0.07626178,0.39485714,0.00573579
1.0182366,34.645832,33.125,2025-10-23,0.076308675,0.40386513,0.005779962
1.0182366,34.645832,33.125,2025-10-24,0.07693449,0.40732348,0.005809773
1.0182366,34.645832,33.125,2025-10-25,0.07717878,0.40674758,0.0058086766
1.0182366,34.645832,33.125,2025-10-26,0.07732036,0.4045262,0.005786252
1.0182366,34.645832,33.125,2025-10-27,0.07740242,0.4024053,0.005772348
1.0182366,34.645832,33.125,2025-10-28,0.076567456,0.4031912,0.005807084
1.0182366,34.645832,33.125,2025-10-29,0.07539781,0.40259194,0.0058186813
1.0182366,34.645832,33.125,2025-10-30,0.074764,0.39824826,0.005790912
1.0182366,34.645832,33.125,2025-10-31,0.074155726,0.39439213,0.005756577
1.0182366,34.645832,33.125,2025-11-01,0.07376714,0.39197972,0.005725763
1.0182366,34.645832,33.125,2025-11-02,0.07354216,0.3908956,0.0057055466
1.0182366,34.645832,33.125,2025-11-03,0.07116519,0.38041252,0.0054098372
1.0182366,34.645832,33.125,2025-11-04,0.07290335,0.39039892,0.0056670783
1.0182366,34.645832,33.125,2025-11-05,0.07222764,0.38993755,0.0056305733
1.0182366,34.645832,33.125,2025-11-06,0.07160836,0.39013898,0.005601635
1.0182366,34.645832,33.125,2025-11-07,0.07114825,0.39093506,0.0055799
1.0182366,34.645832,33.125,2025-11-08,0.07057559,0.39248675,0.0055609415
1.0182366,34.645832,33.125,2025-11-09,0.06999684,0.39374852,0.0055378214
1.0182366,34.645832,33.125,2025-11-10,0.06947467,0.39451116,0.005510732
1.0182366,34.645832,33.166668,2025-10-11,0.08289618,0.36475217,0.0056955824
1.0182366,34.645832,33.166668,2025-10-12,0.08243872,0.3738357,0.0057456554
1.0182366,34.645832,33.166668,2025-10-13,0.08273945,0.3709477,0.005686826
1.0182366,34.645832,33.166668,2025-10-14,0.082447,0.37265056,0.0056851483
1.0182366,34.645832,33.166668,2025-10-15,0.08184722,0.37437463,0.0056889774
1.0182366,34.645832,33.166668,2025-10-16,0.0812595,0.3735448,0.0056798225
1.0182366,34.645832,33.166668,2025-10-17,0.08080589,0.3732351,0.0056754733
1.0182366,34.645832,33.166668,2025-10-18,0.080266185,0.37457496,0.0056740628
1.0182366,34.645832,33.166668,2025-10-19,0.079685286,0.3767934,0.005665041
1.0182366,34.645832,33.166668,2025-10-20,0.0786897,0.3817235,0.0056748977
1.0182366,34.645832,33.166668,2025-10-21,0.077302694,0.3880957,0.0057010967
1.0182366,34.645832,33.166668,2025-10-22,0.07617743,0.39854077,0.0057532177
1.0182366,34.645832,33.166668,2025-10-23,0.0768446,0.40518606,0.0057897414
1.0182366,34.645832,33.166668,2025-10-24,0.077523865,0.4067033,0.0058192564
1.0182366,34.645832,33.166668,2025-10-25,0.07757242,0.40561426,0.005819176
1.0182366,34.645832,33.166668,2025-10-26,0.077620275,0.4030899,0.0057945307
1.0182366,34.645832,33.166668,2025-10-27,0.07739987,0.40179506,0.005788565
1.0182366,34.645832,33.166668,2025-10-28,0.076108396,0.40272173,0.005815375
1.0182366,34.645832,33.166668,2025-10-29,0.07530178,0.39924577,0.0057996777
1.0182366,34.645832,33.166668,2025-10-30,0.07478355,0.39424345,0.0057653543
1.0182366,34.645832,33.166668,2025-10-31,0.074104495,0.39127523,0.0057306136
1.0182366,34.645832,33.166668,2025-11-01,0.0736169,0.39012653,0.005703345
1.0182366,34.645832,33.166668,2025-11-02,0.073346116,0.38994062,0.005686409
1.0182366,34.645832,33.166668,2025-11-03,0.07107101,0.37960884,0.0054018497
1.0182366,34.645832,33.166668,2025-11-04,0.0725885,0.388825,0.0056364294
1.0182366,34.645832,33.166668,2025-11-05,0.07190345,0.3877709,0.005595984
1.0182366,34.645832,33.166668,2025-11-06,0.07137933,0.38785022,0.005571566
1.0182366,34.645832,33.166668,2025-11-07,0.07102305,0.3884631,0.0055546686
1.0182366,34.645832,33.166668,2025-11-08,0.07055214,0.3899273,0.005541503
1.0182366,34.645832,33.166668,2025-11-09,0.07002009,0.39131954,0.0055233855
1.0182366,34.645832,33.166668,2025-11-10,0.06953422,0.39211047,0.0054991245
1.0182366,34.6875,33.0,2025-10-11,,,
1.0182366,34.6875,33.0,2025-10-12,,,
1.0182366,34.6875,33.0,2025-10-13,,,
1.0182366,34.6875,33.0,2025-10-14,,,
1.0182366,34.6875,33.0,2025-10-15,,,
1.0182366,34.6875,33.0,2025-10-16,,,
1.0182366,34.6875,33.0,2025-10-17,,,
1.0182366,34.6875,33.0,2025-10-18,,,
1.0182366,34.6875,33.0,2025-10-19,,,
1.0182366,34.6875,33.0,2025-10-20,,,
1.0182366,34.6875,33.0,2025-10-21,,,
1.0182366,34.6875,33.0,2025-10-22,,,
1.0182366,34.6875,33.0,2025-10-23,,,
1.0182366,34.6875,33.0,2025-10-24,,,
1.0182366,34.6875,33.0,2025-10-25,,,
1.0182366,34.6875,33.0,2025-10-26,,,
1.0182366,34.6875,33.0,2025-10-27,,,
1.0182366,34.6875,33.0,2025-10-28,,,
1.0182366,34.6875,33.0,2025-10-29,,,
1.0182366,34.6875,33.0,2025-10-30,,,
1.0182366,34.6875,33.0,2025-10-31,,,
1.0182366,34.6875,33.0,2025-11-01,,,
1.0182366,34.6875,33.0,2025-11-02,,,
1.0182366,34.6875,33.0,2025-11-03,,,
1.0182366,34.6875,33.0,2025-11-04,,,
1.0182366,34.6875,33.0,2025-11-05,,,
1.0182366,34.6875,33.0,2025-11-06,,,
1.0182366,34.6875,33.0,2025-11-07,,,
1.0182366,34.6875,33.0,2025-11-08,,,
1.0182366,34.6875,33.0,2025-11-09,,,
1.0182366,34.6875,33.0,2025-11-10,,,
1.0182366,34.6875,33.041668,2025-10-11,,,
1.0182366,34.6875,33.041668,2025-10-12,,,
1.0182366,34.6875,33.041668,2025-10-13,,,
1.0182366,34.6875,33.041668,2025-10-14,,,
1.0182366,34.6875,33.041668,2025-10-15,,,
1.0182366,34.6875,33.041668,2025-10-16,,,
1.0182366,34.6875,33.041668,2025-10-17,,,
1.0182366,34.6875,33.041668,2025-10-18,,,
1.0182366,34.6875,33.041668,2025-10-19,,,
1.0182366,34.6875,33.041668,2025-10-20,,,
1.0182366,34.6875,33.041668,2025-10-21,,,
1.0182366,34.6875,33.041668,2025-10-22,,,
1.0182366,34.6875,33.041668,2025-10-23,,,
1.0182366,34.6875,33.041668,2025-10-24,,,
1.0182366,34.6875,33.041668,2025-10-25,,,
1.0182366,34.6875,33.041668,2025-10-26,,,
1.0182366,34.6875,33.041668,2025-10-27,,,
1.0182366,34.6875,33.041668,2025-10-28,,,
1.0182366,34.6875,33.041668,2025-10-29,,,
1.0182366,34.6875,33.041668,2025-10-30,,,
1.0182366,34.6875,33.041668,2025-10-31,,,
1.0182366,34.6875,33.041668,2025-11-01,,,
1.0182366,34.6875,33.041668,2025-11-02,,,
1.0182366,34.6875,33.041668,2025-11-03,,,
1.0182366,34.6875,33.041668,2025-11-04,,,
1.0182366,34.6875,33.041668,2025-11-05,,,
1.0182366,34.6875,33.041668,2025-11-06,,,
1.0182366,34.6875,33.041668,2025-11-07,,,
1.0182366,34.6875,33.041668,2025-11-08,,,
1.0182366,34.6875,33.041668,2025-11-09,,,
1.0182366,34.6875,33.041668,2025-11-10,,,
1.0182366,34.6875,33.083332,2025-10-11,,,
1.0182366,34.6875,33.083332,2025-10-12,,,
1.0182366,34.6875,33.083332,2025-10-13,,,
1.0182366,34.6875,33.083332,2025-10-14,,,
1.0182366,34.6875,33.083332,2025-10-15,,,
1.0182366,34.6875,33.083332,2025-10-16,,,
1.0182366,34.6875,33.083332,2025-10-17,,,
1.0182366,34.6875,33.083332,2025-10-18,,,
1.0182366,34.6875,33.083332,2025-10-19,,,
1.0182366,34.6875,33.083332,2025-10-20,,,
1.0182366,34.6875,33.083332,2025-10-21,,,
1.0182366,34.6875,33.083332,2025-10-22,,,
1.0182366,34.6875,33.083332,2025-10-23,,,
1.0182366,34.6875,33.083332,2025-10-24,,,
1.0182366,34.6875,33.083332,2025-10-25,,,
1.0182366,34.6875,33.083332,2025-10-26,,,
1.0182366,34.6875,33.083332,2025-10-27,,,
1.0182366,34.6875,33.083332,2025-10-28,,,
1.0182366,34.6875,33.083332,2025-10-29,,,
1.0182366,34.6875,33.083332,2025-10-30,,,
1.0182366,34.6875,33.083332,2025-10-31,,,
1.0182366,34.6875,33.083332,2025-11-01,,,
1.0182366,34.6875,33.083332,2025-11-02,,,
1.0182366,34.6875,33.083332,2025-11-03,,,
1.0182366,34.6875,33.083332,2025-11-04,,,
1.0182366,34.6875,33.083332,2025-11-05,,,
1.0182366,34.6875,33.083332,2025-11-06,,,
1.0182366,34.6875,33.083332,2025-11-07,,,
1.0182366,34.6875,33.083332,2025-11-08,,,
1.0182366,34.6875,33.083332,2025-11-09,,,
1.0182366,34.6875,33.083332,2025-11-10,,,
1.0182366,34.6875,33.125,2025-10-11,0.08192049,0.36864048,0.005718636
1.0182366,34.6875,33.125,2025-10-12,0.08053711,0.38555706,0.0058308607
1.0182366,34.6875,33.125,2025-10-13,0.08062836,0.38295245,0.005760567
1.0182366,34.6875,33.125,2025-10-14,0.08053598,0.38269565,0.00574283
1.0182366,34.6875,33.125,2025-10-15,0.080298595,0.38210064,0.0057293214
1.0182366,34.6875,33.125,2025-10-16,0.079988606,0.3803753,0.00571089
1.0182366,34.6875,33.125,2025-10-17,0.07977499,0.37893447,0.005696918
1.0182366,34.6875,33.125,2025-10-18,0.07953755,0.37780485,0.005677707
1.0182366,34.6875,33.125,2025-10-19,0.079372816,0.37655482,0.005647234
1.0182366,34.6875,33.125,2025-10-20,0.07884576,0.37863562,0.0056479713
1.0182366,34.6875,33.125,2025-10-21,0.077740565,0.38377777,0.005671701
1.0182366,34.6875,33.125,2025-10-22,0.076283276,0.39527863,0.0057362807
1.0182366,34.6875,33.125,2025-10-23,0.07621433,0.40455335,0.0057815304
1.0182366,34.6875,33.125,2025-10-24,0.076915696,0.40745857,0.005805701
1.0182366,34.6875,33.125,2025-10-25,0.07742684,0.4051749,0.0057898397
1.0182366,34.6875,33.125,2025-10-26,0.07799641,0.40097076,0.0057561067
1.0182366,34.6875,33.125,2025-10-27,0.07802897,0.3997771,0.0057558394
1.0182366,34.6875,33.125,2025-10-28,0.07674125,0.4032179,0.0058133495
1.0182366,34.6875,33.125,2025-10-29,0.07536232,0.40354222,0.005831564
1.0182366,34.6875,33.125,2025-10-30,0.07475805,0.3989953,0.0058009834
1.0182366,34.6875,33.125,2025-10-31,0.074312404,0.39403877,0.005760178
1.0182366,34.6875,33.125,2025-11-01,0.07409413,0.3908626,0.005729722
1.0182366,34.6875,33.125,2025-11-02,0.073895395,0.3899355,0.00571411
1.0182366,34.6875,33.125,2025-11-03,0.07131205,0.37974915,0.0054107956
1.0182366,34.6875,33.125,2025-11-04,0.07315035,0.38996217,0.0056751003
1.0182366,34.6875,33.125,2025-11-05,0.072333746,0.3897692,0.00563397
1.0182366,34.6875,33.125,2025-11-06,0.0716684,0.39010754,0.0056017507
1.0182366,34.6875,33.125,2025-11-07,0.07124618,0.39133874,0.005583851
1.0182366,34.6875,33.125,2025-11-08,0.07073351,0.39319277,0.0055687847
1.0182366,34.6875,33.125,2025-11-09,0.07013683,0.39486432,0.0055490197
1.0182366,34.6875,33.125,2025-11-10,0.069536574,0.39575443,0.0055202227
1.0182366,34.6875,33.166668,2025-10-11,0.08175765,0.37443095,0.005768903
1.0182366,34.6875,33.166668,2025-10-12,0.08100411,0.3848845,0.0058222874
1.0182366,34.6875,33.166668,2025-10-13,0.081149146,0.38128126,0.00574965
1.0182366,34.6875,33.166668,2025-10-14,0.080925636,0.38205227,0.0057427622
1.0182366,34.6875,33.166668,2025-10-15,0.08060052,0.38160428,0.0057294155
1.0182366,34.6875,33.166668,2025-10-16,0.08026323,0.37966785,0.005708878
1.0182366,34.6875,33.166668,2025-10-17,0.08001936,0.37838253,0.0056964997
1.0182366,34.6875,33.166668,2025-10-18,0.07972166,0.3776894,0.0056802835
1.0182366,34.6875,33.166668,2025-10-19,0.07939515,0.37793082,0.0056617185
1.0182366,34.6875,33.166668,2025-10-20,0.07855994,0.38187188,0.0056718136
1.0182366,34.6875,33.166668,2025-10-21,0.07731216,0.38779342,0.005696497
1.0182366,34.6875,33.166668,2025-10-22,0.07619657,0.3987474,0.005754194
1.0182366,34.6875,33.166668,2025-10-23,0.07673043,0.40548185,0.0057910825
1.0182366,34.6875,33.166668,2025-10-24,0.07740598,0.40695995,0.005814808
1.0182366,34.6875,33.166668,2025-10-25,0.07769299,0.40481603,0.005802588
1.0182366,34.6875,33.166668,2025-10-26,0.07804466,0.40130526,0.0057738456
1.0182366,34.6875,33.166668,2025-10-27,0.07780824,0.40080628,0.005780947
1.0182366,34.6875,33.166668,2025-10-28,0.076319546,0.40339854,0.005826617
1.0182366,34.6875,33.166668,2025-10-29,0.075336404,0.40089363,0.0058201393
1.0182366,34.6875,33.166668,2025-10-30,0.074792,0.39582005,0.005783374
1.0182366,34.6875,33.166668,2025-10-31,0.07427034,0.3916825,0.005741958
1.0182366,34.6875,33.166668,2025-11-01,0.073945455,0.38963258,0.0057140733
1.0182366,34.6875,33.166668,2025-11-02,0.07373514,0.38932213,0.005701388
1.0182366,34.6875,33.166668,2025-11-03,0.071140945,0.37911236,0.005406308
1.0182366,34.6875,33.166668,2025-11-04,0.07287377,0.38871765,0.0056503387
1.0182366,34.6875,33.166668,2025-11-05,0.07209424,0.38799113,0.0056073647
1.0182366,34.6875,33.166668,2025-11-06,0.07154475,0.38838616,0.0055806534
1.0182366,34.6875,33.166668,2025-11-07,0.07119582,0.38974565,0.0055670976
1.0182366,34.6875,33.166668,2025-11-08,0.07073166,0.39170855,0.0055559217
1.0182366,34.6875,33.166668,2025-11-09,0.07015702,0.39332235,0.0055376627
1.0182366,34.6875,33.166668,2025-11-10,0.069581844,0.39390504,0.0055084894
1.0182366,34.729168,33.0,2025-10-11,,,
1.0182366,34.729168,33.0,2025-10-12,,,
1.0182366,34.729168,33.0,2025-10-13,,,
1.0182366,34.729168,33.0,2025-10-14,,,
1.0182366,34.729168,33.0,2025-10-15,,,
1.0182366,34.729168,33.0,2025-10-16,,,
1.0182366,34.729168,33.0,2025-10-17,,,
1.0182366,34.729168,33.0,2025-10-18,,,
1.0182366,34.729168,33.0,2025-10-19,,,
1.0182366,34.729168,33.0,2025-10-20,,,
1.0182366,34.729168,33.0,2025-10-21,,,
1.0182366,34.729168,33.0,2025-10-22,,,
1.0182366,34.729168,33.0,2025-10-23,,,
1.0182366,34.729168,33.0,2025-10-24,,,
1.0182366,34.729168,33.0,2025-10-25,,,
1.0182366,34.729168,33.0,2025-10-26,,,
1.0182366,34.729168,33.0,2025-10-27,,,
1.0182366,34.729168,33.0,2025-10-28,,,
1.0182366,34.729168,33.0,2025-10-29,,,
1.0182366,34.729168,33.0,2025-10-30,,,
1.0182366,34.729168,33.0,2025-10-31,,,
1.0182366,34.729168,33.0,2025-11-01,,,
1.0182366,34.729168,33.0,2025-11-02,,,
1.0182366,34.729168,33.0,2025-11-03,,,
1.0182366,34.729168,33.0,2025-11-04,,,
1.0182366,34.729168,33.0,2025-11-05,,,
1.0182366,34.729168,33.0,2025-11-06,,,
1.0182366,34.729168,33.0,2025-11-07,,,
1.0182366,34.729168,33.0,2025-11-08,,,
1.0182366,34.729168,33.0,2025-11-09,,,
1.0182366,34.729168,33.0,2025-11-10,,,
1.0182366,34.729168,33.041668,2025-10-11,,,
1.0182366,34.729168,33.041668,2025-10-12,,,
1.0182366,34.729168,33.041668,2025-10-13,,,
1.0182366,34.729168,33.041668,2025-10-14,,,
1.0182366,34.729168,33.041668,2025-10-15,,,
1.0182366,34.729168,33.041668,2025-10-16,,,
1.0182366,34.729168,33.041668,2025-10-17,,,
1.0182366,34.729168,33.041668,2025-10-18,,,
1.0182366,34.729168,33.041668,2025-10-19,,,
1.0182366,34.729168,33.041668,2025-10-20,,,
1.0182366,34.729168,33.041668,2025-10-21,,,
1.0182366,34.729168,33.041668,2025-10-22,,,
1.0182366,34.729168,33.041668,2025-10-23,,,
1.0182366,34.729168,33.041668,2025-10-24,,,
1.0182366,34.729168,33.041668,2025-10-25,,,
1.0182366,34.729168,33.041668,2025-10-26,,,
1.0182366,34.729168,33.041668,2025-10-27,,,
1.0182366,34.729168,33.041668,2025-10-28,,,
1.0182366,34.729168,33.041668,2025-10-29,,,
1.0182366,34.729168,33.041668,2025-10-30,,,
1.0182366,34.729168,33.041668,2025-10-31,,,
1.0182366,34.729168,33.041668,2025-11-01,,,
1.0182366,34.729168,33.041668,2025-11-02,,,
1.0182366,34.729168,33.041668,2025-11-03,,,
1.0182366,34.729168,33.041668,2025-11-04,,,
1.0182366,34.729168,33.041668,2025-11-05,,,
1.0182366,34.729168,33.041668,2025-11-06,,,
1.0182366,34.729168,33.041668,2025-11-07,,,
1.0182366,34.729168,33.041668,2025-11-08,,,
1.0182366,34.729168,33.041668,2025-11-09,,,
1.0182366,34.729168,33.041668,2025-11-10,,,
1.0182366,34.729168,33.083332,2025-10-11,,,
1.0182366,34.729168,33.083332,2025-10-12,,,
1.0182366,34.729168,33.083332,2025-10-13,,,
1.0182366,34.729168,33.083332,2025-10-14,,,
1.0182366,34.729168,33.083332,2025-10-15,,,
1.0182366,34.729168,33.083332,2025-10-16,,,
1.0182366,34.729168,33.083332,2025-10-17,,,
1.0182366,34.729168,33.083332,2025-10-18,,,
1.0182366,34.729168,33.083332,2025-10-19,,,
1.0182366,34.729168,33.083332,2025-10-20,,,
1.0182366,34.729168,33.083332,2025-10-21,,,
1.0182366,34.729168,33.083332,2025-10-22,,,
1.0182366,34.729168,33.083332,2025-10-23,,,
1.0182366,34.729168,33.083332,2025-10-24,,,
1.0182366,34.729168,33.083332,2025-10-25,,,
1.0182366,34.729168,33.083332,2025-10-26,,,
1.0182366,34.729168,33.083332,2025-10-27,,,
1.0182366,34.729168,33.083332,2025-10-28,,,
1.0182366,34.729168,33.083332,2025-10-29,,,
1.0182366,34.729168,33.083332,2025-10-30,,,
1.0182366,34.729168,33.083332,2025-10-31,,,
1.0182366,34.729168,33.083332,2025-11-01,,,
1.0182366,34.729168,33.083332,2025-11-02,,,
1.0182366,34.729168,33.083332,2025-11-03,,,
1.0182366,34.729168,33.083332,2025-11-04,,,
1.0182366,34.729168,33.083332,2025-11-05,,,
1.0182366,34.729168,33.083332,2025-11-06,,,
1.0182366,34.729168,33.083332,2025-11-07,,,
1.0182366,34.729168,33.083332,2025-11-08,,,
1.0182366,34.729168,33.083332,2025-11-09,,,
1.0182366,34.729168,33.083332,2025-11-10,,,
1.0182366,34.729168,33.125,2025-10-11,,,
1.0182366,34.729168,33.125,2025-10-12,,,
1.0182366,34.729168,33.125,2025-10-13,,,
1.0182366,34.729168,33.125,2025-10-14,,,
1.0182366,34.729168,33.125,2025-10-15,,,
1.0182366,34.729168,33.125,2025-10-16,,,
1.0182366,34.729168,33.125,2025-10-17,,,
1.0182366,34.729168,33.125,2025-10-18,,,
1.0182366,34.729168,33.125,2025-10-19,,,
1.0182366,34.729168,33.125,2025-10-20,,,
1.0182366,34.729168,33.125,2025-10-21,,,
1.0182366,34.729168,33.125,2025-10-22,,,
1.0182366,34.729168,33.125,2025-10-23,,,
1.0182366,34.729168,33.125,2025-10-24,,,
1.0182366,34.729168,33.125,2025-10-25,,,
1.0182366,34.729168,33.125,2025-10-26,,,
1.0182366,34.729168,33.125,2025-10-27,,,
1.0182366,34.729168,33.125,2025-10-28,,,
1.0182366,34.729168,33.125,2025-10-29,,,
1.0182366,34.729168,33.125,2025-10-30,,,
1.0182366,34.729168,33.125,2025-10-31,,,
1.0182366,34.729168,33.125,2025-11-01,,,
1.0182366,34.729168,33.125,2025-11-02,,,
1.0182366,34.729168,33.125,2025-11-03,,,
1.0182366,34.729168,33.125,2025-11-04,,,
1.0182366,34.729168,33.125,2025-11-05,,,
1.0182366,34.729168,33.125,2025-11-06,,,
1.0182366,34.729168,33.125,2025-11-07,,,
1.0182366,34.729168,33.125,2025-11-08,,,
1.0182366,34.729168,33.125,2025-11-09,,,
1.0182366,34.729168,33.125,2025-11-10,,,
1.0182366,34.729168,33.166668,2025-10-11,,,
1.0182366,34.729168,33.166668,2025-10-12,,,
1.0182366,34.729168,33.166668,2025-10-13,,,
1.0182366,34.729168,33.166668,2025-10-14,,,
1.0182366,34.729168,33.166668,2025-10-15,,,
1.0182366,34.729168,33.166668,2025-10-16,,,
1.0182366,34.729168,33.166668,2025-10-17,,,
1.0182366,34.729168,33.166668,2025-10-18,,,
1.0182366,34.729168,33.166668,2025-10-19,,,
1.0182366,34.729168,33.166668,2025-10-20,,,
1.0182366,34.729168,33.166668,2025-10-21,,,
1.0182366,34.729168,33.166668,2025-10-22,,,
1.0182366,34.729168,33.166668,2025-10-23,,,
1.0182366,34.729168,33.166668,2025-10-24,,,
1.0182366,34.729168,33.166668,2025-10-25,,,
1.0182366,34.729168,33.166668,2025-10-26,,,
1.0182366,34.729168,33.166668,2025-10-27,,,
1.0182366,34.729168,33.166668,2025-10-28,,,
1.0182366,34.729168,33.166668,2025-10-29,,,
1.0182366,34.729168,33.166668,2025-10-30,,,
1.0182366,34.729168,33.166668,2025-10-31,,,
1.0182366,34.729168,33.166668,2025-11-01,,,
1.0182366,34.729168,33.166668,2025-11-02,,,
1.0182366,34.729168,33.166668,2025-11-03,,,
1.0182366,34.729168,33.166668,2025-11-04,,,
1.0182366,34.729168,33.166668,2025-11-05,,,
1.0182366,34.729168,33.166668,2025-11-06,,,
1.0182366,34.729168,33.166668,2025-11-07,,,
1.0182366,34.729168,33.166668,2025-11-08,,,
1.0182366,34.729168,33.166668,2025-11-09,,,
1.0182366,34.729168,33.166668,2025-11-10,,,
1.0182366,34.770832,33.0,2025-10-11,,,
1.0182366,34.770832,33.0,2025-10-12,,,
1.0182366,34.770832,33.0,2025-10-13,,,
1.0182366,34.770832,33.0,2025-10-14,,,
1.0182366,34.770832,33.0,2025-10-15,,,
1.0182366,34.770832,33.0,2025-10-16,,,
1.0182366,34.770832,33.0,2025-10-17,,,
1.0182366,34.770832,33.0,2025-10-18,,,
1.0182366,34.770832,33.0,2025-10-19,,,
1.0182366,34.770832,33.0,2025-10-20,,,
1.0182366,34.770832,33.0,2025-10-21,,,
1.0182366,34.770832,33.0,2025-10-22,,,
1.0182366,34.770832,33.0,2025-10-23,,,
1.0182366,34.770832,33.0,2025-10-24,,,
1.0182366,34.770832,33.0,2025-10-25,,,
1.0182366,34.770832,33.0,2025-10-26,,,
1.0182366,34.770832,33.0,2025-10-27,,,
1.0182366,34.770832,33.0,2025-10-28,,,
1.0182366,34.770832,33.0,2025-10-29,,,
1.0182366,34.770832,33.0,2025-10-30,,,
1.0182366,34.770832,33.0,2025-10-31,,,
1.0182366,34.770832,33.0,2025-11-01,,,
1.0182366,34.770832,33.0,2025-11-02,,,
1.0182366,34.770832,33.0,2025-11-03,,,
1.0182366,34.770832,33.0,2025-11-04,,,
1.0182366,34.770832,33.0,2025-11-05,,,
1.0182366,34.770832,33.0,2025-11-06,,,
1.0182366,34.770832,33.0,2025-11-07,,,
1.0182366,34.770832,33.0,2025-11-08,,,
1.0182366,34.770832,33.0,2025-11-09,,,
1.0182366,34.770832,33.0,2025-11-10,,,
1.0182366,34.770832,33.041668,2025-10-11,,,
1.0182366,34.770832,33.041668,2025-10-12,,,
1.0182366,34.770832,33.041668,2025-10-13,,,
1.0182366,34.770832,33.041668,2025-10-14,,,
1.0182366,34.770832,33.041668,2025-10-15,,,
1.0182366,34.770832,33.041668,2025-10-16,,,
1.0182366,34.770832,33.041668,2025-10-17,,,
1.0182366,34.770832,33.041668,2025-10-18,,,
1.0182366,34.770832,33.041668,2025-10-19,,,
1.0182366,34.770832,33.041668,2025-10-20,,,
1.0182366,34.770832,33.041668,2025-10-21,,,
1.0182366,34.770832,33.041668,2025-10-22,,,
1.0182366,34.770832,33.041668,2025-10-23,,,
1.0182366,34.770832,33.041668,2025-10-24,,,
1.0182366,34.770832,33.041668,2025-10-25,,,
1.0182366,34.770832,33.041668,2025-10-26,,,
1.0182366,34.770832,33.041668,2025-10-27,,,
1.0182366,34.770832,33.041668,2025-10-28,,,
1.0182366,34.770832,33.041668,2025-10-29,,,
1.0182366,34.770832,33.041668,2025-10-30,,,
1.0182366,34.770832,33.041668,2025-10-31,,,
1.0182366,34.770832,33.041668,2025-11-01,,,
1.0182366,34.770832,33.041668,2025-11-02,,,
1.0182366,34.770832,33.041668,2025-11-03,,,
1.0182366,34.770832,33.041668,2025-11-04,,,
1.0182366,34.770832,33.041668,2025-11-05,,,
1.0182366,34.770832,33.041668,2025-11-06,,,
1.0182366,34.770832,33.041668,2025-11-07,,,
1.0182366,34.770832,33.041668,2025-11-08,,,
1.0182366,34.770832,33.041668,2025-11-09,,,
1.0182366,34.770832,33.041668,2025-11-10,,,
1.0182366,34.770832,33.083332,2025-10-11,,,
1.0182366,34.770832,33.083332,2025-10-12,,,
1.0182366,34.770832,33.083332,2025-10-13,,,
1.0182366,34.770832,33.083332,2025-10-14,,,
1.0182366,34.770832,33.083332,2025-10-15,,,
1.0182366,34.770832,33.083332,2025-10-16,,,
1.0182366,34.770832,33.083332,2025-10-17,,,
1.0182366,34.770832,33.083332,2025-10-18,,,
1.0182366,34.770832,33.083332,2025-10-19,,,
1.0182366,34.770832,33.083332,2025-10-20,,,
1.0182366,34.770832,33.083332,2025-10-21,,,
1.0182366,34.770832,33.083332,2025-10-22,,,
1.0182366,34.770832,33.083332,2025-10-23,,,
1.0182366,34.770832,33.083332,2025-10-24,,,
1.0182366,34.770832,33.083332,2025-10-25,,,
1.0182366,34.770832,33.083332,2025-10-26,,,
1.0182366,34.770832,33.083332,2025-10-27,,,
1.0182366,34.770832,33.083332,2025-10-28,,,
1.0182366,34.770832,33.083332,2025-10-29,,,
1.0182366,34.770832,33.083332,2025-10-30,,,
1.0182366,34.770832,33.083332,2025-10-31,,,
1.0182366,34.770832,33.083332,2025-11-01,,,
1.0182366,34.770832,33.083332,2025-11-02,,,
1.0182366,34.770832,33.083332,2025-11-03,,,
1.0182366,34.770832,33.083332,2025-11-04,,,
1.0182366,34.770832,33.083332,2025-11-05,,,
1.0182366,34.770832,33.083332,2025-11-06,,,
1.0182366,34.770832,33.083332,2025-11-07,,,
1.0182366,34.770832,33.083332,2025-11-08,,,
1.0182366,34.770832,33.083332,2025-11-09,,,
1.0182366,34.770832,33.083332,2025-11-10,,,
1.0182366,34.770832,33.125,2025-10-11,,,
1.0182366,34.770832,33.125,2025-10-12,,,
1.0182366,34.770832,33.125,2025-10-13,,,
1.0182366,34.770832,33.125,2025-10-14,,,
1.0182366,34.770832,33.125,2025-10-15,,,
1.0182366,34.770832,33.125,2025-10-16,,,
1.0182366,34.770832,33.125,2025-10-17,,,
1.0182366,34.770832,33.125,2025-10-18,,,
1.0182366,34.770832,33.125,2025-10-19,,,
1.0182366,34.770832,33.125,2025-10-20,,,
1.0182366,34.770832,33.125,2025-10-21,,,
1.0182366,34.770832,33.125,2025-10-22,,,
1.0182366,34.770832,33.125,2025-10-23,,,
1.0182366,34.770832,33.125,2025-10-24,,,
1.0182366,34.770832,33.125,2025-10-25,,,
1.0182366,34.770832,33.125,2025-10-26,,,
1.0182366,34.770832,33.125,2025-10-27,,,
1.0182366,34.770832,33.125,2025-10-28,,,
1.0182366,34.770832,33.125,2025-10-29,,,
1.0182366,34.770832,33.125,2025-10-30,,,
1.0182366,34.770832,33.125,2025-10-31,,,
1.0182366,34.770832,33.125,2025-11-01,,,
1.0182366,34.770832,33.125,2025-11-02,,,
1.0182366,34.770832,33.125,2025-11-03,,,
1.0182366,34.770832,33.125,2025-11-04,,,
1.0182366,34.770832,33.125,2025-11-05,,,
1.0182366,34.770832,33.125,2025-11-06,,,
1.0182366,34.770832,33.125,2025-11-07,,,
1.0182366,34.770832,33.125,2025-11-08,,,
1.0182366,34.770832,33.125,2025-11-09,,,
1.0182366,34.770832,33.125,2025-11-10,,,
1.0182366,34.770832,33.166668,2025-10-11,,,
1.0182366,34.770832,33.166668,2025-10-12,,,
1.0182366,34.770832,33.166668,2025-10-13,,,
1.0182366,34.770832,33.166668,2025-10-14,,,
1.0182366,34.770832,33.166668,2025-10-15,,,
1.0182366,34.770832,33.166668,2025-10-16,,,
1.0182366,34.770832,33.166668,2025-10-17,,,
1.0182366,34.770832,33.166668,2025-10-18,,,
1.0182366,34.770832,33.166668,2025-10-19,,,
1.0182366,34.770832,33.166668,2025-10-20,,,
1.0182366,34.770832,33.166668,2025-10-21,,,
1.0182366,34.770832,33.166668,2025-10-22,,,
1.0182366,34.770832,33.166668,2025-10-23,,,
1.0182366,34.770832,33.166668,2025-10-24,,,
1.0182366,34.770832,33.166668,2025-10-25,,,
1.0182366,34.770832,33.166668,2025-10-26,,,
1.0182366,34.770832,33.166668,2025-10-27,,,
1.0182366,34.770832,33.166668,2025-10-28,,,
1.0182366,34.770832,33.166668,2025-10-29,,,
1.0182366,34.770832,33.166668,2025-10-30,,,
1.0182366,34.770832,33.166668,2025-10-31,,,
1.0182366,34.770832,33.166668,2025-11-01,,,
1.0182366,34.770832,33.166668,2025-11-02,,,
1.0182366,34.770832,33.166668,2025-11-03,,,
1.0182366,34.770832,33.166668,2025-11-04,,,
1.0182366,34.770832,33.166668,2025-11-05,,,
1.0182366,34.770832,33.166668,2025-11-06,,,
1.0182366,34.770832,33.166668,2025-11-07,,,
1.0182366,34.770832,33.166668,2025-11-08,,,
1.0182366,34.770832,33.166668,2025-11-09,,,
1.0182366,34.770832,33.166668,2025-11-10,,,
3.1657474,34.604168,33.0,2025-10-11,,,
3.1657474,34.604168,33.0,2025-10-12,,,
3.1657474,34.604168,33.0,2025-10-13,,,
3.1657474,34.604168,33.0,2025-10-14,,,
3.1657474,34.604168,33.0,2025-10-15,,,
3.1657474,34.604168,33.0,2025-10-16,,,
3.1657474,34.604168,33.0,2025-10-17,,,
3.1657474,34.604168,33.0,2025-10-18,,,
3.1657474,34.604168,33.0,2025-10-19,,,
3.1657474,34.604168,33.0,2025-10-20,,,
3.1657474,34.604168,33.0,2025-10-21,,,
3.1657474,34.604168,33.0,2025-10-22,,,
3.1657474,34.604168,33.0,2025-10-23,,,
3.1657474,34.604168,33.0,2025-10-24,,,
3.1657474,34.604168,33.0,2025-10-25,,,
3.1657474,34.604168,33.0,2025-10-26,,,
3.1657474,34.604168,33.0,2025-10-27,,,
3.1657474,34.604168,33.0,2025-10-28,,,
3.1657474,34.604168,33.0,2025-10-29,,,
3.1657474,34.604168,33.0,2025-10-30,,,
3.1657474,34.604168,33.0,2025-10-31,,,
3.1657474,34.604168,33.0,2025-11-01,,,
3.1657474,34.604168,33.0,2025-11-02,,,
3.1657474,34.604168,33.0,2025-11-03,,,
3.1657474,34.604168,33.0,2025-11-04,,,
3.1657474,34.604168,33.0,2025-11-05,,,
3.1657474,34.604168,33.0,2025-11-06,,,
3.1657474,34.604168,33.0,2025-11-07,,,
3.1657474,34.604168,33.0,2025-11-08,,,
3.1657474,34.604168,33.0,2025-11-09,,,
3.1657474,34.604168,33.0,2025-11-10,,,
3.1657474,34.604168,33.041668,2025-10-11,,,
3.1657474,34.604168,33.041668,2025-10-12,,,
3.1657474,34.604168,33.041668,2025-10-13,,,
3.1657474,34.604168,33.041668,2025-10-14,,,
3.1657474,34.604168,33.041668,2025-10-15,,,
3.1657474,34.604168,33.041668,2025-10-16,,,
3.1657474,34.604168,33.041668,2025-10-17,,,
3.1657474,34.604168,33.041668,2025-10-18,,,
3.1657474,34.604168,33.041668,2025-10-19,,,
3.1657474,34.604168,33.041668,2025-10-20,,,
3.1657474,34.604168,33.041668,2025-10-21,,,
3.1657474,34.604168,33.041668,2025-10-22,,,
3.1657474,34.604168,33.041668,2025-10-23,,,
3.1657474,34.604168,33.041668,2025-10-24,,,
3.1657474,34.604168,33.041668,2025-10-25,,,
3.1657474,34.604168,33.041668,2025-10-26,,,
3.1657474,34.604168,33.041668,2025-10-27,,,
3.1657474,34.604168,33.041668,2025-10-28,,,
3.1657474,34.604168,33.041668,2025-10-29,,,
3.1657474,34.604168,33.041668,2025-10-30,,,
3.1657474,34.604168,33.041668,2025-10-31,,,
3.1657474,34.604168,33.041668,2025-11-01,,,
3.1657474,34.604168,33.041668,2025-11-02,,,
3.1657474,34.604168,33.041668,2025-11-03,,,
3.1657474,34.604168,33.041668,2025-11-04,,,
3.1657474,34.604168,33.041668,2025-11-05,,,
3.1657474,34.604168,33.041668,2025-11-06,,,
3.1657474,34.604168,33.041668,2025-11-07,,,
3.1657474,34.604168,33.041668,2025-11-08,,,
3.1657474,34.604168,33.041668,2025-11-09,,,
3.1657474,34.604168,33.041668,2025-11-10,,,
3.1657474,34.604168,33.083332,2025-10-11,0.083542734,0.34961304,0.0055701095
3.1657474,34.604168,33.083332,2025-10-12,0.08158685,0.37124687,0.005741029
3.1657474,34.604168,33.083332,2025-10-13,0.08173788,0.37521848,0.0057274806
3.1657474,34.604168,33.083332,2025-10-14,0.08194038,0.3727752,0.0056856126
3.1657474,34.604168,33.083332,2025-10-15,0.081653655,0.37247303,0.005678235
3.1657474,34.604168,33.083332,2025-10-16,0.081403635,0.3695072,0.0056582256
3.1657474,34.604168,33.083332,2025-10-17,0.08129155,0.36760956,0.005642862
3.1657474,34.604168,33.083332,2025-10-18,0.080705166,0.3693012,0.005643666
3.1657474,34.604168,33.083332,2025-10-19,0.07962595,0.3740701,0.005654962
3.1657474,34.604168,33.083332,2025-10-20,0.07885525,0.37727568,0.005652328
3.1657474,34.604168,33.083332,2025-10-21,0.07771866,0.381946,0.0056732455
3.1657474,34.604168,33.083332,2025-10-22,0.07603743,0.39232284,0.005726195
3.1657474,34.604168,33.083332,2025-10-23,0.07585309,0.4023956,0.005772822
3.1657474,34.604168,33.083332,2025-10-24,0.07661447,0.40743405,0.005804213
3.1657474,34.604168,33.083332,2025-10-25,0.07675813,0.4087807,0.0058153137
3.1657474,34.604168,33.083332,2025-10-26,0.07648361,0.4091653,0.0058117774
3.1657474,34.604168,33.083332,2025-10-27,0.07642859,0.40753227,0.0057915705
3.1657474,34.604168,33.083332,2025-10-28,0.076539636,0.404525,0.0057973885
3.1657474,34.604168,33.083332,2025-10-29,0.075555176,0.40414065,0.0058201007
3.1657474,34.604168,33.083332,2025-10-30,0.07475292,0.400689,0.00580221
3.1657474,34.604168,33.083332,2025-10-31,0.07413143,0.39638197,0.0057690437
3.1657474,34.604168,33.083332,2025-11-01,0.07367313,0.39365485,0.00573535
3.1657474,34.604168,33.083332,2025-11-02,0.07339186,0.39213032,0.005707347
3.1657474,34.604168,33.083332,2025-11-03,0.07103064,0.3814746,0.0054122405
3.1657474,34.604168,33.083332,2025-11-04,0.07283377,0.3917588,0.005675739
3.1657474,34.604168,33.083332,2025-11-05,0.07233139,0.3912966,0.005645835
3.1657474,34.604168,33.083332,2025-11-06,0.07166329,0.3914298,0.0056151096
3.1657474,34.604168,33.083332,2025-11-07,0.07107233,0.39213783,0.0055876626
3.1657474,34.604168,33.083332,2025-11-08,0.07044807,0.39310503,0.0055591613
3.1657474,34.604168,33.083332,2025-11-09,0.06989161,0.39349487,0.0055290703
3.1657474,34.604168,33.083332,2025-11-10,0.0694062,0.39361984,0.005500914
3.1657474,34.604168,33.125,2025-10-11,0.08392019,0.3510086,0.0055845734
3.1657474,34.604168,33.125,2025-10-12,0.08269252,0.36706838,0.0057068523
3.1657474,34.604168,33.125,2025-10-13,0.0832596,0.36586642,0.005657832
3.1657474,34.604168,33.125,2025-10-14,0.08325733,0.3656901,0.0056390595
3.1657474,34.604168,33.125,2025-10-15,0.08262992,0.36774406,0.0056481003
3.1657474,34.604168,33.125,2025-10-16,0.082030565,0.36672083,0.005643192
3.1657474,34.604168,33.125,2025-10-17,0.08164254,0.36638236,0.005640437
3.1657474,34.604168,33.125,2025-10-18,0.08092024,0.36916775,0.005649198
3.1657474,34.604168,33.125,2025-10-19,0.079892136,0.37374324,0.0056543113
3.1657474,34.604168,33.125,2025-10-20,0.07895504,0.37773475,0.005653269
3.1657474,34.604168,33.125,2025-10-21,0.077598155,0.3834255,0.0056778747
3.1657474,34.604168,33.125,2025-10-22,0.076013826,0.3941544,0.0057328357
3.1657474,34.604168,33.125,2025-10-23,0.07618292,0.40329438,0.005775336
3.1657474,34.604168,33.125,2025-10-24,0.07699745,0.40682518,0.0058063776
3.1657474,34.604168,33.125,2025-10-25,0.07706014,0.40733734,0.0058169924
3.1657474,34.604168,33.125,2025-10-26,0.07678727,0.4071301,0.0058077658
3.1657474,34.604168,33.125,2025-10-27,0.07670222,0.40526107,0.005787918
3.1657474,34.604168,33.125,2025-10-28,0.07626078,0.4034506,0.0057986234
3.1657474,34.604168,33.125,2025-10-29,0.07534014,0.4013805,0.005797208
3.1657474,34.604168,33.125,2025-10-30,0.07473331,0.39728016,0.005773585
3.1657474,34.604168,33.125,2025-10-31,0.074073724,0.39399573,0.0057450035
3.1657474,34.604168,33.125,2025-11-01,0.073566586,0.39227322,0.0057152845
3.1657474,34.604168,33.125,2025-11-02,0.07325001,0.39142093,0.0056898287
3.1657474,34.604168,33.125,2025-11-03,0.07113075,0.38122728,0.0054041087
3.1657474,34.604168,33.125,2025-11-04,0.072628275,0.39083126,0.005652922
3.1657474,34.604168,33.125,2025-11-05,0.07206625,0.39012668,0.0056189476
3.1657474,34.604168,33.125,2025-11-06,0.07145415,0.39011502,0.0055926107
3.1657474,34.604168,33.125,2025-11-07,0.070950896,0.3903136,0.005568431
3.1657474,34.604168,33.125,2025-11-08,0.07040497,0.39091596,0.0055444334
3.1657474,34.604168,33.125,2025-11-09,0.0698721,0.39130652,0.005518301
3.1657474,34.604168,33.125,2025-11-10,0.0694232,0.39169753,0.0054945773
3.1657474,34.604168,33.166668,2025-10-11,0.08479272,0.35025948,0.0055849715
3.1657474,34.604168,33.166668,2025-10-12,0.0844884,0.3578856,0.0056363167
3.1657474,34.604168,33.166668,2025-10-13,0.08527152,0.3534779,0.005568467
3.1657474,34.604168,33.166668,2025-10-14,0.084938936,0.3567704,0.0055808583
3.1657474,34.604168,33.166668,2025-10-15,0.083888754,0.36190987,0.005611247
3.1657474,34.604168,33.166668,2025-10-16,0.08285857,0.36347026,0.0056257993
3.1657474,34.604168,33.166668,2025-10-17,0.08210344,0.3651678,0.005639134
3.1657474,34.604168,33.166668,2025-10-18,0.08120907,0.36919937,0.005657252
3.1657474,34.604168,33.166668,2025-10-19,0.08014697,0.37418967,0.005661931
3.1657474,34.604168,33.166668,2025-10-20,0.07894274,0.37944287,0.0056639523
3.1657474,34.604168,33.166668,2025-10-21,0.07740425,0.38581273,0.0056900424
3.1657474,34.604168,33.166668,2025-10-22,0.07605879,0.39593944,0.0057394602
3.1657474,34.604168,33.166668,2025-10-23,0.07658978,0.40360802,0.005777241
3.1657474,34.604168,33.166668,2025-10-24,0.07736838,0.40570968,0.005807671
3.1657474,34.604168,33.166668,2025-10-25,0.07734475,0.405378,0.0058176727
3.1657474,34.604168,33.166668,2025-10-26,0.077073984,0.40474385,0.005807496
3.1657474,34.604168,33.166668,2025-10-27,0.0767936,0.4032973,0.005791217
3.1657474,34.604168,33.166668,2025-10-28,0.07585889,0.40180522,0.0057901475
3.1657474,34.604168,33.166668,2025-10-29,0.07517782,0.3978474,0.0057641747
3.1657474,34.604168,33.166668,2025-10-30,0.07472621,0.39362857,0.0057400656
3.1657474,34.604168,33.166668,2025-10-31,0.07399889,0.39142168,0.005716628
3.1657474,34.604168,33.166668,2025-11-01,0.07340449,0.39076716,0.0056906724
3.1657474,34.604168,33.166668,2025-11-02,0.07306217,0.39042687,0.005666002
3.1657474,34.604168,33.166668,2025-11-03,0.07124436,0.38084304,0.0053930497
3.1657474,34.604168,33.166668,2025-11-04,0.072328895,0.38937828,0.0056208484
3.1657474,34.604168,33.166668,2025-11-05,0.07173154,0.3882663,0.0055847466
3.1657474,34.604168,33.166668,2025-11-06,0.071217805,0.38752627,0.005559422
3.1657474,34.604168,33.166668,2025-11-07,0.07081146,0.3868791,0.0055380166
3.1657474,34.604168,33.166668,2025-11-08,0.070341855,0.38729522,0.0055220625
3.1657474,34.604168,33.166668,2025-11-09,0.069857836,0.38806114,0.0055041835
3.1657474,34.604168,33.166668,2025-11-10,0.0694634,0.38891196,0.0054862476
3.1657474,34.645832,33.0,2025-10-11,,,
3.1657474,34.645832,33.0,2025-10-12,,,
3.1657474,34.645832,33.0,2025-10-13,,,
3.1657474,34.645832,33.0,2025-10-14,,,
3.1657474,34.645832,33.0,2025-10-15,,,
3.1657474,34.645832,33.0,2025-10-16,,,
3.1657474,34.645832,33.0,2025-10-17,,,
3.1657474,34.645832,33.0,2025-10-18,,,
3.1657474,34.645832,33.0,2025-10-19,,,
3.1657474,34.645832,33.0,2025-10-20,,,
3.1657474,34.645832,33.0,2025-10-21,,,
3.1657474,34.645832,33.0,2025-10-22,,,
3.1657474,34.645832,33.0,2025-10-23,,,
3.1657474,34.645832,33.0,2025-10-24,,,
3.1657474,34.645832,33.0,2025-10-25,,,
3.1657474,34.645832,33.0,2025-10-26,,,
3.1657474,34.645832,33.0,2025-10-27,,,
3.1657474,34.645832,33.0,2025-10-28,,,
3.1657474,34.645832,33.0,2025-10-29,,,
3.1657474,34.645832,33.0,2025-10-30,,,
3.1657474,34.645832,33.0,2025-10-31,,,
3.1657474,34.645832,33.0,2025-11-01,,,
3.1657474,34.645832,33.0,2025-11-02,,,
3.1657474,34.645832,33.0,2025-11-03,,,
3.1657474,34.645832,33.0,2025-11-04,,,
3.1657474,34.645832,33.0,2025-11-05,,,
3.1657474,34.645832,33.0,2025-11-06,,,
3.1657474,34.645832,33.0,2025-11-07,,,
3.1657474,34.645832,33.0,2025-11-08,,,
3.1657474,34.645832,33.0,2025-11-09,,,
3.1657474,34.645832,33.0,2025-11-10,,,
3.1657474,34.645832,33.041668,2025-10-11,,,
3.1657474,34.645832,33.041668,2025-10-12,,,
3.1657474,34.645832,33.041668,2025-10-13,,,
3.1657474,34.645832,33.041668,2025-10-14,,,
3.1657474,34.645832,33.041668,2025-10-15,,,
3.1657474,34.645832,33.041668,2025-10-16,,,
3.1657474,34.645832,33.041668,2025-10-17,,,
3.1657474,34.645832,33.041668,2025-10-18,,,
3.1657474,34.645832,33.041668,2025-10-19,,,
3.1657474,34.645832,33.041668,2025-10-20,,,
3.1657474,34.645832,33.041668,2025-10-21,,,
3.1657474,34.645832,33.041668,2025-10-22,,,
3.1657474,34.645832,33.041668,2025-10-23,,,
3.1657474,34.645832,33.041668,2025-10-24,,,
3.1657474,34.645832,33.041668,2025-10-25,,,
3.1657474,34.645832,33.041668,2025-10-26,,,
3.1657474,34.645832,33.041668,2025-10-27,,,
3.1657474,34.645832,33.041668,2025-10-28,,,
3.1657474,34.645832,33.041668,2025-10-29,,,
3.1657474,34.645832,33.041668,2025-10-30,,,
3.1657474,34.645832,33.041668,2025-10-31,,,
3.1657474,34.645832,33.041668,2025-11-01,,,
3.1657474,34.645832,33.041668,2025-11-02,,,
3.1657474,34.645832,33.041668,2025-11-03,,,
3.1657474,34.645832,33.041668,2025-11-04,,,
3.1657474,34.645832,33.041668,2025-11-05,,,
3.1657474,34.645832,33.041668,2025-11-06,,,
3.1657474,34.645832,33.041668,2025-11-07,,,
3.1657474,34.645832,33.041668,2025-11-08,,,
3.1657474,34.645832,33.041668,2025-11-09,,,
3.1657474,34.645832,33.041668,2025-11-10,,,
3.1657474,34.645832,33.083332,2025-10-11,0.08307468,0.35411102,0.005599868
3.1657474,34.645832,33.083332,2025-10-12,0.08122921,0.3758381,0.005769623
3.1657474,34.645832,33.083332,2025-10-13,0.08089221,0.38039362,0.0057586757
3.1657474,34.645832,33.083332,2025-10-14,0.080899805,0.3794093,0.005728634
3.1657474,34.645832,33.083332,2025-10-15,0.080654636,0.3790496,0.0057189134
3.1657474,34.645832,33.083332,2025-10-16,0.080334395,0.37660944,0.0056974255
3.1657474,34.645832,33.083332,2025-10-17,0.08019146,0.3739992,0.005673454
3.1657474,34.645832,33.083332,2025-10-18,0.07989129,0.37366137,0.005660078
3.1657474,34.645832,33.083332,2025-10-19,0.079430565,0.37550652,0.0056558517
3.1657474,34.645832,33.083332,2025-10-20,0.078960426,0.37738803,0.0056502908
3.1657474,34.645832,33.083332,2025-10-21,0.0778829,0.3819406,0.005670466
3.1657474,34.645832,33.083332,2025-10-22,0.0763753,0.3917993,0.0057223532
3.1657474,34.645832,33.083332,2025-10-23,0.075965084,0.4020145,0.0057712425
3.1657474,34.645832,33.083332,2025-10-24,0.076452814,0.40746674,0.005802985
3.1657474,34.645832,33.083332,2025-10-25,0.07679836,0.40786192,0.005804576
3.1657474,34.645832,33.083332,2025-10-26,0.076807044,0.40723062,0.0057955864
3.1657474,34.645832,33.083332,2025-10-27,0.076982185,0.4048489,0.005775115
3.1657474,34.645832,33.083332,2025-10-28,0.07683405,0.4035526,0.0057946984
3.1657474,34.645832,33.083332,2025-10-29,0.07556607,0.40484017,0.005828382
3.1657474,34.645832,33.083332,2025-10-30,0.07476143,0.4014055,0.005809257
3.1657474,34.645832,33.083332,2025-10-31,0.07415009,0.3970292,0.0057762493
3.1657474,34.645832,33.083332,2025-11-01,0.073787674,0.3936896,0.005741633
3.1657474,34.645832,33.083332,2025-11-02,0.07361627,0.39166787,0.0057170237
3.1657474,34.645832,33.083332,2025-11-03,0.071142845,0.38108286,0.00541606
3.1657474,34.645832,33.083332,2025-11-04,0.073033445,0.3914475,0.0056852037
3.1657474,34.645832,33.083332,2025-11-05,0.07244582,0.3912492,0.0056546004
3.1657474,34.645832,33.083332,2025-11-06,0.071823075,0.3912188,0.005621087
3.1657474,34.645832,33.083332,2025-11-07,0.07126764,0.3921448,0.0055952067
3.1657474,34.645832,33.083332,2025-11-08,0.070570745,0.39390293,0.00557142
3.1657474,34.645832,33.083332,2025-11-09,0.06995799,0.39511073,0.0055445232
3.1657474,34.645832,33.083332,2025-11-10,0.0694235,0.39576185,0.005515223
3.1657474,34.645832,33.125,2025-10-11,0.08281277,0.3603845,0.0056544426
3.1657474,34.645832,33.125,2025-10-12,0.08154669,0.3772097,0.005774816
3.1657474,34.645832,33.125,2025-10-13,0.08161899,0.37681785,0.0057289638
3.1657474,34.645832,33.125,2025-10-14,0.08152014,0.376683,0.005709759
3.1657474,34.645832,33.125,2025-10-15,0.08113114,0.37713727,0.005705271
3.1657474,34.645832,33.125,2025-10-16,0.080694005,0.37550697,0.00569009
3.1657474,34.645832,33.125,2025-10-17,0.08040546,0.37408596,0.0056762667
3.1657474,34.645832,33.125,2025-10-18,0.08000422,0.37447813,0.0056680646
3.1657474,34.645832,33.125,2025-10-19,0.07956505,0.3758028,0.005655196
3.1657474,34.645832,33.125,2025-10-20,0.07891726,0.37867627,0.005655124
3.1657474,34.645832,33.125,2025-10-21,0.077695996,0.3840679,0.005678355
3.1657474,34.645832,33.125,2025-10-22,0.07626177,0.39485532,0.00573576
3.1657474,34.645832,33.125,2025-10-23,0.07630867,0.40386337,0.0057799327
3.1657474,34.645832,33.125,2025-10-24,0.07693448,0.4073217,0.005809744
3.1657474,34.645832,33.125,2025-10-25,0.07717878,0.40674573,0.0058086463
3.1657474,34.645832,33.125,2025-10-26,0.07732038,0.4045241,0.00578622
3.1657474,34.645832,33.125,2025-10-27,0.077402435,0.40240338,0.0057723173
3.1657474,34.645832,33.125,2025-10-28,0.076567456,0.40318954,0.0058070556
3.1657474,34.645832,33.125,2025-10-29,0.075397804,0.40259025,0.005818653
3.1657474,34.645832,33.125,2025-10-30,0.074764,0.3982466,0.0057908837
3.1657474,34.645832,33.125,2025-10-31,0.07415574,0.39439043,0.005756549
3.1657474,34.645832,33.125,2025-11-01,0.073767155,0.39197803,0.005725735
3.1657474,34.645832,33.125,2025-11-02,0.07354218,0.39089385,0.005705518
3.1657474,34.645832,33.125,2025-11-03,0.07116519,0.38041082,0.005409809
3.1657474,34.645832,33.125,2025-11-04,0.072903365,0.39039725,0.005667051
3.1657474,34.645832,33.125,2025-11-05,0.07222765,0.3899359,0.005630546
3.1657474,34.645832,33.125,2025-11-06,0.07160836,0.3901373,0.005601607
3.1657474,34.645832,33.125,2025-11-07,0.07114825,0.3909334,0.005579872
3.1657474,34.645832,33.125,2025-11-08,0.07057559,0.39248505,0.0055609136
3.1657474,34.645832,33.125,2025-11-09,0.069996834,0.39374685,0.0055377935
3.1657474,34.645832,33.125,2025-11-10,0.06947467,0.39450946,0.0055107037
3.1657474,34.645832,33.166668,2025-10-11,0.082896166,0.36475044,0.005695552
3.1657474,34.645832,33.166668,2025-10-12,0.082438715,0.37383378,0.0057456237
3.1657474,34.645832,33.166668,2025-10-13,0.082739435,0.37094578,0.0056867944
3.1657474,34.645832,33.166668,2025-10-14,0.082446985,0.37264884,0.0056851194
3.1657474,34.645832,33.166668,2025-10-15,0.08184721,0.374373,0.005688949
3.1657474,34.645832,33.166668,2025-10-16,0.08125949,0.37354317,0.0056797946
3.1657474,34.645832,33.166668,2025-10-17,0.08080588,0.37323347,0.005675445
3.1657474,34.645832,33.166668,2025-10-18,0.08026618,0.37457323,0.0056740334
3.1657474,34.645832,33.166668,2025-10-19,0.07968528,0.3767916,0.005665011
3.1657474,34.645832,33.166668,2025-10-20,0.078689694,0.3817217,0.0056748674
3.1657474,34.645832,33.166668,2025-10-21,0.077302694,0.38809392,0.005701067
3.1657474,34.645832,33.166668,2025-10-22,0.076177426,0.39853898,0.005753188
3.1657474,34.645832,33.166668,2025-10-23,0.07684459,0.4051843,0.0057897116
3.1657474,34.645832,33.166668,2025-10-24,0.07752387,0.4067014,0.0058192257
3.1657474,34.645832,33.166668,2025-10-25,0.07757242,0.40561235,0.005819145
3.1657474,34.645832,33.166668,2025-10-26,0.07762029,0.4030878,0.005794498
3.1657474,34.645832,33.166668,2025-10-27,0.07739988,0.40179318,0.005788535
3.1657474,34.645832,33.166668,2025-10-28,0.07610839,0.40272003,0.0058153463
3.1657474,34.645832,33.166668,2025-10-29,0.07530178,0.39924407,0.0057996493
3.1657474,34.645832,33.166668,2025-10-30,0.07478355,0.39424175,0.0057653254
3.1657474,34.645832,33.166668,2025-10-31,0.0741045,0.39127356,0.005730585
3.1657474,34.645832,33.166668,2025-11-01,0.073616914,0.39012483,0.005703317
3.1657474,34.645832,33.166668,2025-11-02,0.07334612,0.3899389,0.005686381
3.1657474,34.645832,33.166668,2025-11-03,0.071071014,0.37960714,0.0054018213
3.1657474,34.645832,33.166668,2025-11-04,0.07258851,0.38882336,0.005636402
3.1657474,34.645832,33.166668,2025-11-05,0.07190346,0.38776928,0.0055959565
3.1657474,34.645832,33.166668,2025-11-06,0.07137933,0.38784856,0.0055715377
3.1657474,34.645832,33.166668,2025-11-07,0.07102304,0.38846144,0.0055546407
3.1657474,34.645832,33.166668,2025-11-08,0.07055214,0.38992563,0.0055414746
3.1657474,34.645832,33.166668,2025-11-09,0.07002009,0.39131787,0.005523357
3.1657474,34.645832,33.166668,2025-11-10,0.06953422,0.39210877,0.0054990966
3.1657474,34.6875,33.0,2025-10-11,,,
3.1657474,34.6875,33.0,2025-10-12,,,
3.1657474,34.6875,33.0,2025-10-13,,,
3.1657474,34.6875,33.0,2025-10-14,,,
3.1657474,34.6875,33.0,2025-10-15,,,
3.1657474,34.6875,33.0,2025-10-16,,,
3.1657474,34.6875,33.0,2025-10-17,,,
3.1657474,34.6875,33.0,2025-10-18,,,
3.1657474,34.6875,33.0,2025-10-19,,,
3.1657474,34.6875,33.0,2025-10-20,,,
3.1657474,34.6875,33.0,2025-10-21,,,
3.1657474,34.6875,33.0,2025-10-22,,,
3.1657474,34.6875,33.0,2025-10-23,,,
3.1657474,34.6875,33.0,2025-10-24,,,
3.1657474,34.6875,33.0,2025-10-25,,,
3.1657474,34.6875,33.0,2025-10-26,,,
3.1657474,34.6875,33.0,2025-10-27,,,
3.1657474,34.6875,33.0,2025-10-28,,,
3.1657474,34.6875,33.0,2025-10-29,,,
3.1657474,34.6875,33.0,2025-10-30,,,
3.1657474,34.6875,33.0,2025-10-31,,,
3.1657474,34.6875,33.0,2025-11-01,,,
3.1657474,34.6875,33.0,2025-11-02,,,
3.1657474,34.6875,33.0,2025-11-03,,,
3.1657474,34.6875,33.0,2025-11-04,,,
3.1657474,34.6875,33.0,2025-11-05,,,
3.1657474,34.6875,33.0,2025-11-06,,,
3.1657474,34.6875,33.0,2025-11-07,,,
3.1657474,34.6875,33.0,2025-11-08,,,
3.1657474,34.6875,33.0,2025-11-09,,,
3.1657474,34.6875,33.0,2025-11-10,,,
3.1657474,34.6875,33.041668,2025-10-11,,,
3.1657474,34.6875,33.041668,2025-10-12,,,
3.1657474,34.6875,33.041668,2025-10-13,,,
3.1657474,34.6875,33.041668,2025-10-14,,,
3.1657474,34.6875,33.041668,2025-10-15,,,
3.1657474,34.6875,33.041668,2025-10-16,,,
3.1657474,34.6875,33.041668,2025-10-17,,,
3.1657474,34.6875,33.041668,2025-10-18,,,
3.1657474,34.6875,33.041668,2025-10-19,,,
3.1657474,34.6875,33.041668,2025-10-20,,,
3.1657474,34.6875,33.041668,2025-10-21,,,
3.1657474,34.6875,33.041668,2025-10-22,,,
3.1657474,34.6875,33.041668,2025-10-23,,,
3.1657474,34.6875,33.041668,2025-10-24,,,
3.1657474,34.6875,33.041668,2025-10-25,,,
3.1657474,34.6875,33.041668,2025-10-26,,,
3.1657474,34.6875,33.041668,2025-10-27,,,
3.1657474,34.6875,33.041668,2025-10-28,,,
3.1657474,34.6875,33.041668,2025-10-29,,,
3.1657474,34.6875,33.041668,2025-10-30,,,
3.1657474,34.6875,33.041668,2025-10-31,,,
3.1657474,34.6875,33.041668,2025-11-01,,,
3.1657474,34.6875,33.041668,2025-11-02,,,
3.1657474,34.6875,33.041668,2025-11-03,,,
3.1657474,34.6875,33.041668,2025-11-04,,,
3.1657474,34.6875,33.041668,2025-11-05,,,
3.1657474,34.6875,33.041668,2025-11-06,,,
3.1657474,34.6875,33.041668,2025-11-07,,,
3.1657474,34.6875,33.041668,2025-11-08,,,
3.1657474,34.6875,33.041668,2025-11-09,,,
3.1657474,34.6875,33.041668,2025-11-10,,,
3.1657474,34.6875,33.083332,2025-10-11,,,
3.1657474,34.6875,33.083332,2025-10-12,,,
3.1657474,34.6875,33.083332,2025-10-13,,,
3.1657474,34.6875,33.083332,2025-10-14,,,
3.1657474,34.6875,33.083332,2025-10-15,,,
3.1657474,34.6875,33.083332,2025-10-16,,,
3.1657474,34.6875,33.083332,2025-10-17,,,
3.1657474,34.6875,33.083332,2025-10-18,,,
3.1657474,34.6875,33.083332,2025-10-19,,,
3.1657474,34.6875,33.083332,2025-10-20,,,
3.1657474,34.6875,33.083332,2025-10-21,,,
3.1657474,34.6875,33.083332,2025-10-22,,,
3.1657474,34.6875,33.083332,2025-10-23,,,
3.1657474,34.6875,33.083332,2025-10-24,,,
3.1657474,34.6875,33.083332,2025-10-25,,,
3.1657474,34.6875,33.083332,2025-10-26,,,
3.1657474,34.6875,33.083332,2025-10-27,,,
3.1657474,34.6875,33.083332,2025-10-28,,,
3.1657474,34.6875,33.083332,2025-10-29,,,
3.1657474,34.6875,33.083332,2025-10-30,,,
3.1657474,34.6875,33.083332,2025-10-31,,,
3.1657474,34.6875,33.083332,2025-11-01,,,
3.1657474,34.6875,33.083332,2025-11-02,,,
3.1657474,34.6875,33.083332,2025-11-03,,,
3.1657474,34.6875,33.083332,2025-11-04,,,
3.1657474,34.6875,33.083332,2025-11-05,,,
3.1657474,34.6875,33.083332,2025-11-06,,,
3.1657474,34.6875,33.083332,2025-11-07,,,
3.1657474,34.6875,33.083332,2025-11-08,,,
3.1657474,34.6875,33.083332,2025-11-09,,,
3.1657474,34.6875,33.083332,2025-11-10,,,
3.1657474,34.6875,33.125,2025-10-11,0.08192047,0.36863872,0.005718605
3.1657474,34.6875,33.125,2025-10-12,0.08053709,0.3855553,0.005830831
3.1657474,34.6875,33.125,2025-10-13,0.08062835,0.38295043,0.005760534
3.1657474,34.6875,33.125,2025-10-14,0.08053597,0.3826939,0.005742801
3.1657474,34.6875,33.125,2025-10-15,0.080298595,0.3820989,0.005729292
3.1657474,34.6875,33.125,2025-10-16,0.079988606,0.38037357,0.005710861
3.1657474,34.6875,33.125,2025-10-17,0.07977498,0.37893277,0.005696889
3.1657474,34.6875,33.125,2025-10-18,0.079537556,0.37780303,0.0056776768
3.1657474,34.6875,33.125,2025-10-19,0.07937282,0.37655294,0.0056472034
3.1657474,34.6875,33.125,2025-10-20,0.07884576,0.37863377,0.0056479406
3.1657474,34.6875,33.125,2025-10-21,0.077740565,0.383776,0.005671671
3.1657474,34.6875,33.125,2025-10-22,0.07628326,0.3952768,0.005736251
3.1657474,34.6875,33.125,2025-10-23,0.076214306,0.4045516,0.005781501
3.1657474,34.6875,33.125,2025-10-24,0.07691569,0.40745673,0.0058056707
3.1657474,34.6875,33.125,2025-10-25,0.07742689,0.40517274,0.0057898066
3.1657474,34.6875,33.125,2025-10-26,0.07799647,0.40096852,0.005756073
3.1657474,34.6875,33.125,2025-10-27,0.078028984,0.39977527,0.005755809
3.1657474,34.6875,33.125,2025-10-28,0.07674125,0.4032162,0.005813321
3.1657474,34.6875,33.125,2025-10-29,0.07536231,0.40354055,0.005831536
3.1657474,34.6875,33.125,2025-10-30,0.07475805,0.3989936,0.0058009545
3.1657474,34.6875,33.125,2025-10-31,0.074312426,0.394037,0.0057601496
3.1657474,34.6875,33.125,2025-11-01,0.07409418,0.3908608,0.005729694
3.1657474,34.6875,33.125,2025-11-02,0.07389543,0.38993368,0.0057140817
3.1657474,34.6875,33.125,2025-11-03,0.071312055,0.37974745,0.005410767
3.1657474,34.6875,33.125,2025-11-04,0.07315037,0.38996044,0.0056750723
3.1657474,34.6875,33.125,2025-11-05,0.072333746,0.38976753,0.0056339423
3.1657474,34.6875,33.125,2025-11-06,0.071668416,0.39010584,0.0056017227
3.1657474,34.6875,33.125,2025-11-07,0.071246184,0.39133707,0.005583823
3.1657474,34.6875,33.125,2025-11-08,0.07073351,0.3931911,0.0055687567
3.1657474,34.6875,33.125,2025-11-09,0.07013683,0.39486265,0.0055489917
3.1657474,34.6875,33.125,2025-11-10,0.069536574,0.39575276,0.005520195
3.1657474,34.6875,33.166668,2025-10-11,0.08175762,0.37442923,0.0057688733
3.1657474,34.6875,33.166668,2025-10-12,0.0810041,0.3848827,0.005822257
3.1657474,34.6875,33.166668,2025-10-13,0.081149146,0.38127905,0.005749615
3.1657474,34.6875,33.166668,2025-10-14,0.08092563,0.38205057,0.005742734
3.1657474,34.6875,33.166668,2025-10-15,0.080600515,0.38160256,0.005729386
3.1657474,34.6875,33.166668,2025-10-16,0.08026322,0.37966615,0.005708849
3.1657474,34.6875,33.166668,2025-10-17,0.080019355,0.37838084,0.005696471
3.1657474,34.6875,33.166668,2025-10-18,0.07972166,0.37768757,0.0056802533
3.1657474,34.6875,33.166668,2025-10-19,0.079395145,0.37792906,0.005661689
3.1657474,34.6875,33.166668,2025-10-20,0.07855993,0.3818701,0.0056717834
3.1657474,34.6875,33.166668,2025-10-21,0.07731215,0.3877917,0.005696467
3.1657474,34.6875,33.166668,2025-10-22,0.076196566,0.3987456,0.0057541644
3.1657474,34.6875,33.166668,2025-10-23,0.07673041,0.4054801,0.0057910536
3.1657474,34.6875,33.166668,2025-10-24,0.07740598,0.40695807,0.0058147777
3.1657474,34.6875,33.166668,2025-10-25,0.07769302,0.40481392,0.0058025555
3.1657474,34.6875,33.166668,2025-10-26,0.07804468,0.40130317,0.0057738135
3.1657474,34.6875,33.166668,2025-10-27,0.077808246,0.40080443,0.005780917
3.1657474,34.6875,33.166668,2025-10-28,0.076319546,0.40339684,0.0058265883
3.1657474,34.6875,33.166668,2025-10-29,0.075336404,0.40089193,0.005820111
3.1657474,34.6875,33.166668,2025-10-30,0.07479201,0.39581832,0.0057833456
3.1657474,34.6875,33.166668,2025-10-31,0.074270375,0.3916807,0.005741929
3.1657474,34.6875,33.166668,2025-11-01,0.07394549,0.38963076,0.005714045
3.1657474,34.6875,33.166668,2025-11-02,0.07373517,0.38932034,0.00570136
3.1657474,34.6875,33.166668,2025-11-03,0.07114095,0.37911066,0.0054062796
3.1657474,34.6875,33.166668,2025-11-04,0.072873786,0.38871598,0.0056503112
3.1657474,34.6875,33.166668,2025-11-05,0.07209425,0.38798952,0.0056073377
3.1657474,34.6875,33.166668,2025-11-06,0.07154476,0.38838443,0.005580625
3.1657474,34.6875,33.166668,2025-11-07,0.07119582,0.38974395,0.0055670696
3.1657474,34.6875,33.166668,2025-11-08,0.07073166,0.39170688,0.0055558938
3.1657474,34.6875,33.166668,2025-11-09,0.07015702,0.39332068,0.0055376347
3.1657474,34.6875,33.166668,2025-11-10,0.069581844,0.39390334,0.005508461
3.1657474,34.729168,33.0,2025-10-11,,,
3.1657474,34.729168,33.0,2025-10-12,,,
3.1657474,34.729168,33.0,2025-10-13,,,
3.1657474,34.729168,33.0,2025-10-14,,,
3.1657474,34.729168,33.0,2025-10-15,,,
3.1657474,34.729168,33.0,2025-10-16,,,
3.1657474,34.729168,33.0,2025-10-17,,,
3.1657474,34.729168,33.0,2025-10-18,,,
3.1657474,34.729168,33.0,2025-10-19,,,
3.1657474,34.729168,33.0,2025-10-20,,,
3.1657474,34.729168,33.0,2025-10-21,,,
3.1657474,34.729168,33.0,2025-10-22,,,
3.1657474,34.729168,33.0,2025-10-23,,,
3.1657474,34.729168,33.0,2025-10-24,,,
3.1657474,34.729168,33.0,2025-10-25,,,
3.1657474,34.729168,33.0,2025-10-26,,,
3.1657474,34.729168,33.0,2025-10-27,,,
3.1657474,34.729168,33.0,2025-10-28,,,
3.1657474,34.729168,33.0,2025-10-29,,,
3.1657474,34.729168,33.0,2025-10-30,,,
3.1657474,34.729168,33.0,2025-10-31,,,
3.1657474,34.729168,33.0,2025-11-01,,,
3.1657474,34.729168,33.0,2025-11-02,,,
3.1657474,34.729168,33.0,2025-11-03,,,
3.1657474,34.729168,33.0,2025-11-04,,,
3.1657474,34.729168,33.0,2025-11-05,,,
3.1657474,34.729168,33.0,2025-11-06,,,
3.1657474,34.729168,33.0,2025-11-07,,,
3.1657474,34.729168,33.0,2025-11-08,,,
3.1657474,34.729168,33.0,2025-11-09,,,
3.1657474,34.729168,33.0,2025-11-10,,,
3.1657474,34.729168,33.041668,2025-10-11,,,
3.1657474,34.729168,33.041668,2025-10-12,,,
3.1657474,34.729168,33.041668,2025-10-13,,,
3.1657474,34.729168,33.041668,2025-10-14,,,
3.1657474,34.729168,33.041668,2025-10-15,,,
3.1657474,34.729168,33.041668,2025-10-16,,,
3.1657474,34.729168,33.041668,2025-10-17,,,
3.1657474,34.729168,33.041668,2025-10-18,,,
3.1657474,34.729168,33.041668,2025-10-19,,,
3.1657474,34.729168,33.041668,2025-10-20,,,
3.1657474,34.729168,33.041668,2025-10-21,,,
3.1657474,34.729168,33.041668,2025-10-22,,,
3.1657474,34.729168,33.041668,2025-10-23,,,
3.1657474,34.729168,33.041668,2025-10-24,,,
3.1657474,34.729168,33.041668,2025-10-25,,,
3.1657474,34.729168,33.041668,2025-10-26,,,
3.1657474,34.729168,33.041668,2025-10-27,,,
3.1657474,34.729168,33.041668,2025-10-28,,,
3.1657474,34.729168,33.041668,2025-10-29,,,
3.1657474,34.729168,33.041668,2025-10-30,,,
3.1657474,34.729168,33.041668,2025-10-31,,,
3.1657474,34.729168,33.041668,2025-11-01,,,
3.1657474,34.729168,33.041668,2025-11-02,,,
3.1657474,34.729168,33.041668,2025-11-03,,,
3.1657474,34.729168,33.041668,2025-11-04,,,
3.1657474,34.729168,33.041668,2025-11-05,,,
3.1657474,34.729168,33.041668,2025-11-06,,,
3.1657474,34.729168,33.041668,2025-11-07,,,
3.1657474,34.729168,33.041668,2025-11-08,,,
3.1657474,34.729168,33.041668,2025-11-09,,,
3.1657474,34.729168,33.041668,2025-11-10,,,
3.1657474,34.729168,33.083332,2025-10-11,,,
3.1657474,34.729168,33.083332,2025-10-12,,,
3.1657474,34.729168,33.083332,2025-10-13,,,
3.1657474,34.729168,33.083332,2025-10-14,,,
3.1657474,34.729168,33.083332,2025-10-15,,,
3.1657474,34.729168,33.083332,2025-10-16,,,
3.1657474,34.729168,33.083332,2025-10-17,,,
3.1657474,34.729168,33.083332,2025-10-18,,,
3.1657474,34.729168,33.083332,2025-10-19,,,
3.1657474,34.729168,33.083332,2025-10-20,,,
3.1657474,34.729168,33.083332,2025-10-21,,,
3.1657474,34.729168,33.083332,2025-10-22,,,
3.1657474,34.729168,33.083332,2025-10-23,,,
3.1657474,34.729168,33.083332,2025-10-24,,,
3.1657474,34.729168,33.083332,2025-10-25,,,
3.1657474,34.729168,33.083332,2025-10-26,,,
3.1657474,34.729168,33.083332,2025-10-27,,,
3.1657474,34.729168,33.083332,2025-10-28,,,
3.1657474,34.729168,33.083332,2025-10-29,,,
3.1657474,34.729168,33.083332,2025-10-30,,,
3.1657474,34.729168,33.083332,2025-10-31,,,
3.1657474,34.729168,33.083332,2025-11-01,,,
3.1657474,34.729168,33.083332,2025-11-02,,,
3.1657474,34.729168,33.083332,2025-11-03,,,
3.1657474,34.729168,33.083332,2025-11-04,,,
3.1657474,34.729168,33.083332,2025-11-05,,,
3.1657474,34.729168,33.083332,2025-11-06,,,
3.1657474,34.729168,33.083332,2025-11-07,,,
3.1657474,34.729168,33.083332,2025-11-08,,,
3.1657474,34.729168,33.083332,2025-11-09,,,
3.1657474,34.729168,33.083332,2025-11-10,,,
3.1657474,34.729168,33.125,2025-10-11,,,
3.1657474,34.729168,33.125,2025-10-12,,,
3.1657474,34.729168,33.125,2025-10-13,,,
3.1657474,34.729168,33.125,2025-10-14,,,
3.1657474,34.729168,33.125,2025-10-15,,,
3.1657474,34.729168,33.125,2025-10-16,,,
3.1657474,34.729168,33.125,2025-10-17,,,
3.1657474,34.729168,33.125,2025-10-18,,,
3.1657474,34.729168,33.125,2025-10-19,,,
3.1657474,34.729168,33.125,2025-10-20,,,
3.1657474,34.729168,33.125,2025-10-21,,,
3.1657474,34.729168,33.125,2025-10-22,,,
3.1657474,34.729168,33.125,2025-10-23,,,
3.1657474,34.729168,33.125,2025-10-24,,,
3.1657474,34.729168,33.125,2025-10-25,,,
3.1657474,34.729168,33.125,2025-10-26,,,
3.1657474,34.729168,33.125,2025-10-27,,,
3.1657474,34.729168,33.125,2025-10-28,,,
3.1657474,34.729168,33.125,2025-10-29,,,
3.1657474,34.729168,33.125,2025-10-30,,,
3.1657474,34.729168,33.125,2025-10-31,,,
3.1657474,34.729168,33.125,2025-11-01,,,
3.1657474,34.729168,33.125,2025-11-02,,,
3.1657474,34.729168,33.125,2025-11-03,,,
3.1657474,34.729168,33.125,2025-11-04,,,
3.1657474,34.729168,33.125,2025-11-05,,,
3.1657474,34.729168,33.125,2025-11-06,,,
3.1657474,34.729168,33.125,2025-11-07,,,
3.1657474,34.729168,33.125,2025-11-08,,,
3.1657474,34.729168,33.125,2025-11-09,,,
3.1657474,34.729168,33.125,2025-11-10,,,
3.1657474,34.729168,33.166668,2025-10-11,,,
3.1657474,34.729168,33.166668,2025-10-12,,,
3.1657474,34.729168,33.166668,2025-10-13,,,
3.1657474,34.729168,33.166668,2025-10-14,,,
3.1657474,34.729168,33.166668,2025-10-15,,,
3.1657474,34.729168,33.166668,2025-10-16,,,
3.1657474,34.729168,33.166668,2025-10-17,,,
3.1657474,34.729168,33.166668,2025-10-18,,,
3.1657474,34.729168,33.166668,2025-10-19,,,
3.1657474,34.729168,33.166668,2025-10-20,,,
3.1657474,34.729168,33.166668,2025-10-21,,,
3.1657474,34.729168,33.166668,2025-10-22,,,
3.1657474,34.729168,33.166668,2025-10-23,,,
3.1657474,34.729168,33.166668,2025-10-24,,,
3.1657474,34.729168,33.166668,2025-10-25,,,
3.1657474,34.729168,33.166668,2025-10-26,,,
3.1657474,34.729168,33.166668,2025-10-27,,,
3.1657474,34.729168,33.166668,2025-10-28,,,
3.1657474,34.729168,33.166668,2025-10-29,,,
3.1657474,34.729168,33.166668,2025-10-30,,,
3.1657474,34.729168,33.166668,2025-10-31,,,
3.1657474,34.729168,33.166668,2025-11-01,,,
3.1657474,34.729168,33.166668,2025-11-02,,,
3.1657474,34.729168,33.166668,2025-11-03,,,
3.1657474,34.729168,33.166668,2025-11-04,,,
3.1657474,34.729168,33.166668,2025-11-05,,,
3.1657474,34.729168,33.166668,2025-11-06,,,
3.1657474,34.729168,33.166668,2025-11-07,,,
3.1657474,34.729168,33.166668,2025-11-08,,,
3.1657474,34.729168,33.166668,2025-11-09,,,
3.1657474,34.729168,33.166668,2025-11-10,,,
3.1657474,34.770832,33.0,2025-10-11,,,
3.1657474,34.770832,33.0,2025-10-12,,,
3.1657474,34.770832,33.0,2025-10-13,,,
3.1657474,34.770832,33.0,2025-10-14,,,
3.1657474,34.770832,33.0,2025-10-15,,,
3.1657474,34.770832,33.0,2025-10-16,,,
3.1657474,34.770832,33.0,2025-10-17,,,
3.1657474,34.770832,33.0,2025-10-18,,,
3.1657474,34.770832,33.0,2025-10-19,,,
3.1657474,34.770832,33.0,2025-10-20,,,
3.1657474,34.770832,33.0,2025-10-21,,,
3.1657474,34.770832,33.0,2025-10-22,,,
3.1657474,34.770832,33.0,2025-10-23,,,
3.1657474,34.770832,33.0,2025-10-24,,,
3.1657474,34.770832,33.0,2025-10-25,,,
3.1657474,34.770832,33.0,2025-10-26,,,
3.1657474,34.770832,33.0,2025-10-27,,,
3.1657474,34.770832,33.0,2025-10-28,,,
3.1657474,34.770832,33.0,2025-10-29,,,
3.1657474,34.770832,33.0,2025-10-30,,,
3.1657474,34.770832,33.0,2025-10-31,,,
3.1657474,34.770832,33.0,2025-11-01,,,
3.1657474,34.770832,33.0,2025-11-02,,,
3.1657474,34.770832,33.0,2025-11-03,,,
3.1657474,34.770832,33.0,2025-11-04,,,
3.1657474,34.770832,33.0,2025-11-05,,,
3.1657474,34.770832,33.0,2025-11-06,,,
3.1657474,34.770832,33.0,2025-11-07,,,
3.1657474,34.770832,33.0,2025-11-08,,,
3.1657474,34.770832,33.0,2025-11-09,,,
3.1657474,34.770832,33.0,2025-11-10,,,
3.1657474,34.770832,33.041668,2025-10-11,,,
3.1657474,34.770832,33.041668,2025-10-12,,,
3.1657474,34.770832,33.041668,2025-10-13,,,
3.1657474,34.770832,33.041668,2025-10-14,,,
3.1657474,34.770832,33.041668,2025-10-15,,,
3.1657474,34.770832,33.041668,2025-10-16,,,
3.1657474,34.770832,33.041668,2025-10-17,,,
3.1657474,34.770832,33.041668,2025-10-18,,,
3.1657474,34.770832,33.041668,2025-10-19,,,
3.1657474,34.770832,33.041668,2025-10-20,,,
3.1657474,34.770832,33.041668,2025-10-21,,,
3.1657474,34.770832,33.041668,2025-10-22,,,
3.1657474,34.770832,33.041668,2025-10-23,,,
3.1657474,34.770832,33.041668,2025-10-24,,,
3.1657474,34.770832,33.041668,2025-10-25,,,
3.1657474,34.770832,33.041668,2025-10-26,,,
3.1657474,34.770832,33.041668,2025-10-27,,,
3.1657474,34.770832,33.041668,2025-10-28,,,
3.1657474,34.770832,33.041668,2025-10-29,,,
3.1657474,34.770832,33.041668,2025-10-30,,,
3.1657474,34.770832,33.041668,2025-10-31,,,
3.1657474,34.770832,33.041668,2025-11-01,,,
3.1657474,34.770832,33.041668,2025-11-02,,,
3.1657474,34.770832,33.041668,2025-11-03,,,
3.1657474,34.770832,33.041668,2025-11-04,,,
3.1657474,34.770832,33.041668,2025-11-05,,,
3.1657474,34.770832,33.041668,2025-11-06,,,
3.1657474,34.770832,33.041668,2025-11-07,,,
3.1657474,34.770832,33.041668,2025-11-08,,,
3.1657474,34.770832,33.041668,2025-11-09,,,
3.1657474,34.770832,33.041668,2025-11-10,,,
3.1657474,34.770832,33.083332,2025-10-11,,,
3.1657474,34.770832,33.083332,2025-10-12,,,
3.1657474,34.770832,33.083332,2025-10-13,,,
3.1657474,34.770832,33.083332,2025-10-14,,,
3.1657474,34.770832,33.083332,2025-10-15,,,
3.1657474,34.770832,33.083332,2025-10-16,,,
3.1657474,34.770832,33.083332,2025-10-17,,,
3.1657474,34.770832,33.083332,2025-10-18,,,
3.1657474,34.770832,33.083332,2025-10-19,,,
3.1657474,34.770832,33.083332,2025-10-20,,,
3.1657474,34.770832,33.083332,2025-10-21,,,
3.1657474,34.770832,33.083332,2025-10-22,,,
3.1657474,34.770832,33.083332,2025-10-23,,,
3.1657474,34.770832,33.083332,2025-10-24,,,
3.1657474,34.770832,33.083332,2025-10-25,,,
3.1657474,34.770832,33.083332,2025-10-26,,,
3.1657474,34.770832,33.083332,2025-10-27,,,
3.1657474,34.770832,33.083332,2025-10-28,,,
3.1657474,34.770832,33.083332,2025-10-29,,,
3.1657474,34.770832,33.083332,2025-10-30,,,
3.1657474,34.770832,33.083332,2025-10-31,,,
3.1657474,34.770832,33.083332,2025-11-01,,,
3.1657474,34.770832,33.083332,2025-11-02,,,
3.1657474,34.770832,33.083332,2025-11-03,,,
3.1657474,34.770832,33.083332,2025-11-04,,,
3.1657474,34.770832,33.083332,2025-11-05,,,
3.1657474,34.770832,33.083332,2025-11-06,,,
3.1657474,34.770832,33.083332,2025-11-07,,,
3.1657474,34.770832,33.083332,2025-11-08,,,
3.1657474,34.770832,33.083332,2025-11-09,,,
3.1657474,34.770832,33.083332,2025-11-10,,,
3.1657474,34.770832,33.125,2025-10-11,,,
3.1657474,34.770832,33.125,2025-10-12,,,
3.1657474,34.770832,33.125,2025-10-13,,,
3.1657474,34.770832,33.125,2025-10-14,,,
3.1657474,34.770832,33.125,2025-10-15,,,
3.1657474,34.770832,33.125,2025-10-16,,,
3.1657474,34.770832,33.125,2025-10-17,,,
3.1657474,34.770832,33.125,2025-10-18,,,
3.1657474,34.770832,33.125,2025-10-19,,,
3.1657474,34.770832,33.125,2025-10-20,,,
3.1657474,34.770832,33.125,2025-10-21,,,
3.1657474,34.770832,33.125,2025-10-22,,,
3.1657474,34.770832,33.125,2025-10-23,,,
3.1657474,34.770832,33.125,2025-10-24,,,
3.1657474,34.770832,33.125,2025-10-25,,,
3.1657474,34.770832,33.125,2025-10-26,,,
3.1657474,34.770832,33.125,2025-10-27,,,
3.1657474,34.770832,33.125,2025-10-28,,,
3.1657474,34.770832,33.125,2025-10-29,,,
3.1657474,34.770832,33.125,2025-10-30,,,
3.1657474,34.770832,33.125,2025-10-31,,,
3.1657474,34.770832,33.125,2025-11-01,,,
3.1657474,34.770832,33.125,2025-11-02,,,
3.1657474,34.770832,33.125,2025-11-03,,,
3.1657474,34.770832,33.125,2025-11-04,,,
3.1657474,34.770832,33.125,2025-11-05,,,
3.1657474,34.770832,33.125,2025-11-06,,,
3.1657474,34.770832,33.125,2025-11-07,,,
3.1657474,34.770832,33.125,2025-11-08,,,
3.1657474,34.770832,33.125,2025-11-09,,,
3.1657474,34.770832,33.125,2025-11-10,,,
3.1657474,34.770832,33.166668,2025-10-11,,,
3.1657474,34.770832,33.166668,2025-10-12,,,
3.1657474,34.770832,33.166668,2025-10-13,,,
3.1657474,34.770832,33.166668,2025-10-14,,,
3.1657474,34.770832,33.166668,2025-10-15,,,
3.1657474,34.770832,33.166668,2025-10-16,,,
3.1657474,34.770832,33.166668,2025-10-17,,,
3.1657474,34.770832,33.166668,2025-10-18,,,
3.1657474,34.770832,33.166668,2025-10-19,,,
3.1657474,34.770832,33.166668,2025-10-20,,,
3.1657474,34.770832,33.166668,2025-10-21,,,
3.1657474,34.770832,33.166668,2025-10-22,,,
3.1657474,34.770832,33.166668,2025-10-23,,,
3.1657474,34.770832,33.166668,2025-10-24,,,
3.1657474,34.770832,33.166668,2025-10-25,,,
3.1657474,34.770832,33.166668,2025-10-26,,,
3.1657474,34.770832,33.166668,2025-10-27,,,
3.1657474,34.770832,33.166668,2025-10-28,,,
3.1657474,34.770832,33.166668,2025-10-29,,,
3.1657474,34.770832,33.166668,2025-10-30,,,
3.1657474,34.770832,33.166668,2025-10-31,,,
3.1657474,34.770832,33.166668,2025-11-01,,,
3.1657474,34.770832,33.166668,2025-11-02,,,
3.1657474,34.770832,33.166668,2025-11-03,,,
3.1657474,34.770832,33.166668,2025-11-04,,,
3.1657474,34.770832,33.166668,2025-11-05,,,
3.1657474,34.770832,33.166668,2025-11-06,,,
3.1657474,34.770832,33.166668,2025-11-07,,,
3.1657474,34.770832,33.166668,2025-11-08,,,
3.1657474,34.770832,33.166668,2025-11-09,,,
3.1657474,34.770832,33.166668,2025-11-10,,,
