nh4,no3,po4,so,thetao,chl_t-1,nh4_t-1,no3_t-1,po4_t-1,so_t-1,thetao_t-1,chl_7day_avg,nh4_7day_avg,no3_7day_avg,po4_7day_avg,so_7day_avg,thetao_7day_avg,n_p_ratio,n_nh4_ratio,p_nh4_ratio,chl_monthly_median,chl_anomaly,bloom_proxy_label
0.4167958,2.4751408,0.3797598,37.80391,17.45911,0.568864,0.41403294,2.4950159,0.38123327,37.799454,17.475565,0.5951970432485854,0.4187957186784063,2.5437735319137573,0.396099964422839,37.651311601911274,17.569124358040945,6.8457537,5.80105,0.8934268,0.5991576761007309,-0.02048681676387787,0
0.4167958,2.4751408,0.3797598,37.80391,17.45911,0.568864,0.41403294,2.4950159,0.38123327,37.799454,17.475565,0.5951970432485854,0.4187957186784063,2.5437735319137573,0.396099964422839,37.651311601911274,17.569124358040945,6.8457537,5.80105,0.8934268,0.5991576761007309,-0.02048681676387787,0
0.4167958,2.4751408,0.3797598,37.80391,17.45911,0.568864,0.41403294,2.4950159,0.38123327,37.799454,17.475565,0.5951970432485854,0.4187957186784063,2.5437735319137573,0.396099964422839,37.651311601911274,17.569124358040945,6.8457537,5.80105,0.8934268,0.5991576761007309,-0.02048681676387787,0
0.24374399,0.2778045,0.12896264,37.740353,16.537127,0.6013474,0.23117013,0.28334925,0.1311545,37.73604,16.627678,0.5951970432485854,0.4187957186784063,2.5437735319137573,0.396099964422839,37.651311601911274,17.569124358040945,2.1541471,1.1397389,0.5290905,0.5991576761007309,-0.02048681676387787,0
0.29079172,0.4388658,0.14753973,37.83226,16.676832,0.568083,0.26644966,0.40133342,0.14187047,37.843807,16.774998,0.5951970432485854,0.4187957186784063,2.5437735319137573,0.396099964422839,37.651311601911274,17.569124358040945,2.97456,1.5092101,0.50737256,0.5991576761007309,-0.02048681676387787,0
0.35173795,0.6830163,0.17383102,37.998356,16.903809,0.52294105,0.31732184,0.6111988,0.16192998,38.028008,17.019436,0.5951970432485854,0.4187957186784063,2.5437735319137573,0.396099964422839,37.651311601911274,17.569124358040945,3.929197,1.9418329,0.49420604,0.5991576761007309,-0.02048681676387787,0
0.3914866,0.927284,0.19882452,38.004467,16.718641,0.5046026,0.35855383,0.86133504,0.18881828,38.015285,16.799007,0.5951970432485854,0.4187957186784063,2.5437735319137573,0.396099964422839,37.651311601911274,17.569124358040945,4.663831,2.3686228,0.5078706,0.5991576761007309,-0.02048681676387787,0
0.38394818,1.0355287,0.20163928,38.03272,16.606298,0.4759592,0.3641922,1.0191528,0.19951274,38.036373,16.664423,0.5951970432485854,0.4187957186784063,2.5437735319137573,0.396099964422839,37.651311601911274,17.569124358040945,5.1355505,2.6970532,0.5251732,0.5991576761007309,-0.02048681676387787,0
0.3212434,0.9318648,0.17236297,38.103924,16.66257,0.4238605,0.3162634,0.96888876,0.17817567,38.10351,16.702826,0.5951970432485854,0.4187957186784063,2.5437735319137573,0.396099964422839,37.651311601911274,17.569124358040945,5.4064097,2.900806,0.53654945,0.5991576761007309,-0.02048681676387787,0
0.22302815,0.65864956,0.11888753,38.172874,16.914724,0.34785488,0.2263241,0.7170723,0.12784173,38.161594,16.92035,0.5951970432485854,0.4187957186784063,2.5437735319137573,0.396099964422839,37.651311601911274,17.569124358040945,5.5401063,2.9532127,0.5330606,0.5991576761007309,-0.02048681676387787,0
0.12603854,0.34988824,0.062194273,38.205368,17.097338,0.25736308,0.13018793,0.3919463,0.068649635,38.195065,17.157415,0.5951970432485854,0.4187957186784063,2.5437735319137573,0.396099964422839,37.651311601911274,17.569124358040945,5.625731,2.7760417,0.49345443,0.5991576761007309,-0.02048681676387787,0
0.061096553,0.13068764,0.022576125,38.209896,17.123175,0.17978187,0.06322631,0.14435476,0.024653558,38.193977,17.208424,0.5951970432485854,0.4187957186784063,2.5437735319137573,0.396099964422839,37.651311601911274,17.569124358040945,5.788754,2.1390345,0.36951554,0.5991576761007309,-0.02048681676387787,0
0.03256984,0.027571078,0.004275381,38.214275,17.123125,0.13345955,0.033516616,0.023874993,0.0036056736,38.190575,17.20406,0.5951970432485854,0.4187957186784063,2.5437735319137573,0.396099964422839,37.651311601911274,17.569124358040945,6.4488,0.84652174,0.1312681,0.5991576761007309,-0.02048681676387787,0
0.4167958,2.4751408,0.3797598,37.80391,17.45911,0.568864,0.41403294,2.4950159,0.38123327,37.799454,17.475565,0.5951970432485854,0.4187957186784063,2.5437735319137573,0.396099964422839,37.651311601911274,17.569124358040945,6.8457537,5.80105,0.8934268,0.5991576761007309,-0.02048681676387787,0
0.4167958,2.4751408,0.3797598,37.80391,17.45911,0.568864,0.41403294,2.4950159,0.38123327,37.799454,17.475565,0.5951970432485854,0.4187957186784063,2.5437735319137573,0.396099964422839,37.651311601911274,17.569124358040945,6.8457537,5.80105,0.8934268,0.5991576761007309,-0.02048681676387787,0
0.4167958,2.4751408,0.3797598,37.80391,17.45911,0.568864,0.41403294,2.4950159,0.38123327,37.799454,17.475565,0.5951970432485854,0.4187957186784063,2.5437735319137573,0.396099964422839,37.651311601911274,17.569124358040945,6.8457537,5.80105,0.8934268,0.5991576761007309,-0.02048681676387787,0
0.3282157,0.55610144,0.17703,37.385834,15.650765,0.6432511,0.31326896,0.56371146,0.1799683,37.373264,15.739472,0.5951970432485854,0.4187957186784063,2.5437735319137573,0.396099964422839,37.651311601911274,17.569124358040945,3.1412838,1.6943171,0.5393709,0.5991576761007309,-0.02048681676387787,0
0.3795236,0.7398863,0.19696842,37.60967,16.069187,0.6024953,0.34670344,0.6725081,0.18807434,37.59082,16.106237,0.5951970432485854,0.4187957186784063,2.5437735319137573,0.396099964422839,37.651311601911274,17.569124358040945,3.75637,1.9495132,0.5189886,0.5991576761007309,-0.02048681676387787,0
0.4404311,0.99294996,0.22232668,37.96315,16.841007,0.54698354,0.39457327,0.87057567,0.20451722,37.9829,16.938679,0.5951970432485854,0.4187957186784063,2.5437735319137573,0.396099964422839,37.651311601911274,17.569124358040945,4.4661756,2.2544956,0.50479335,0.5991576761007309,-0.02048681676387787,0
0.47838497,1.2738136,0.25068858,37.976448,16.704977,0.5260635,0.4396805,1.1749382,0.23707265,37.98798,16.77662,0.5951970432485854,0.4187957186784063,2.5437735319137573,0.396099964422839,37.651311601911274,17.569124358040945,5.081259,2.6627376,0.52403104,0.5991576761007309,-0.02048681676387787,0
0.46463725,1.3950733,0.25352305,38.02102,16.604345,0.49865276,0.44848952,1.3878765,0.25378102,38.02261,16.654306,0.5951970432485854,0.4187957186784063,2.5437735319137573,0.396099964422839,37.651311601911274,17.569124358040945,5.5027475,3.0024998,0.54563653,0.5991576761007309,-0.02048681676387787,0
0.3858199,1.2451123,0.2171286,38.09673,16.656845,0.45325994,0.39370915,1.334649,0.23166831,38.081676,16.644226,0.5951970432485854,0.4187957186784063,2.5437735319137573,0.396099964422839,37.651311601911274,17.569124358040945,5.734446,3.2271852,0.5627719,0.5991576761007309,-0.02048681676387787,0
0.26604685,0.88169426,0.1516434,38.164864,16.896507,0.3866176,0.2867629,1.0140574,0.17262584,38.145294,16.851059,0.5951970432485854,0.4187957186784063,2.5437735319137573,0.396099964422839,37.651311601911274,17.569124358040945,5.814261,3.3140564,0.56998754,0.5991576761007309,-0.02048681676387787,0
0.1458941,0.47032905,0.08115096,38.202168,17.10671,0.30152643,0.1649231,0.57612795,0.09835345,38.189682,17.118383,0.5951970432485854,0.4187957186784063,2.5437735319137573,0.396099964422839,37.651311601911274,17.569124358040945,5.79573,3.2237704,0.5562319,0.5991576761007309,-0.02048681676387787,0
0.06620884,0.1852062,0.032224614,38.210487,17.162195,0.22071972,0.07819311,0.24128248,0.041820064,38.193535,17.187973,0.5951970432485854,0.4187957186784063,2.5437735319137573,0.396099964422839,37.651311601911274,17.569124358040945,5.747352,2.7973032,0.48671165,0.5991576761007309,-0.02048681676387787,0
0.027266046,0.03808421,0.006695664,38.197384,17.126122,0.15761179,0.033051457,0.05428703,0.009763699,38.180016,17.173332,0.5951970432485854,0.4187957186784063,2.5437735319137573,0.396099964422839,37.651311601911274,17.569124358040945,5.6878915,1.3967632,0.24556784,0.5991576761007309,-0.02048681676387787,0
0.4167958,2.4751408,0.3797598,37.80391,17.45911,0.568864,0.41403294,2.4950159,0.38123327,37.799454,17.475565,0.5951970432485854,0.4187957186784063,2.5437735319137573,0.396099964422839,37.651311601911274,17.569124358040945,6.8457537,5.80105,0.8934268,0.5991576761007309,-0.02048681676387787,0
0.4167958,2.4751408,0.3797598,37.80391,17.45911,0.568864,0.41403294,2.4950159,0.38123327,37.799454,17.475565,0.5951970432485854,0.4187957186784063,2.5437735319137573,0.396099964422839,37.651311601911274,17.569124358040945,6.8457537,5.80105,0.8934268,0.5991576761007309,-0.02048681676387787,0
0.4167958,2.4751408,0.3797598,37.80391,17.45911,0.568864,0.41403294,2.4950159,0.38123327,37.799454,17.475565,0.5951970432485854,0.4187957186784063,2.5437735319137573,0.396099964422839,37.651311601911274,17.569124358040945,6.8457537,5.80105,0.8934268,0.5991576761007309,-0.02048681676387787,0
0.46932214,1.1526735,0.26366085,37.07119,14.969014,0.6673346,0.45687503,1.1894951,0.2706644,37.01695,14.984357,0.5951970432485854,0.4187957186784063,2.5437735319137573,0.396099964422839,37.651311601911274,17.569124358040945,4.3718038,2.456039,0.56179076,0.5991576761007309,-0.02048681676387787,0
0.5131387,1.3167421,0.2795595,37.385475,15.5608,0.6235734,0.47586608,1.2328314,0.26914343,37.364994,15.590909,0.5951970432485854,0.4187957186784063,2.5437735319137573,0.396099964422839,37.651311601911274,17.569124358040945,4.71006,2.5660548,0.54480296,0.5991576761007309,-0.02048681676387787,0
0.5621613,1.5259323,0.29827622,37.849026,16.615877,0.5656668,0.5084726,1.3565886,0.27505845,37.880978,16.745436,0.5951970432485854,0.4187957186784063,2.5437735319137573,0.396099964422839,37.651311601911274,17.569124358040945,5.115836,2.714403,0.53058827,0.5991576761007309,-0.02048681676387787,0
0.5977477,1.8153583,0.32654142,37.951824,16.725924,0.5431258,0.5563658,1.7006035,0.31173488,37.952568,16.790894,0.5951970432485854,0.4187957186784063,2.5437735319137573,0.396099964422839,37.651311601911274,17.569124358040945,5.5593505,3.0369976,0.5462864,0.5991576761007309,-0.02048681676387787,0
0.577973,1.9316868,0.32821277,38.00651,16.630482,0.51960635,0.5699312,1.9625664,0.33451432,38.00354,16.694939,0.5951970432485854,0.4187957186784063,2.5437735319137573,0.396099964422839,37.651311601911274,17.569124358040945,5.885471,3.3421748,0.56786865,0.5991576761007309,-0.02048681676387787,0
0.48274377,1.7179556,0.28377527,38.077904,16.626379,0.48609322,0.51089966,1.902885,0.31243098,38.055824,16.620884,0.5951970432485854,0.4187957186784063,2.5437735319137573,0.396099964422839,37.651311601911274,17.569124358040945,6.05393,3.5587318,0.5878383,0.5991576761007309,-0.02048681676387787,0
0.33489546,1.2280854,0.2023245,38.146805,16.816788,0.4364595,0.38385105,1.4891392,0.24269432,38.11693,16.730244,0.5951970432485854,0.4187957186784063,2.5437735319137573,0.396099964422839,37.651311601911274,17.569124358040945,6.06988,3.6670709,0.60414225,0.5991576761007309,-0.02048681676387787,0
0.18065286,0.6617734,0.11138672,38.178066,16.958105,0.36667198,0.2269191,0.88841784,0.14781146,38.15956,16.907833,0.5951970432485854,0.4187957186784063,2.5437735319137573,0.396099964422839,37.651311601911274,17.569124358040945,5.9412236,3.6632323,0.61657876,0.5991576761007309,-0.02048681676387787,0
0.08226711,0.28977478,0.050494194,38.1751,16.920742,0.29239038,0.115549386,0.4391931,0.07591911,38.164192,16.933748,0.5951970432485854,0.4187957186784063,2.5437735319137573,0.396099964422839,37.651311601911274,17.569124358040945,5.7387743,3.5223646,0.6137835,0.5991576761007309,-0.02048681676387787,0
0.024199964,0.062067475,0.011518837,38.16179,16.807337,0.20804687,0.041029308,0.11844907,0.022391971,38.157955,16.86269,0.5951970432485854,0.4187957186784063,2.5437735319137573,0.396099964422839,37.651311601911274,17.569124358040945,5.3883457,2.5647755,0.4759857,0.5991576761007309,-0.02048681676387787,0
0.4167958,2.4751408,0.3797598,37.80391,17.45911,0.568864,0.41403294,2.4950159,0.38123327,37.799454,17.475565,0.5951970432485854,0.4187957186784063,2.5437735319137573,0.396099964422839,37.651311601911274,17.569124358040945,6.8457537,5.80105,0.8934268,0.5991576761007309,-0.02048681676387787,0
0.4167958,2.4751408,0.3797598,37.80391,17.45911,0.568864,0.41403294,2.4950159,0.38123327,37.799454,17.475565,0.5951970432485854,0.4187957186784063,2.5437735319137573,0.396099964422839,37.651311601911274,17.569124358040945,6.8457537,5.80105,0.8934268,0.5991576761007309,-0.02048681676387787,0
0.4167958,2.4751408,0.3797598,37.80391,17.45911,0.568864,0.41403294,2.4950159,0.38123327,37.799454,17.475565,0.5951970432485854,0.4187957186784063,2.5437735319137573,0.396099964422839,37.651311601911274,17.569124358040945,6.8457537,5.80105,0.8934268,0.5991576761007309,-0.02048681676387787,0
0.6515978,2.0663319,0.38262093,37.100784,15.041298,0.66163725,0.64635766,2.180269,0.39864144,37.03784,15.027102,0.5951970432485854,0.4187957186784063,2.5437735319137573,0.396099964422839,37.651311601911274,17.569124358040945,5.4004674,3.171177,0.58720416,0.5991576761007309,-0.02048681676387787,0
0.69762516,2.2767558,0.40394855,37.520145,15.88902,0.6225916,0.6638803,2.2390108,0.3995159,37.509228,15.992799,0.5951970432485854,0.4187957186784063,2.5437735319137573,0.396099964422839,37.651311601911274,17.569124358040945,5.636252,3.2635803,0.5790338,0.5991576761007309,-0.02048681676387787,0
0.74042416,2.4678473,0.42135766,37.87981,16.750471,0.5740288,0.6882578,2.3289597,0.40272284,37.908993,16.893755,0.5951970432485854,0.4187957186784063,2.5437735319137573,0.396099964422839,37.651311601911274,17.569124358040945,5.8568945,3.3330183,0.56907606,0.5991576761007309,-0.02048681676387787,0
0.7674472,2.6880064,0.44216958,37.943386,16.781683,0.551092,0.7279794,2.6177633,0.4326026,37.963894,16.892677,0.5951970432485854,0.4187957186784063,2.5437735319137573,0.396099964422839,37.651311601911274,17.569124358040945,6.07913,3.5025296,0.5761564,0.5991576761007309,-0.02048681676387787,0
0.7508402,2.777361,0.44331783,37.941105,16.564032,0.53523284,0.74747354,2.879177,0.4575048,37.984795,16.76938,0.5951970432485854,0.4187957186784063,2.5437735319137573,0.396099964422839,37.651311601911274,17.569124358040945,6.264943,3.6990042,0.590429,0.5991576761007309,-0.02048681676387787,0
0.65948653,2.5371392,0.39934987,37.991863,16.450972,0.5215481,0.7017096,2.8345852,0.44190255,37.99626,16.600815,0.5951970432485854,0.4187957186784063,2.5437735319137573,0.396099964422839,37.651311601911274,17.569124358040945,6.3531737,3.8471432,0.60554665,0.5991576761007309,-0.02048681676387787,0
0.4926929,1.9337201,0.30635732,38.056786,16.448408,0.5023274,0.5716301,2.3626373,0.36973947,38.023598,16.485176,0.5951970432485854,0.4187957186784063,2.5437735319137573,0.396099964422839,37.651311601911274,17.569124358040945,6.311976,3.924798,0.6218018,0.5991576761007309,-0.02048681676387787,0
0.27096868,1.0693718,0.1762298,38.096703,16.479208,0.46360165,0.35630837,1.485776,0.24110344,38.06112,16.4171,0.5951970432485854,0.4187957186784063,2.5437735319137573,0.396099964422839,37.651311601911274,17.569124358040945,6.0680532,3.9464777,0.65036964,0.5991576761007309,-0.02048681676387787,0
0.1633871,0.6509061,0.1121373,38.099022,16.424047,0.43229467,0.23486403,0.99207467,0.16776274,38.072308,16.340305,0.5951970432485854,0.4187957186784063,2.5437735319137573,0.396099964422839,37.651311601911274,17.569124358040945,5.8045454,3.9838278,0.68632895,0.5991576761007309,-0.02048681676387787,0
0.4167958,2.4751408,0.3797598,37.80391,17.45911,0.568864,0.41403294,2.4950159,0.38123327,37.799454,17.475565,0.5951970432485854,0.4187957186784063,2.5437735319137573,0.396099964422839,37.651311601911274,17.569124358040945,6.8457537,5.80105,0.8934268,0.5991576761007309,-0.02048681676387787,0
0.4167958,2.4751408,0.3797598,37.80391,17.45911,0.568864,0.41403294,2.4950159,0.38123327,37.799454,17.475565,0.5951970432485854,0.4187957186784063,2.5437735319137573,0.396099964422839,37.651311601911274,17.569124358040945,6.8457537,5.80105,0.8934268,0.5991576761007309,-0.02048681676387787,0
0.4167958,2.4751408,0.3797598,37.80391,17.45911,0.568864,0.41403294,2.4950159,0.38123327,37.799454,17.475565,0.5951970432485854,0.4187957186784063,2.5437735319137573,0.396099964422839,37.651311601911274,17.569124358040945,6.8457537,5.80105,0.8934268,0.5991576761007309,-0.02048681676387787,0
0.4167958,2.4751408,0.3797598,37.80391,17.45911,0.568864,0.41403294,2.4950159,0.38123327,37.799454,17.475565,0.5951970432485854,0.4187957186784063,2.5437735319137573,0.396099964422839,37.651311601911274,17.569124358040945,6.8457537,5.80105,0.8934268,0.5991576761007309,-0.02048681676387787,0
0.85993403,3.3337595,0.5357334,37.29459,15.004484,0.6309919,0.85504836,3.520126,0.55774236,37.315083,15.086448,0.5951970432485854,0.4187957186784063,2.5437735319137573,0.396099964422839,37.651311601911274,17.569124358040945,6.222796,3.876762,0.6229936,0.5991576761007309,-0.02048681676387787,0
0.90217906,3.5663245,0.5595041,37.581177,15.887978,0.594316,0.8706731,3.5710576,0.55879915,37.565887,15.945722,0.5951970432485854,0.4187957186784063,2.5437735319137573,0.396099964422839,37.651311601911274,17.569124358040945,6.374081,3.9530118,0.6201697,0.5991576761007309,-0.02048681676387787,0
0.9311772,3.7050908,0.57289267,37.800728,16.514261,0.56467736,0.8860238,3.6304097,0.5618039,37.81876,16.62545,0.5951970432485854,0.4187957186784063,2.5437735319137573,0.396099964422839,37.651311601911274,17.569124358040945,6.4673386,3.978932,0.61523485,0.5991576761007309,-0.02048681676387787,0
0.9588264,3.8511107,0.5877273,37.890736,16.656914,0.5449748,0.91827273,3.8406956,0.583737,37.930103,16.79028,0.5951970432485854,0.4187957186784063,2.5437735319137573,0.396099964422839,37.651311601911274,17.569124358040945,6.552547,4.016484,0.6129653,0.5991576761007309,-0.02048681676387787,0
0.96416,3.931225,0.59349525,37.885124,16.509542,0.5356636,0.94444096,4.0595937,0.60698587,37.95736,16.719559,0.5951970432485854,0.4187957186784063,2.5437735319137573,0.396099964422839,37.651311601911274,17.569124358040945,6.6238527,4.0773573,0.6155568,0.5991576761007309,-0.02048681676387787,0
0.9200024,3.777361,0.569139,37.929527,16.429605,0.53598446,0.9297991,4.044298,0.6019837,37.975204,16.599314,0.5951970432485854,0.4187957186784063,2.5437735319137573,0.396099964422839,37.651311601911274,17.569124358040945,6.6369743,4.1058164,0.6186277,0.5991576761007309,-0.02048681676387787,0
0.81493783,3.3267205,0.50618225,37.97967,16.355942,0.5430727,0.8578975,3.7036514,0.55657846,37.996727,16.45627,0.5951970432485854,0.4187957186784063,2.5437735319137573,0.396099964422839,37.651311601911274,17.569124358040945,6.5721793,4.082177,0.62112993,0.5991576761007309,-0.02048681676387787,0
0.4167958,2.4751408,0.3797598,37.80391,17.45911,0.568864,0.41403294,2.4950159,0.38123327,37.799454,17.475565,0.5951970432485854,0.4187957186784063,2.5437735319137573,0.396099964422839,37.651311601911274,17.569124358040945,6.8457537,5.80105,0.8934268,0.5991576761007309,-0.02048681676387787,0
0.4167958,2.4751408,0.3797598,37.80391,17.45911,0.568864,0.41403294,2.4950159,0.38123327,37.799454,17.475565,0.5951970432485854,0.4187957186784063,2.5437735319137573,0.396099964422839,37.651311601911274,17.569124358040945,6.8457537,5.80105,0.8934268,0.5991576761007309,-0.02048681676387787,0
0.4167958,2.4751408,0.3797598,37.80391,17.45911,0.568864,0.41403294,2.4950159,0.38123327,37.799454,17.475565,0.5951970432485854,0.4187957186784063,2.5437735319137573,0.396099964422839,37.651311601911274,17.569124358040945,6.8457537,5.80105,0.8934268,0.5991576761007309,-0.02048681676387787,0
0.4167958,2.4751408,0.3797598,37.80391,17.45911,0.568864,0.41403294,2.4950159,0.38123327,37.799454,17.475565,0.5951970432485854,0.4187957186784063,2.5437735319137573,0.396099964422839,37.651311601911274,17.569124358040945,6.8457537,5.80105,0.8934268,0.5991576761007309,-0.02048681676387787,0
0.4167958,2.4751408,0.3797598,37.80391,17.45911,0.568864,0.41403294,2.4950159,0.38123327,37.799454,17.475565,0.5951970432485854,0.4187957186784063,2.5437735319137573,0.396099964422839,37.651311601911274,17.569124358040945,6.8457537,5.80105,0.8934268,0.5991576761007309,-0.02048681676387787,0
0.4167958,2.4751408,0.3797598,37.80391,17.45911,0.568864,0.41403294,2.4950159,0.38123327,37.799454,17.475565,0.5951970432485854,0.4187957186784063,2.5437735319137573,0.396099964422839,37.651311601911274,17.569124358040945,6.8457537,5.80105,0.8934268,0.5991576761007309,-0.02048681676387787,0
1.0035815,4.3844295,0.6581212,37.493126,15.303893,0.6083743,0.9976871,4.5975738,0.68174136,37.513397,15.430234,0.5951970432485854,0.4187957186784063,2.5437735319137573,0.396099964422839,37.651311601911274,17.569124358040945,6.6620393,4.3687825,0.65577257,0.5991576761007309,-0.02048681676387787,0
1.0522906,4.8851604,0.7103189,37.53335,15.914979,0.5741539,1.0247109,4.843636,0.704883,37.67259,16.167265,0.5951970432485854,0.4187957186784063,2.5437735319137573,0.396099964422839,37.651311601911274,17.569124358040945,6.8774185,4.6424065,0.67502165,0.5991576761007309,-0.02048681676387787,0
1.0797492,5.091628,0.73152393,37.382122,16.012579,0.5504275,1.0405257,4.9449306,0.7136202,37.81526,16.61492,0.5951970432485854,0.4187957186784063,2.5437735319137573,0.396099964422839,37.651311601911274,17.569124358040945,6.960303,4.715565,0.6774943,0.5991576761007309,-0.02048681676387787,0
1.1079776,5.096647,0.7332616,37.659058,16.221043,0.53364724,1.0657792,5.0652637,0.72640944,37.88499,16.691664,0.5951970432485854,0.4187957186784063,2.5437735319137573,0.396099964422839,37.651311601911274,17.569124358040945,6.950653,4.5999546,0.6618018,0.5991576761007309,-0.02048681676387787,0
1.12432,5.0648685,0.7308724,37.80323,16.374166,0.52703196,1.0870486,5.167636,0.73823786,37.910404,16.641161,0.5951970432485854,0.4187957186784063,2.5437735319137573,0.396099964422839,37.651311601911274,17.569124358040945,6.9298944,4.504828,0.65005726,0.5991576761007309,-0.02048681676387787,0
1.113839,4.873348,0.7095411,37.911266,16.406918,0.52776957,1.0849432,5.065762,0.7274493,37.96129,16.549759,0.5951970432485854,0.4187957186784063,2.5437735319137573,0.396099964422839,37.651311601911274,17.569124358040945,6.86831,4.375272,0.637023,0.5991576761007309,-0.02048681676387787,0
0.4167958,2.4751408,0.3797598,37.80391,17.45911,0.568864,0.41403294,2.4950159,0.38123327,37.799454,17.475565,0.5951970432485854,0.4187957186784063,2.5437735319137573,0.396099964422839,37.651311601911274,17.569124358040945,6.8457537,5.80105,0.8934268,0.5991576761007309,-0.02048681676387787,0
0.4167958,2.4751408,0.3797598,37.80391,17.45911,0.568864,0.41403294,2.4950159,0.38123327,37.799454,17.475565,0.5951970432485854,0.4187957186784063,2.5437735319137573,0.396099964422839,37.651311601911274,17.569124358040945,6.8457537,5.80105,0.8934268,0.5991576761007309,-0.02048681676387787,0
0.4167958,2.4751408,0.3797598,37.80391,17.45911,0.568864,0.41403294,2.4950159,0.38123327,37.799454,17.475565,0.5951970432485854,0.4187957186784063,2.5437735319137573,0.396099964422839,37.651311601911274,17.569124358040945,6.8457537,5.80105,0.8934268,0.5991576761007309,-0.02048681676387787,0
0.4167958,2.4751408,0.3797598,37.80391,17.45911,0.568864,0.41403294,2.4950159,0.38123327,37.799454,17.475565,0.5951970432485854,0.4187957186784063,2.5437735319137573,0.396099964422839,37.651311601911274,17.569124358040945,6.8457537,5.80105,0.8934268,0.5991576761007309,-0.02048681676387787,0
0.4167958,2.4751408,0.3797598,37.80391,17.45911,0.568864,0.41403294,2.4950159,0.38123327,37.799454,17.475565,0.5951970432485854,0.4187957186784063,2.5437735319137573,0.396099964422839,37.651311601911274,17.569124358040945,6.8457537,5.80105,0.8934268,0.5991576761007309,-0.02048681676387787,0
0.4167958,2.4751408,0.3797598,37.80391,17.45911,0.568864,0.41403294,2.4950159,0.38123327,37.799454,17.475565,0.5951970432485854,0.4187957186784063,2.5437735319137573,0.396099964422839,37.651311601911274,17.569124358040945,6.8457537,5.80105,0.8934268,0.5991576761007309,-0.02048681676387787,0
0.4167958,2.4751408,0.3797598,37.80391,17.45911,0.568864,0.41403294,2.4950159,0.38123327,37.799454,17.475565,0.5951970432485854,0.4187957186784063,2.5437735319137573,0.396099964422839,37.651311601911274,17.569124358040945,6.8457537,5.80105,0.8934268,0.5991576761007309,-0.02048681676387787,0
0.4167958,2.4751408,0.3797598,37.80391,17.45911,0.568864,0.41403294,2.4950159,0.38123327,37.799454,17.475565,0.5951970432485854,0.4187957186784063,2.5437735319137573,0.396099964422839,37.651311601911274,17.569124358040945,6.8457537,5.80105,0.8934268,0.5991576761007309,-0.02048681676387787,0
1.1484314,6.4430904,0.87714267,36.58426,15.685691,0.55577934,1.1138809,5.953345,0.8250143,37.686504,16.296886,0.5951970432485854,0.4187957186784063,2.5437735319137573,0.396099964422839,37.651311601911274,17.569124358040945,7.3455443,5.6103396,0.7637745,0.5991576761007309,-0.02048681676387787,0
1.161367,6.7041545,0.9035781,35.439137,15.916826,0.54116666,1.1232654,6.045511,0.83369726,37.777496,16.888998,0.5951970432485854,0.4187957186784063,2.5437735319137573,0.396099964422839,37.651311601911274,17.569124358040945,7.419563,5.7726407,0.77802974,0.5991576761007309,-0.02048681676387787,0
1.183485,6.300167,0.86414313,37.001034,15.624545,0.5333506,1.1375889,6.0127397,0.83082545,37.419968,16.082531,0.5951970432485854,0.4187957186784063,2.5437735319137573,0.396099964422839,37.651311601911274,17.569124358040945,7.2906523,5.3234024,0.7301682,0.5991576761007309,-0.02048681676387787,0
1.199857,6.055981,0.84077245,37.573483,16.062962,0.5264121,1.1537337,6.0252776,0.83315825,37.7926,16.576244,0.5951970432485854,0.4187957186784063,2.5437735319137573,0.396099964422839,37.651311601911274,17.569124358040945,7.2028775,5.0472527,0.7007272,0.5991576761007309,-0.02048681676387787,0
0.4167958,2.4751408,0.3797598,37.80391,17.45911,0.568864,0.41403294,2.4950159,0.38123327,37.799454,17.475565,0.5951970432485854,0.4187957186784063,2.5437735319137573,0.396099964422839,37.651311601911274,17.569124358040945,6.8457537,5.80105,0.8934268,0.5991576761007309,-0.02048681676387787,0
0.4167958,2.4751408,0.3797598,37.80391,17.45911,0.568864,0.41403294,2.4950159,0.38123327,37.799454,17.475565,0.5951970432485854,0.4187957186784063,2.5437735319137573,0.396099964422839,37.651311601911274,17.569124358040945,6.8457537,5.80105,0.8934268,0.5991576761007309,-0.02048681676387787,0
0.4167958,2.4751408,0.3797598,37.80391,17.45911,0.568864,0.41403294,2.4950159,0.38123327,37.799454,17.475565,0.5951970432485854,0.4187957186784063,2.5437735319137573,0.396099964422839,37.651311601911274,17.569124358040945,6.8457537,5.80105,0.8934268,0.5991576761007309,-0.02048681676387787,0
0.4167958,2.4751408,0.3797598,37.80391,17.45911,0.568864,0.41403294,2.4950159,0.38123327,37.799454,17.475565,0.5951970432485854,0.4187957186784063,2.5437735319137573,0.396099964422839,37.651311601911274,17.569124358040945,6.8457537,5.80105,0.8934268,0.5991576761007309,-0.02048681676387787,0
0.4167958,2.4751408,0.3797598,37.80391,17.45911,0.568864,0.41403294,2.4950159,0.38123327,37.799454,17.475565,0.5951970432485854,0.4187957186784063,2.5437735319137573,0.396099964422839,37.651311601911274,17.569124358040945,6.8457537,5.80105,0.8934268,0.5991576761007309,-0.02048681676387787,0
0.4167958,2.4751408,0.3797598,37.80391,17.45911,0.568864,0.41403294,2.4950159,0.38123327,37.799454,17.475565,0.5951970432485854,0.4187957186784063,2.5437735319137573,0.396099964422839,37.651311601911274,17.569124358040945,6.8457537,5.80105,0.8934268,0.5991576761007309,-0.02048681676387787,0
0.4167958,2.4751408,0.3797598,37.80391,17.45911,0.568864,0.41403294,2.4950159,0.38123327,37.799454,17.475565,0.5951970432485854,0.4187957186784063,2.5437735319137573,0.396099964422839,37.651311601911274,17.569124358040945,6.8457537,5.80105,0.8934268,0.5991576761007309,-0.02048681676387787,0
0.4167958,2.4751408,0.3797598,37.80391,17.45911,0.568864,0.41403294,2.4950159,0.38123327,37.799454,17.475565,0.5951970432485854,0.4187957186784063,2.5437735319137573,0.396099964422839,37.651311601911274,17.569124358040945,6.8457537,5.80105,0.8934268,0.5991576761007309,-0.02048681676387787,0
0.4167958,2.4751408,0.3797598,37.80391,17.45911,0.568864,0.41403294,2.4950159,0.38123327,37.799454,17.475565,0.5951970432485854,0.4187957186784063,2.5437735319137573,0.396099964422839,37.651311601911274,17.569124358040945,6.8457537,5.80105,0.8934268,0.5991576761007309,-0.02048681676387787,0
0.4167958,2.4751408,0.3797598,37.80391,17.45911,0.568864,0.41403294,2.4950159,0.38123327,37.799454,17.475565,0.5951970432485854,0.4187957186784063,2.5437735319137573,0.396099964422839,37.651311601911274,17.569124358040945,6.8457537,5.80105,0.8934268,0.5991576761007309,-0.02048681676387787,0
0.4167958,2.4751408,0.3797598,37.80391,17.45911,0.568864,0.41403294,2.4950159,0.38123327,37.799454,17.475565,0.5951970432485854,0.4187957186784063,2.5437735319137573,0.396099964422839,37.651311601911274,17.569124358040945,6.8457537,5.80105,0.8934268,0.5991576761007309,-0.02048681676387787,0
0.4167958,2.4751408,0.3797598,37.80391,17.45911,0.568864,0.41403294,2.4950159,0.38123327,37.799454,17.475565,0.5951970432485854,0.4187957186784063,2.5437735319137573,0.396099964422839,37.651311601911274,17.569124358040945,6.8457537,5.80105,0.8934268,0.5991576761007309,-0.02048681676387787,0
0.4167958,2.4751408,0.3797598,37.80391,17.45911,0.568864,0.41403294,2.4950159,0.38123327,37.799454,17.475565,0.5951970432485854,0.4187957186784063,2.5437735319137573,0.396099964422839,37.651311601911274,17.569124358040945,6.8457537,5.80105,0.8934268,0.5991576761007309,-0.02048681676387787,0
0.4167958,2.4751408,0.3797598,37.80391,17.45911,0.568864,0.41403294,2.4950159,0.38123327,37.799454,17.475565,0.5951970432485854,0.4187957186784063,2.5437735319137573,0.396099964422839,37.651311601911274,17.569124358040945,6.8457537,5.80105,0.8934268,0.5991576761007309,-0.02048681676387787,0
0.4167958,2.4751408,0.3797598,37.80391,17.45911,0.568864,0.41403294,2.4950159,0.38123327,37.799454,17.475565,0.5951970432485854,0.4187957186784063,2.5437735319137573,0.396099964422839,37.651311601911274,17.569124358040945,6.8457537,5.80105,0.8934268,0.5991576761007309,-0.02048681676387787,0
0.4167958,2.4751408,0.3797598,37.80391,17.45911,0.568864,0.41403294,2.4950159,0.38123327,37.799454,17.475565,0.5951970432485854,0.4187957186784063,2.5437735319137573,0.396099964422839,37.651311601911274,17.569124358040945,6.8457537,5.80105,0.8934268,0.5991576761007309,-0.02048681676387787,0
0.4167958,2.4751408,0.3797598,37.80391,17.45911,0.568864,0.41403294,2.4950159,0.38123327,37.799454,17.475565,0.5951970432485854,0.4187957186784063,2.5437735319137573,0.396099964422839,37.651311601911274,17.569124358040945,6.8457537,5.80105,0.8934268,0.5991576761007309,-0.02048681676387787,0
0.4167958,2.4751408,0.3797598,37.80391,17.45911,0.568864,0.41403294,2.4950159,0.38123327,37.799454,17.475565,0.5951970432485854,0.4187957186784063,2.5437735319137573,0.396099964422839,37.651311601911274,17.569124358040945,6.8457537,5.80105,0.8934268,0.5991576761007309,-0.02048681676387787,0
0.4167958,2.4751408,0.3797598,37.80391,17.45911,0.568864,0.41403294,2.4950159,0.38123327,37.799454,17.475565,0.5951970432485854,0.4187957186784063,2.5437735319137573,0.396099964422839,37.651311601911274,17.569124358040945,6.8457537,5.80105,0.8934268,0.5991576761007309,-0.02048681676387787,0
0.4167958,2.4751408,0.3797598,37.80391,17.45911,0.568864,0.41403294,2.4950159,0.38123327,37.799454,17.475565,0.5951970432485854,0.4187957186784063,2.5437735319137573,0.396099964422839,37.651311601911274,17.569124358040945,6.8457537,5.80105,0.8934268,0.5991576761007309,-0.02048681676387787,0
0.4167958,2.4751408,0.3797598,37.80391,17.45911,0.568864,0.41403294,2.4950159,0.38123327,37.799454,17.475565,0.5951970432485854,0.4187957186784063,2.5437735319137573,0.396099964422839,37.651311601911274,17.569124358040945,6.8457537,5.80105,0.8934268,0.5991576761007309,-0.02048681676387787,0
0.4167958,2.4751408,0.3797598,37.80391,17.45911,0.568864,0.41403294,2.4950159,0.38123327,37.799454,17.475565,0.5951970432485854,0.4187957186784063,2.5437735319137573,0.396099964422839,37.651311601911274,17.569124358040945,6.8457537,5.80105,0.8934268,0.5991576761007309,-0.02048681676387787,0
0.4167958,2.4751408,0.3797598,37.80391,17.45911,0.568864,0.41403294,2.4950159,0.38123327,37.799454,17.475565,0.5951970432485854,0.4187957186784063,2.5437735319137573,0.396099964422839,37.651311601911274,17.569124358040945,6.8457537,5.80105,0.8934268,0.5991576761007309,-0.02048681676387787,0
0.4167958,2.4751408,0.3797598,37.80391,17.45911,0.568864,0.41403294,2.4950159,0.38123327,37.799454,17.475565,0.5951970432485854,0.4187957186784063,2.5437735319137573,0.396099964422839,37.651311601911274,17.569124358040945,6.8457537,5.80105,0.8934268,0.5991576761007309,-0.02048681676387787,0
0.4167958,2.4751408,0.3797598,37.80391,17.45911,0.568864,0.41403294,2.4950159,0.38123327,37.799454,17.475565,0.5951970432485854,0.4187957186784063,2.5437735319137573,0.396099964422839,37.651311601911274,17.569124358040945,6.8457537,5.80105,0.8934268,0.5991576761007309,-0.02048681676387787,0
0.4167958,2.4751408,0.3797598,37.80391,17.45911,0.568864,0.41403294,2.4950159,0.38123327,37.799454,17.475565,0.5951970432485854,0.4187957186784063,2.5437735319137573,0.396099964422839,37.651311601911274,17.569124358040945,6.8457537,5.80105,0.8934268,0.5991576761007309,-0.02048681676387787,0
0.4167958,2.4751408,0.3797598,37.80391,17.45911,0.568864,0.41403294,2.4950159,0.38123327,37.799454,17.475565,0.5951970432485854,0.4187957186784063,2.5437735319137573,0.396099964422839,37.651311601911274,17.569124358040945,6.8457537,5.80105,0.8934268,0.5991576761007309,-0.02048681676387787,0
0.4167958,2.4751408,0.3797598,37.80391,17.45911,0.568864,0.41403294,2.4950159,0.38123327,37.799454,17.475565,0.5951970432485854,0.4187957186784063,2.5437735319137573,0.396099964422839,37.651311601911274,17.569124358040945,6.8457537,5.80105,0.8934268,0.5991576761007309,-0.02048681676387787,0
0.4167958,2.4751408,0.3797598,37.80391,17.45911,0.568864,0.41403294,2.4950159,0.38123327,37.799454,17.475565,0.5951970432485854,0.4187957186784063,2.5437735319137573,0.396099964422839,37.651311601911274,17.569124358040945,6.8457537,5.80105,0.8934268,0.5991576761007309,-0.02048681676387787,0
0.4167958,2.4751408,0.3797598,37.80391,17.45911,0.568864,0.41403294,2.4950159,0.38123327,37.799454,17.475565,0.5951970432485854,0.4187957186784063,2.5437735319137573,0.396099964422839,37.651311601911274,17.569124358040945,6.8457537,5.80105,0.8934268,0.5991576761007309,-0.02048681676387787,0
0.4167958,2.4751408,0.3797598,37.80391,17.45911,0.568864,0.41403294,2.4950159,0.38123327,37.799454,17.475565,0.5951970432485854,0.4187957186784063,2.5437735319137573,0.396099964422839,37.651311601911274,17.569124358040945,6.8457537,5.80105,0.8934268,0.5991576761007309,-0.02048681676387787,0
0.4167958,2.4751408,0.3797598,37.80391,17.45911,0.568864,0.41403294,2.4950159,0.38123327,37.799454,17.475565,0.5951970432485854,0.4187957186784063,2.5437735319137573,0.396099964422839,37.651311601911274,17.569124358040945,6.8457537,5.80105,0.8934268,0.5991576761007309,-0.02048681676387787,0
0.4167958,2.4751408,0.3797598,37.80391,17.45911,0.568864,0.41403294,2.4950159,0.38123327,37.799454,17.475565,0.5951970432485854,0.4187957186784063,2.5437735319137573,0.396099964422839,37.651311601911274,17.569124358040945,6.8457537,5.80105,0.8934268,0.5991576761007309,-0.02048681676387787,0
0.4167958,2.4751408,0.3797598,37.80391,17.45911,0.568864,0.41403294,2.4950159,0.38123327,37.799454,17.475565,0.5951970432485854,0.4187957186784063,2.5437735319137573,0.396099964422839,37.651311601911274,17.569124358040945,6.8457537,5.80105,0.8934268,0.5991576761007309,-0.02048681676387787,0
0.4167958,2.4751408,0.3797598,37.80391,17.45911,0.568864,0.41403294,2.4950159,0.38123327,37.799454,17.475565,0.5951970432485854,0.4187957186784063,2.5437735319137573,0.396099964422839,37.651311601911274,17.569124358040945,6.8457537,5.80105,0.8934268,0.5991576761007309,-0.02048681676387787,0
0.4167958,2.4751408,0.3797598,37.80391,17.45911,0.568864,0.41403294,2.4950159,0.38123327,37.799454,17.475565,0.5951970432485854,0.4187957186784063,2.5437735319137573,0.396099964422839,37.651311601911274,17.569124358040945,6.8457537,5.80105,0.8934268,0.5991576761007309,-0.02048681676387787,0
0.4167958,2.4751408,0.3797598,37.80391,17.45911,0.568864,0.41403294,2.4950159,0.38123327,37.799454,17.475565,0.5951970432485854,0.4187957186784063,2.5437735319137573,0.396099964422839,37.651311601911274,17.569124358040945,6.8457537,5.80105,0.8934268,0.5991576761007309,-0.02048681676387787,0
0.4167958,2.4751408,0.3797598,37.80391,17.45911,0.568864,0.41403294,2.4950159,0.38123327,37.799454,17.475565,0.5951970432485854,0.4187957186784063,2.5437735319137573,0.396099964422839,37.651311601911274,17.569124358040945,6.8457537,5.80105,0.8934268,0.5991576761007309,-0.02048681676387787,0
0.4167958,2.4751408,0.3797598,37.80391,17.45911,0.568864,0.41403294,2.4950159,0.38123327,37.799454,17.475565,0.5951970432485854,0.4187957186784063,2.5437735319137573,0.396099964422839,37.651311601911274,17.569124358040945,6.8457537,5.80105,0.8934268,0.5991576761007309,-0.02048681676387787,0
0.4167958,2.4751408,0.3797598,37.80391,17.45911,0.568864,0.41403294,2.4950159,0.38123327,37.799454,17.475565,0.5951970432485854,0.4187957186784063,2.5437735319137573,0.396099964422839,37.651311601911274,17.569124358040945,6.8457537,5.80105,0.8934268,0.5991576761007309,-0.02048681676387787,0
0.4167958,2.4751408,0.3797598,37.80391,17.45911,0.568864,0.41403294,2.4950159,0.38123327,37.799454,17.475565,0.5951970432485854,0.4187957186784063,2.5437735319137573,0.396099964422839,37.651311601911274,17.569124358040945,6.8457537,5.80105,0.8934268,0.5991576761007309,-0.02048681676387787,0
0.4167958,2.4751408,0.3797598,37.80391,17.45911,0.568864,0.41403294,2.4950159,0.38123327,37.799454,17.475565,0.5951970432485854,0.4187957186784063,2.5437735319137573,0.396099964422839,37.651311601911274,17.569124358040945,6.8457537,5.80105,0.8934268,0.5991576761007309,-0.02048681676387787,0
0.4167958,2.4751408,0.3797598,37.80391,17.45911,0.568864,0.41403294,2.4950159,0.38123327,37.799454,17.475565,0.5951970432485854,0.4187957186784063,2.5437735319137573,0.396099964422839,37.651311601911274,17.569124358040945,6.8457537,5.80105,0.8934268,0.5991576761007309,-0.02048681676387787,0
0.4167958,2.4751408,0.3797598,37.80391,17.45911,0.568864,0.41403294,2.4950159,0.38123327,37.799454,17.475565,0.5951970432485854,0.4187957186784063,2.5437735319137573,0.396099964422839,37.651311601911274,17.569124358040945,6.8457537,5.80105,0.8934268,0.5991576761007309,-0.02048681676387787,0
0.4167958,2.4751408,0.3797598,37.80391,17.45911,0.568864,0.41403294,2.4950159,0.38123327,37.799454,17.475565,0.5951970432485854,0.4187957186784063,2.5437735319137573,0.396099964422839,37.651311601911274,17.569124358040945,6.8457537,5.80105,0.8934268,0.5991576761007309,-0.02048681676387787,0
0.4167958,2.4751408,0.3797598,37.80391,17.45911,0.568864,0.41403294,2.4950159,0.38123327,37.799454,17.475565,0.5951970432485854,0.4187957186784063,2.5437735319137573,0.396099964422839,37.651311601911274,17.569124358040945,6.8457537,5.80105,0.8934268,0.5991576761007309,-0.02048681676387787,0
0.4167958,2.4751408,0.3797598,37.80391,17.45911,0.568864,0.41403294,2.4950159,0.38123327,37.799454,17.475565,0.5951970432485854,0.4187957186784063,2.5437735319137573,0.396099964422839,37.651311601911274,17.569124358040945,6.8457537,5.80105,0.8934268,0.5991576761007309,-0.02048681676387787,0
0.4167958,2.4751408,0.3797598,37.80391,17.45911,0.568864,0.41403294,2.4950159,0.38123327,37.799454,17.475565,0.5951970432485854,0.4187957186784063,2.5437735319137573,0.396099964422839,37.651311601911274,17.569124358040945,6.8457537,5.80105,0.8934268,0.5991576761007309,-0.02048681676387787,0
0.4167958,2.4751408,0.3797598,37.80391,17.45911,0.568864,0.41403294,2.4950159,0.38123327,37.799454,17.475565,0.5951970432485854,0.4187957186784063,2.5437735319137573,0.396099964422839,37.651311601911274,17.569124358040945,6.8457537,5.80105,0.8934268,0.5991576761007309,-0.02048681676387787,0
0.4167958,2.4751408,0.3797598,37.80391,17.45911,0.568864,0.41403294,2.4950159,0.38123327,37.799454,17.475565,0.5951970432485854,0.4187957186784063,2.5437735319137573,0.396099964422839,37.651311601911274,17.569124358040945,6.8457537,5.80105,0.8934268,0.5991576761007309,-0.02048681676387787,0
0.4167958,2.4751408,0.3797598,37.80391,17.45911,0.568864,0.41403294,2.4950159,0.38123327,37.799454,17.475565,0.5951970432485854,0.4187957186784063,2.5437735319137573,0.396099964422839,37.651311601911274,17.569124358040945,6.8457537,5.80105,0.8934268,0.5991576761007309,-0.02048681676387787,0
0.4167958,2.4751408,0.3797598,37.80391,17.45911,0.568864,0.41403294,2.4950159,0.38123327,37.799454,17.475565,0.5951970432485854,0.4187957186784063,2.5437735319137573,0.396099964422839,37.651311601911274,17.569124358040945,6.8457537,5.80105,0.8934268,0.5991576761007309,-0.02048681676387787,0
0.4167958,2.4751408,0.3797598,37.80391,17.45911,0.568864,0.41403294,2.4950159,0.38123327,37.799454,17.475565,0.5951970432485854,0.4187957186784063,2.5437735319137573,0.396099964422839,37.651311601911274,17.569124358040945,6.8457537,5.80105,0.8934268,0.5991576761007309,-0.02048681676387787,0
0.4167958,2.4751408,0.3797598,37.80391,17.45911,0.568864,0.41403294,2.4950159,0.38123327,37.799454,17.475565,0.5951970432485854,0.4187957186784063,2.5437735319137573,0.396099964422839,37.651311601911274,17.569124358040945,6.8457537,5.80105,0.8934268,0.5991576761007309,-0.02048681676387787,0
0.4167958,2.4751408,0.3797598,37.80391,17.45911,0.568864,0.41403294,2.4950159,0.38123327,37.799454,17.475565,0.5951970432485854,0.4187957186784063,2.5437735319137573,0.396099964422839,37.651311601911274,17.569124358040945,6.8457537,5.80105,0.8934268,0.5991576761007309,-0.02048681676387787,0
0.4167958,2.4751408,0.3797598,37.80391,17.45911,0.568864,0.41403294,2.4950159,0.38123327,37.799454,17.475565,0.5951970432485854,0.4187957186784063,2.5437735319137573,0.396099964422839,37.651311601911274,17.569124358040945,6.8457537,5.80105,0.8934268,0.5991576761007309,-0.02048681676387787,0
0.4167958,2.4751408,0.3797598,37.80391,17.45911,0.568864,0.41403294,2.4950159,0.38123327,37.799454,17.475565,0.5951970432485854,0.4187957186784063,2.5437735319137573,0.396099964422839,37.651311601911274,17.569124358040945,6.8457537,5.80105,0.8934268,0.5991576761007309,-0.02048681676387787,0
0.4167958,2.4751408,0.3797598,37.80391,17.45911,0.568864,0.41403294,2.4950159,0.38123327,37.799454,17.475565,0.5951970432485854,0.4187957186784063,2.5437735319137573,0.396099964422839,37.651311601911274,17.569124358040945,6.8457537,5.80105,0.8934268,0.5991576761007309,-0.02048681676387787,0
0.4167958,2.4751408,0.3797598,37.80391,17.45911,0.568864,0.41403294,2.4950159,0.38123327,37.799454,17.475565,0.5951970432485854,0.4187957186784063,2.5437735319137573,0.396099964422839,37.651311601911274,17.569124358040945,6.8457537,5.80105,0.8934268,0.5991576761007309,-0.02048681676387787,0
0.4167958,2.4751408,0.3797598,37.80391,17.45911,0.568864,0.41403294,2.4950159,0.38123327,37.799454,17.475565,0.5951970432485854,0.4187957186784063,2.5437735319137573,0.396099964422839,37.651311601911274,17.569124358040945,6.8457537,5.80105,0.8934268,0.5991576761007309,-0.02048681676387787,0
0.4167958,2.4751408,0.3797598,37.80391,17.45911,0.568864,0.41403294,2.4950159,0.38123327,37.799454,17.475565,0.5951970432485854,0.4187957186784063,2.5437735319137573,0.396099964422839,37.651311601911274,17.569124358040945,6.8457537,5.80105,0.8934268,0.5991576761007309,-0.02048681676387787,0
0.4167958,2.4751408,0.3797598,37.80391,17.45911,0.568864,0.41403294,2.4950159,0.38123327,37.799454,17.475565,0.5951970432485854,0.4187957186784063,2.5437735319137573,0.396099964422839,37.651311601911274,17.569124358040945,6.8457537,5.80105,0.8934268,0.5991576761007309,-0.02048681676387787,0
0.4167958,2.4751408,0.3797598,37.80391,17.45911,0.568864,0.41403294,2.4950159,0.38123327,37.799454,17.475565,0.5951970432485854,0.4187957186784063,2.5437735319137573,0.396099964422839,37.651311601911274,17.569124358040945,6.8457537,5.80105,0.8934268,0.5991576761007309,-0.02048681676387787,0
0.4167958,2.4751408,0.3797598,37.80391,17.45911,0.568864,0.41403294,2.4950159,0.38123327,37.799454,17.475565,0.5951970432485854,0.4187957186784063,2.5437735319137573,0.396099964422839,37.651311601911274,17.569124358040945,6.8457537,5.80105,0.8934268,0.5991576761007309,-0.02048681676387787,0
0.4167958,2.4751408,0.3797598,37.80391,17.45911,0.568864,0.41403294,2.4950159,0.38123327,37.799454,17.475565,0.5951970432485854,0.4187957186784063,2.5437735319137573,0.396099964422839,37.651311601911274,17.569124358040945,6.8457537,5.80105,0.8934268,0.5991576761007309,-0.02048681676387787,0
0.4167958,2.4751408,0.3797598,37.80391,17.45911,0.568864,0.41403294,2.4950159,0.38123327,37.799454,17.475565,0.5951970432485854,0.4187957186784063,2.5437735319137573,0.396099964422839,37.651311601911274,17.569124358040945,6.8457537,5.80105,0.8934268,0.5991576761007309,-0.02048681676387787,0
0.4167958,2.4751408,0.3797598,37.80391,17.45911,0.568864,0.41403294,2.4950159,0.38123327,37.799454,17.475565,0.5951970432485854,0.4187957186784063,2.5437735319137573,0.396099964422839,37.651311601911274,17.569124358040945,6.8457537,5.80105,0.8934268,0.5991576761007309,-0.02048681676387787,0
0.4167958,2.4751408,0.3797598,37.80391,17.45911,0.568864,0.41403294,2.4950159,0.38123327,37.799454,17.475565,0.5951970432485854,0.4187957186784063,2.5437735319137573,0.396099964422839,37.651311601911274,17.569124358040945,6.8457537,5.80105,0.8934268,0.5991576761007309,-0.02048681676387787,0
0.4167958,2.4751408,0.3797598,37.80391,17.45911,0.568864,0.41403294,2.4950159,0.38123327,37.799454,17.475565,0.5951970432485854,0.4187957186784063,2.5437735319137573,0.396099964422839,37.651311601911274,17.569124358040945,6.8457537,5.80105,0.8934268,0.5991576761007309,-0.02048681676387787,0
0.4167958,2.4751408,0.3797598,37.80391,17.45911,0.568864,0.41403294,2.4950159,0.38123327,37.799454,17.475565,0.5951970432485854,0.4187957186784063,2.5437735319137573,0.396099964422839,37.651311601911274,17.569124358040945,6.8457537,5.80105,0.8934268,0.5991576761007309,-0.02048681676387787,0
0.4167958,2.4751408,0.3797598,37.80391,17.45911,0.568864,0.41403294,2.4950159,0.38123327,37.799454,17.475565,0.5951970432485854,0.4187957186784063,2.5437735319137573,0.396099964422839,37.651311601911274,17.569124358040945,6.8457537,5.80105,0.8934268,0.5991576761007309,-0.02048681676387787,0
0.4167958,2.4751408,0.3797598,37.80391,17.45911,0.568864,0.41403294,2.4950159,0.38123327,37.799454,17.475565,0.5951970432485854,0.4187957186784063,2.5437735319137573,0.396099964422839,37.651311601911274,17.569124358040945,6.8457537,5.80105,0.8934268,0.5991576761007309,-0.02048681676387787,0
0.4167958,2.4751408,0.3797598,37.80391,17.45911,0.568864,0.41403294,2.4950159,0.38123327,37.799454,17.475565,0.5951970432485854,0.4187957186784063,2.5437735319137573,0.396099964422839,37.651311601911274,17.569124358040945,6.8457537,5.80105,0.8934268,0.5991576761007309,-0.02048681676387787,0
0.24374282,0.2777967,0.12896128,37.740353,16.537132,0.58012754,0.24374399,0.2778045,0.12896264,37.740353,16.537127,0.5951970432485854,0.4187957186784063,2.5437735319137573,0.396099964422839,37.651311601911274,17.569124358040945,2.1541092,1.1397122,0.5290875,0.5991576761007309,-0.02048681676387787,0
0.29079407,0.43886584,0.14753981,37.83226,16.67684,0.5542602,0.29079172,0.4388658,0.14753973,37.83226,16.676832,0.5951970432485854,0.4187957186784063,2.5437735319137573,0.396099964422839,37.651311601911274,17.569124358040945,2.9745588,1.5091981,0.5073687,0.5991576761007309,-0.02048681676387787,0
0.3517432,0.68302053,0.17383102,37.998356,16.903816,0.513541,0.35173795,0.6830163,0.17383102,37.998356,16.903809,0.5951970432485854,0.4187957186784063,2.5437735319137573,0.396099964422839,37.651311601911274,17.569124358040945,3.9292214,1.941816,0.49419868,0.5991576761007309,-0.02048681676387787,0
0.39149076,0.9272874,0.198825,38.004467,16.718649,0.48780772,0.3914866,0.927284,0.19882452,38.004467,16.718641,0.5951970432485854,0.4187957186784063,2.5437735319137573,0.396099964422839,37.651311601911274,17.569124358040945,4.663837,2.368606,0.5078664,0.5991576761007309,-0.02048681676387787,0
0.38395137,1.0355289,0.20163924,38.03272,16.606306,0.45399266,0.38394818,1.0355287,0.20163928,38.03272,16.606298,0.5951970432485854,0.4187957186784063,2.5437735319137573,0.396099964422839,37.651311601911274,17.569124358040945,5.1355524,2.6970315,0.5251687,0.5991576761007309,-0.02048681676387787,0
0.32124564,0.9318651,0.17236288,38.103928,16.66258,0.40023574,0.3212434,0.9318648,0.17236297,38.103924,16.66257,0.5951970432485854,0.4187957186784063,2.5437735319137573,0.396099964422839,37.651311601911274,17.569124358040945,5.406414,2.9007866,0.5365454,0.5991576761007309,-0.02048681676387787,0
0.22302918,0.65864986,0.11888766,38.17288,16.914736,0.32594952,0.22302815,0.65864956,0.11888753,38.172874,16.914724,0.5951970432485854,0.4187957186784063,2.5437735319137573,0.396099964422839,37.651311601911274,17.569124358040945,5.5401025,2.9532003,0.53305876,0.5991576761007309,-0.02048681676387787,0
0.12603875,0.34988725,0.062194314,38.205368,17.097351,0.24217843,0.12603854,0.34988824,0.062194273,38.205368,17.097338,0.5951970432485854,0.4187957186784063,2.5437735319137573,0.396099964422839,37.651311601911274,17.569124358040945,5.6257114,2.7760293,0.49345392,0.5991576761007309,-0.02048681676387787,0
0.061096676,0.13068655,0.022576174,38.209896,17.123186,0.17365012,0.061096553,0.13068764,0.022576125,38.209896,17.123175,0.5951970432485854,0.4187957186784063,2.5437735319137573,0.396099964422839,37.651311601911274,17.569124358040945,5.7886934,2.1390126,0.3695156,0.5991576761007309,-0.02048681676387787,0
0.032570012,0.027570197,0.004275465,38.214275,17.123137,0.13441376,0.03256984,0.027571078,0.004275381,38.214275,17.123125,0.5951970432485854,0.4187957186784063,2.5437735319137573,0.396099964422839,37.651311601911274,17.569124358040945,6.4484677,0.84649026,0.13126998,0.5991576761007309,-0.02048681676387787,0
0.4167958,2.4751408,0.3797598,37.80391,17.45911,0.568864,0.41403294,2.4950159,0.38123327,37.799454,17.475565,0.5951970432485854,0.4187957186784063,2.5437735319137573,0.396099964422839,37.651311601911274,17.569124358040945,6.8457537,5.80105,0.8934268,0.5991576761007309,-0.02048681676387787,0
0.4167958,2.4751408,0.3797598,37.80391,17.45911,0.568864,0.41403294,2.4950159,0.38123327,37.799454,17.475565,0.5951970432485854,0.4187957186784063,2.5437735319137573,0.396099964422839,37.651311601911274,17.569124358040945,6.8457537,5.80105,0.8934268,0.5991576761007309,-0.02048681676387787,0
0.4167958,2.4751408,0.3797598,37.80391,17.45911,0.568864,0.41403294,2.4950159,0.38123327,37.799454,17.475565,0.5951970432485854,0.4187957186784063,2.5437735319137573,0.396099964422839,37.651311601911274,17.569124358040945,6.8457537,5.80105,0.8934268,0.5991576761007309,-0.02048681676387787,0
0.32821375,0.55608314,0.17702742,37.385834,15.650771,0.61894757,0.3282157,0.55610144,0.17703,37.385834,15.650765,0.5951970432485854,0.4187957186784063,2.5437735319137573,0.396099964422839,37.651311601911274,17.569124358040945,3.141226,1.6942713,0.53936625,0.5991576761007309,-0.02048681676387787,0
0.37952843,0.7398907,0.196969,37.60967,16.069193,0.58349836,0.3795236,0.7398863,0.19696842,37.60967,16.069187,0.5951970432485854,0.4187957186784063,2.5437735319137573,0.396099964422839,37.651311601911274,17.569124358040945,3.7563813,1.9495001,0.51898354,0.5991576761007309,-0.02048681676387787,0
0.4404386,0.9929502,0.22232577,37.963154,16.841015,0.5323263,0.4404311,0.99294996,0.22232668,37.96315,16.841007,0.5951970432485854,0.4187957186784063,2.5437735319137573,0.396099964422839,37.651311601911274,17.569124358040945,4.4661946,2.2544577,0.5047827,0.5991576761007309,-0.02048681676387787,0
0.47838894,1.2738165,0.25068906,37.97645,16.704985,0.5071766,0.47838497,1.2738136,0.25068858,37.976448,16.704977,0.5951970432485854,0.4187957186784063,2.5437735319137573,0.396099964422839,37.651311601911274,17.569124358040945,5.0812607,2.6627214,0.5240277,0.5991576761007309,-0.02048681676387787,0
0.4646408,1.3950714,0.25352263,38.02102,16.604353,0.47290128,0.46463725,1.3950733,0.25352305,38.02102,16.604345,0.5951970432485854,0.4187957186784063,2.5437735319137573,0.396099964422839,37.651311601911274,17.569124358040945,5.502749,3.0024729,0.54563147,0.5991576761007309,-0.02048681676387787,0
0.3858229,1.2451127,0.21712846,38.09673,16.656855,0.42164165,0.3858199,1.2451123,0.2171286,38.09673,16.656845,0.5951970432485854,0.4187957186784063,2.5437735319137573,0.396099964422839,37.651311601911274,17.569124358040945,5.734452,3.2271612,0.56276715,0.5991576761007309,-0.02048681676387787,0
0.26605153,0.881706,0.15164529,38.164864,16.896517,0.3521781,0.26604685,0.88169426,0.1516434,38.164864,16.896507,0.5951970432485854,0.4187957186784063,2.5437735319137573,0.396099964422839,37.651311601911274,17.569124358040945,5.8142657,3.314042,0.5699847,0.5991576761007309,-0.02048681676387787,0
0.14589489,0.47033006,0.0811513,38.202168,17.106722,0.27035752,0.1458941,0.47032905,0.08115096,38.202168,17.10671,0.5951970432485854,0.4187957186784063,2.5437735319137573,0.396099964422839,37.651311601911274,17.569124358040945,5.795718,3.2237597,0.55623126,0.5991576761007309,-0.02048681676387787,0
0.06620916,0.18520658,0.032224894,38.210487,17.162207,0.19818589,0.06620884,0.1852062,0.032224614,38.210487,17.162195,0.5951970432485854,0.4187957186784063,2.5437735319137573,0.396099964422839,37.651311601911274,17.569124358040945,5.747314,2.7972953,0.48671353,0.5991576761007309,-0.02048681676387787,0
0.027265761,0.03808164,0.006695403,38.197384,17.126133,0.14485408,0.027266046,0.03808421,0.006695664,38.197384,17.126122,0.5951970432485854,0.4187957186784063,2.5437735319137573,0.396099964422839,37.651311601911274,17.569124358040945,5.6877294,1.3966835,0.24556082,0.5991576761007309,-0.02048681676387787,0
0.4167958,2.4751408,0.3797598,37.80391,17.45911,0.568864,0.41403294,2.4950159,0.38123327,37.799454,17.475565,0.5951970432485854,0.4187957186784063,2.5437735319137573,0.396099964422839,37.651311601911274,17.569124358040945,6.8457537,5.80105,0.8934268,0.5991576761007309,-0.02048681676387787,0
0.4167958,2.4751408,0.3797598,37.80391,17.45911,0.568864,0.41403294,2.4950159,0.38123327,37.799454,17.475565,0.5951970432485854,0.4187957186784063,2.5437735319137573,0.396099964422839,37.651311601911274,17.569124358040945,6.8457537,5.80105,0.8934268,0.5991576761007309,-0.02048681676387787,0
0.4167958,2.4751408,0.3797598,37.80391,17.45911,0.568864,0.41403294,2.4950159,0.38123327,37.799454,17.475565,0.5951970432485854,0.4187957186784063,2.5437735319137573,0.396099964422839,37.651311601911274,17.569124358040945,6.8457537,5.80105,0.8934268,0.5991576761007309,-0.02048681676387787,0
0.46932685,1.1526834,0.2636621,37.07134,14.969445,0.6418603,0.46932214,1.1526735,0.26366085,37.07119,14.969014,0.5951970432485854,0.4187957186784063,2.5437735319137573,0.396099964422839,37.651311601911274,17.569124358040945,4.3718204,2.4560354,0.5617878,0.5991576761007309,-0.02048681676387787,0
0.51314455,1.3167472,0.27955976,37.385475,15.560804,0.60228145,0.5131387,1.3167421,0.2795595,37.385475,15.5608,0.5951970432485854,0.4187957186784063,2.5437735319137573,0.396099964422839,37.651311601911274,17.569124358040945,4.710074,2.5660355,0.5447973,0.5991576761007309,-0.02048681676387787,0
0.5621638,1.5259035,0.29827172,37.849026,16.615887,0.54987556,0.5621613,1.5259323,0.29827622,37.849026,16.615877,0.5951970432485854,0.4187957186784063,2.5437735319137573,0.396099964422839,37.651311601911274,17.569124358040945,5.115817,2.7143397,0.53057796,0.5991576761007309,-0.02048681676387787,0
0.59775376,1.8153667,0.3265425,37.951824,16.725931,0.5212579,0.5977477,1.8153583,0.32654142,37.951824,16.725924,0.5951970432485854,0.4187957186784063,2.5437735319137573,0.396099964422839,37.651311601911274,17.569124358040945,5.559358,3.0369809,0.54628265,0.5991576761007309,-0.02048681676387787,0
0.57797784,1.93169,0.32821295,38.006516,16.630505,0.49046227,0.577973,1.9316868,0.32821277,38.00651,16.630482,0.5951970432485854,0.4187957186784063,2.5437735319137573,0.396099964422839,37.651311601911274,17.569124358040945,5.8854775,3.3421524,0.56786424,0.5991576761007309,-0.02048681676387787,0
0.48274717,1.7179565,0.2837751,38.077904,16.626389,0.44817024,0.48274377,1.7179556,0.28377527,38.077904,16.626379,0.5951970432485854,0.4187957186784063,2.5437735319137573,0.396099964422839,37.651311601911274,17.569124358040945,6.053937,3.5587087,0.58783376,0.5991576761007309,-0.02048681676387787,0
0.3349013,1.2281004,0.20232663,38.146805,16.816797,0.39019936,0.33489546,1.2280854,0.2023245,38.146805,16.816788,0.5951970432485854,0.4187957186784063,2.5437735319137573,0.396099964422839,37.651311601911274,17.569124358040945,6.0698905,3.6670518,0.6041381,0.5991576761007309,-0.02048681676387787,0
0.18065111,0.66176313,0.1113852,38.178066,16.958117,0.31612462,0.18065286,0.6617734,0.11138672,38.178066,16.958105,0.5951970432485854,0.4187957186784063,2.5437735319137573,0.396099964422839,37.651311601911274,17.569124358040945,5.9412127,3.6632109,0.6165763,0.5991576761007309,-0.02048681676387787,0
0.08226604,0.28976795,0.050493147,38.1751,16.920752,0.24528688,0.08226711,0.28977478,0.050494194,38.1751,16.920742,0.5951970432485854,0.4187957186784063,2.5437735319137573,0.396099964422839,37.651311601911274,17.569124358040945,5.738758,3.5223277,0.61377877,0.5991576761007309,-0.02048681676387787,0
0.02420222,0.06207348,0.0115203215,38.16179,16.807346,0.17264515,0.024199964,0.062067475,0.011518837,38.16179,16.807337,0.5951970432485854,0.4187957186784063,2.5437735319137573,0.396099964422839,37.651311601911274,17.569124358040945,5.3881726,2.5647845,0.47600266,0.5991576761007309,-0.02048681676387787,0
0.4167958,2.4751408,0.3797598,37.80391,17.45911,0.568864,0.41403294,2.4950159,0.38123327,37.799454,17.475565,0.5951970432485854,0.4187957186784063,2.5437735319137573,0.396099964422839,37.651311601911274,17.569124358040945,6.8457537,5.80105,0.8934268,0.5991576761007309,-0.02048681676387787,0
0.4167958,2.4751408,0.3797598,37.80391,17.45911,0.568864,0.41403294,2.4950159,0.38123327,37.799454,17.475565,0.5951970432485854,0.4187957186784063,2.5437735319137573,0.396099964422839,37.651311601911274,17.569124358040945,6.8457537,5.80105,0.8934268,0.5991576761007309,-0.02048681676387787,0
0.4167958,2.4751408,0.3797598,37.80391,17.45911,0.568864,0.41403294,2.4950159,0.38123327,37.799454,17.475565,0.5951970432485854,0.4187957186784063,2.5437735319137573,0.396099964422839,37.651311601911274,17.569124358040945,6.8457537,5.80105,0.8934268,0.5991576761007309,-0.02048681676387787,0
0.65159714,2.066299,0.382617,37.10086,15.041553,0.6362207,0.6515978,2.0663319,0.38262093,37.100784,15.041298,0.5951970432485854,0.4187957186784063,2.5437735319137573,0.396099964422839,37.651311601911274,17.569124358040945,5.400437,3.1711295,0.5871987,0.5991576761007309,-0.02048681676387787,0
0.6976331,2.276773,0.40395033,37.52015,15.889027,0.598351,0.69762516,2.2767558,0.40394855,37.520145,15.88902,0.5951970432485854,0.4187957186784063,2.5437735319137573,0.396099964422839,37.651311601911274,17.569124358040945,5.6362696,3.263568,0.5790298,0.5991576761007309,-0.02048681676387787,0
0.7404327,2.4678519,0.4213576,37.879814,16.750479,0.55337536,0.74042416,2.4678473,0.42135766,37.87981,16.750471,0.5951970432485854,0.4187957186784063,2.5437735319137573,0.396099964422839,37.651311601911274,17.569124358040945,5.856906,3.332986,0.56906945,0.5991576761007309,-0.02048681676387787,0
0.7674534,2.6880124,0.44217023,37.943386,16.78169,0.5286234,0.7674472,2.6880064,0.44216958,37.943386,16.781683,0.5951970432485854,0.4187957186784063,2.5437735319137573,0.396099964422839,37.651311601911274,17.569124358040945,6.0791345,3.502509,0.57615256,0.5991576761007309,-0.02048681676387787,0
0.7508455,2.7773643,0.44331798,37.964794,16.630667,0.5082875,0.7508402,2.777361,0.44331783,37.941105,16.564032,0.5951970432485854,0.4187957186784063,2.5437735319137573,0.396099964422839,37.651311601911274,17.569124358040945,6.2649484,3.6989825,0.590425,0.5991576761007309,-0.02048681676387787,0
0.65949154,2.5371432,0.39935,37.997692,16.468678,0.48438072,0.65948653,2.5371392,0.39934987,37.991863,16.450972,0.5951970432485854,0.4187957186784063,2.5437735319137573,0.396099964422839,37.651311601911274,17.569124358040945,6.3531823,3.8471203,0.60554224,0.5991576761007309,-0.02048681676387787,0
0.49269694,1.9337195,0.3063572,38.056786,16.448416,0.4513249,0.4926929,1.9337201,0.30635732,38.056786,16.448408,0.5951970432485854,0.4187957186784063,2.5437735319137573,0.396099964422839,37.651311601911274,17.569124358040945,6.3119764,3.9247646,0.6217964,0.5991576761007309,-0.02048681676387787,0
0.2709748,1.069392,0.17623283,38.096703,16.479216,0.39721143,0.27096868,1.0693718,0.1762298,38.096703,16.479208,0.5951970432485854,0.4187957186784063,2.5437735319137573,0.396099964422839,37.651311601911274,17.569124358040945,6.0680633,3.9464626,0.65036607,0.5991576761007309,-0.02048681676387787,0
0.16338728,0.6509048,0.11213727,38.099022,16.424055,0.35989577,0.1633871,0.6509061,0.1121373,38.099022,16.424047,0.5951970432485854,0.4187957186784063,2.5437735319137573,0.396099964422839,37.651311601911274,17.569124358040945,5.8045354,3.9838154,0.68632805,0.5991576761007309,-0.02048681676387787,0
0.4167958,2.4751408,0.3797598,37.80391,17.45911,0.568864,0.41403294,2.4950159,0.38123327,37.799454,17.475565,0.5951970432485854,0.4187957186784063,2.5437735319137573,0.396099964422839,37.651311601911274,17.569124358040945,6.8457537,5.80105,0.8934268,0.5991576761007309,-0.02048681676387787,0
0.4167958,2.4751408,0.3797598,37.80391,17.45911,0.568864,0.41403294,2.4950159,0.38123327,37.799454,17.475565,0.5951970432485854,0.4187957186784063,2.5437735319137573,0.396099964422839,37.651311601911274,17.569124358040945,6.8457537,5.80105,0.8934268,0.5991576761007309,-0.02048681676387787,0
0.4167958,2.4751408,0.3797598,37.80391,17.45911,0.568864,0.41403294,2.4950159,0.38123327,37.799454,17.475565,0.5951970432485854,0.4187957186784063,2.5437735319137573,0.396099964422839,37.651311601911274,17.569124358040945,6.8457537,5.80105,0.8934268,0.5991576761007309,-0.02048681676387787,0
0.4167958,2.4751408,0.3797598,37.80391,17.45911,0.568864,0.41403294,2.4950159,0.38123327,37.799454,17.475565,0.5951970432485854,0.4187957186784063,2.5437735319137573,0.396099964422839,37.651311601911274,17.569124358040945,6.8457537,5.80105,0.8934268,0.5991576761007309,-0.02048681676387787,0
0.8599393,3.3337612,0.53573364,37.29475,15.005013,0.60917026,0.85993403,3.3337595,0.5357334,37.29459,15.004484,0.5951970432485854,0.4187957186784063,2.5437735319137573,0.396099964422839,37.651311601911274,17.569124358040945,6.222796,3.8767402,0.6229901,0.5991576761007309,-0.02048681676387787,0
0.90219283,3.5663662,0.5595083,37.581177,15.887984,0.572606,0.90217906,3.5663245,0.5595041,37.581177,15.887978,0.5951970432485854,0.4187957186784063,2.5437735319137573,0.396099964422839,37.651311601911274,17.569124358040945,6.3741074,3.9529977,0.6201649,0.5991576761007309,-0.02048681676387787,0
0.93118256,3.7050896,0.57289255,37.800728,16.514267,0.5434102,0.9311772,3.7050908,0.57289267,37.800728,16.514261,0.5951970432485854,0.4187957186784063,2.5437735319137573,0.396099964422839,37.651311601911274,17.569124358040945,6.4673376,3.9789078,0.61523116,0.5991576761007309,-0.02048681676387787,0
0.95883334,3.85112,0.5877284,37.906765,16.704147,0.52362984,0.9588264,3.8511107,0.5877273,37.890736,16.656914,0.5951970432485854,0.4187957186784063,2.5437735319137573,0.396099964422839,37.651311601911274,17.569124358040945,6.552551,4.016464,0.612962,0.5991576761007309,-0.02048681676387787,0
0.9641665,3.9312313,0.59349585,37.92999,16.624338,0.5129157,0.96416,3.931225,0.59349525,37.885124,16.509542,0.5951970432485854,0.4187957186784063,2.5437735319137573,0.396099964422839,37.651311601911274,17.569124358040945,6.6238565,4.0773363,0.61555326,0.5991576761007309,-0.02048681676387787,0
0.92001075,3.7773678,0.56914,37.95567,16.5013,0.50916785,0.9200024,3.777361,0.569139,37.929527,16.429605,0.5951970432485854,0.4187957186784063,2.5437735319137573,0.396099964422839,37.651311601911274,17.569124358040945,6.636975,4.105787,0.61862326,0.5991576761007309,-0.02048681676387787,0
0.8149431,3.326724,0.50618255,37.97967,16.355951,0.5089525,0.81493783,3.3267205,0.50618225,37.97967,16.355942,0.5951970432485854,0.4187957186784063,2.5437735319137573,0.396099964422839,37.651311601911274,17.569124358040945,6.572182,4.082155,0.6211263,0.5991576761007309,-0.02048681676387787,0
0.4167958,2.4751408,0.3797598,37.80391,17.45911,0.568864,0.41403294,2.4950159,0.38123327,37.799454,17.475565,0.5951970432485854,0.4187957186784063,2.5437735319137573,0.396099964422839,37.651311601911274,17.569124358040945,6.8457537,5.80105,0.8934268,0.5991576761007309,-0.02048681676387787,0
0.4167958,2.4751408,0.3797598,37.80391,17.45911,0.568864,0.41403294,2.4950159,0.38123327,37.799454,17.475565,0.5951970432485854,0.4187957186784063,2.5437735319137573,0.396099964422839,37.651311601911274,17.569124358040945,6.8457537,5.80105,0.8934268,0.5991576761007309,-0.02048681676387787,0
0.4167958,2.4751408,0.3797598,37.80391,17.45911,0.568864,0.41403294,2.4950159,0.38123327,37.799454,17.475565,0.5951970432485854,0.4187957186784063,2.5437735319137573,0.396099964422839,37.651311601911274,17.569124358040945,6.8457537,5.80105,0.8934268,0.5991576761007309,-0.02048681676387787,0
0.4167958,2.4751408,0.3797598,37.80391,17.45911,0.568864,0.41403294,2.4950159,0.38123327,37.799454,17.475565,0.5951970432485854,0.4187957186784063,2.5437735319137573,0.396099964422839,37.651311601911274,17.569124358040945,6.8457537,5.80105,0.8934268,0.5991576761007309,-0.02048681676387787,0
0.4167958,2.4751408,0.3797598,37.80391,17.45911,0.568864,0.41403294,2.4950159,0.38123327,37.799454,17.475565,0.5951970432485854,0.4187957186784063,2.5437735319137573,0.396099964422839,37.651311601911274,17.569124358040945,6.8457537,5.80105,0.8934268,0.5991576761007309,-0.02048681676387787,0
0.4167958,2.4751408,0.3797598,37.80391,17.45911,0.568864,0.41403294,2.4950159,0.38123327,37.799454,17.475565,0.5951970432485854,0.4187957186784063,2.5437735319137573,0.396099964422839,37.651311601911274,17.569124358040945,6.8457537,5.80105,0.8934268,0.5991576761007309,-0.02048681676387787,0
1.0035888,4.3844433,0.65812296,37.493134,15.303912,0.58823067,1.0035815,4.3844295,0.6581212,37.493126,15.303893,0.5951970432485854,0.4187957186784063,2.5437735319137573,0.396099964422839,37.651311601911274,17.569124358040945,6.6620426,4.368765,0.6557695,0.5991576761007309,-0.02048681676387787,0
1.0522975,4.885146,0.71031743,37.565407,15.966658,0.5520759,1.0522906,4.8851604,0.7103189,37.53335,15.914979,0.5951970432485854,0.4187957186784063,2.5437735319137573,0.396099964422839,37.651311601911274,17.569124358040945,6.877413,4.642362,0.6750158,0.5991576761007309,-0.02048681676387787,0
1.0797509,5.0915575,0.73151684,37.643635,16.354303,0.5277751,1.0797492,5.091628,0.73152393,37.382122,16.012579,0.5951970432485854,0.4187957186784063,2.5437735319137573,0.396099964422839,37.651311601911274,17.569124358040945,6.9602737,4.7154927,0.67748666,0.5991576761007309,-0.02048681676387787,0
1.107982,5.096612,0.733258,37.743404,16.404793,0.5117093,1.1079776,5.096647,0.7332616,37.659058,16.221043,0.5951970432485854,0.4187957186784063,2.5437735319137573,0.396099964422839,37.651311601911274,17.569124358040945,6.9506392,4.599905,0.6617959,0.5991576761007309,-0.02048681676387787,0
1.1243242,5.0648503,0.7308705,37.832127,16.452278,0.5063949,1.12432,5.0648685,0.7308724,37.80323,16.374166,0.5951970432485854,0.4187957186784063,2.5437735319137573,0.396099964422839,37.651311601911274,17.569124358040945,6.929888,4.504795,0.65005314,0.5991576761007309,-0.02048681676387787,0
1.1138457,4.8733573,0.70954216,37.92929,16.45976,0.50704426,1.113839,4.873348,0.7095411,37.911266,16.406918,0.5951970432485854,0.4187957186784063,2.5437735319137573,0.396099964422839,37.651311601911274,17.569124358040945,6.8683124,4.3752537,0.6370202,0.5991576761007309,-0.02048681676387787,0
0.4167958,2.4751408,0.3797598,37.80391,17.45911,0.568864,0.41403294,2.4950159,0.38123327,37.799454,17.475565,0.5951970432485854,0.4187957186784063,2.5437735319137573,0.396099964422839,37.651311601911274,17.569124358040945,6.8457537,5.80105,0.8934268,0.5991576761007309,-0.02048681676387787,0
0.4167958,2.4751408,0.3797598,37.80391,17.45911,0.568864,0.41403294,2.4950159,0.38123327,37.799454,17.475565,0.5951970432485854,0.4187957186784063,2.5437735319137573,0.396099964422839,37.651311601911274,17.569124358040945,6.8457537,5.80105,0.8934268,0.5991576761007309,-0.02048681676387787,0
0.4167958,2.4751408,0.3797598,37.80391,17.45911,0.568864,0.41403294,2.4950159,0.38123327,37.799454,17.475565,0.5951970432485854,0.4187957186784063,2.5437735319137573,0.396099964422839,37.651311601911274,17.569124358040945,6.8457537,5.80105,0.8934268,0.5991576761007309,-0.02048681676387787,0
0.4167958,2.4751408,0.3797598,37.80391,17.45911,0.568864,0.41403294,2.4950159,0.38123327,37.799454,17.475565,0.5951970432485854,0.4187957186784063,2.5437735319137573,0.396099964422839,37.651311601911274,17.569124358040945,6.8457537,5.80105,0.8934268,0.5991576761007309,-0.02048681676387787,0
0.4167958,2.4751408,0.3797598,37.80391,17.45911,0.568864,0.41403294,2.4950159,0.38123327,37.799454,17.475565,0.5951970432485854,0.4187957186784063,2.5437735319137573,0.396099964422839,37.651311601911274,17.569124358040945,6.8457537,5.80105,0.8934268,0.5991576761007309,-0.02048681676387787,0
0.4167958,2.4751408,0.3797598,37.80391,17.45911,0.568864,0.41403294,2.4950159,0.38123327,37.799454,17.475565,0.5951970432485854,0.4187957186784063,2.5437735319137573,0.396099964422839,37.651311601911274,17.569124358040945,6.8457537,5.80105,0.8934268,0.5991576761007309,-0.02048681676387787,0
0.4167958,2.4751408,0.3797598,37.80391,17.45911,0.568864,0.41403294,2.4950159,0.38123327,37.799454,17.475565,0.5951970432485854,0.4187957186784063,2.5437735319137573,0.396099964422839,37.651311601911274,17.569124358040945,6.8457537,5.80105,0.8934268,0.5991576761007309,-0.02048681676387787,0
0.4167958,2.4751408,0.3797598,37.80391,17.45911,0.568864,0.41403294,2.4950159,0.38123327,37.799454,17.475565,0.5951970432485854,0.4187957186784063,2.5437735319137573,0.396099964422839,37.651311601911274,17.569124358040945,6.8457537,5.80105,0.8934268,0.5991576761007309,-0.02048681676387787,0
1.1484345,6.443065,0.8771402,37.220005,16.121496,0.52840006,1.1484314,6.4430904,0.87714267,36.58426,15.685691,0.5951970432485854,0.4187957186784063,2.5437735319137573,0.396099964422839,37.651311601911274,17.569124358040945,7.345536,5.6103024,0.76377034,0.5991576761007309,-0.02048681676387787,0
1.1613985,6.701319,0.90329415,37.69876,16.684317,0.5132278,1.161367,6.7041545,0.9035781,35.439137,15.916826,0.5951970432485854,0.4187957186784063,2.5437735319137573,0.396099964422839,37.651311601911274,17.569124358040945,7.4187565,5.770043,0.77776414,0.5991576761007309,-0.02048681676387787,0
1.1834893,6.3001323,0.8641397,37.54694,16.317352,0.5055459,1.183485,6.300167,0.86414313,37.001034,15.624545,0.5951970432485854,0.4187957186784063,2.5437735319137573,0.396099964422839,37.651311601911274,17.569124358040945,7.2906413,5.323354,0.7301626,0.5991576761007309,-0.02048681676387787,0
1.1998621,6.055977,0.84077215,37.66823,16.335583,0.5020463,1.199857,6.055981,0.84077245,37.573483,16.062962,0.5951970432485854,0.4187957186784063,2.5437735319137573,0.396099964422839,37.651311601911274,17.569124358040945,7.202875,5.0472274,0.70072395,0.5991576761007309,-0.02048681676387787,0
0.4167958,2.4751408,0.3797598,37.80391,17.45911,0.568864,0.41403294,2.4950159,0.38123327,37.799454,17.475565,0.5951970432485854,0.4187957186784063,2.5437735319137573,0.396099964422839,37.651311601911274,17.569124358040945,6.8457537,5.80105,0.8934268,0.5991576761007309,-0.02048681676387787,0
0.4167958,2.4751408,0.3797598,37.80391,17.45911,0.568864,0.41403294,2.4950159,0.38123327,37.799454,17.475565,0.5951970432485854,0.4187957186784063,2.5437735319137573,0.396099964422839,37.651311601911274,17.569124358040945,6.8457537,5.80105,0.8934268,0.5991576761007309,-0.02048681676387787,0
0.4167958,2.4751408,0.3797598,37.80391,17.45911,0.568864,0.41403294,2.4950159,0.38123327,37.799454,17.475565,0.5951970432485854,0.4187957186784063,2.5437735319137573,0.396099964422839,37.651311601911274,17.569124358040945,6.8457537,5.80105,0.8934268,0.5991576761007309,-0.02048681676387787,0
0.4167958,2.4751408,0.3797598,37.80391,17.45911,0.568864,0.41403294,2.4950159,0.38123327,37.799454,17.475565,0.5951970432485854,0.4187957186784063,2.5437735319137573,0.396099964422839,37.651311601911274,17.569124358040945,6.8457537,5.80105,0.8934268,0.5991576761007309,-0.02048681676387787,0
0.4167958,2.4751408,0.3797598,37.80391,17.45911,0.568864,0.41403294,2.4950159,0.38123327,37.799454,17.475565,0.5951970432485854,0.4187957186784063,2.5437735319137573,0.396099964422839,37.651311601911274,17.569124358040945,6.8457537,5.80105,0.8934268,0.5991576761007309,-0.02048681676387787,0
0.4167958,2.4751408,0.3797598,37.80391,17.45911,0.568864,0.41403294,2.4950159,0.38123327,37.799454,17.475565,0.5951970432485854,0.4187957186784063,2.5437735319137573,0.396099964422839,37.651311601911274,17.569124358040945,6.8457537,5.80105,0.8934268,0.5991576761007309,-0.02048681676387787,0
0.4167958,2.4751408,0.3797598,37.80391,17.45911,0.568864,0.41403294,2.4950159,0.38123327,37.799454,17.475565,0.5951970432485854,0.4187957186784063,2.5437735319137573,0.396099964422839,37.651311601911274,17.569124358040945,6.8457537,5.80105,0.8934268,0.5991576761007309,-0.02048681676387787,0
0.4167958,2.4751408,0.3797598,37.80391,17.45911,0.568864,0.41403294,2.4950159,0.38123327,37.799454,17.475565,0.5951970432485854,0.4187957186784063,2.5437735319137573,0.396099964422839,37.651311601911274,17.569124358040945,6.8457537,5.80105,0.8934268,0.5991576761007309,-0.02048681676387787,0
0.4167958,2.4751408,0.3797598,37.80391,17.45911,0.568864,0.41403294,2.4950159,0.38123327,37.799454,17.475565,0.5951970432485854,0.4187957186784063,2.5437735319137573,0.396099964422839,37.651311601911274,17.569124358040945,6.8457537,5.80105,0.8934268,0.5991576761007309,-0.02048681676387787,0
0.4167958,2.4751408,0.3797598,37.80391,17.45911,0.568864,0.41403294,2.4950159,0.38123327,37.799454,17.475565,0.5951970432485854,0.4187957186784063,2.5437735319137573,0.396099964422839,37.651311601911274,17.569124358040945,6.8457537,5.80105,0.8934268,0.5991576761007309,-0.02048681676387787,0
0.4167958,2.4751408,0.3797598,37.80391,17.45911,0.568864,0.41403294,2.4950159,0.38123327,37.799454,17.475565,0.5951970432485854,0.4187957186784063,2.5437735319137573,0.396099964422839,37.651311601911274,17.569124358040945,6.8457537,5.80105,0.8934268,0.5991576761007309,-0.02048681676387787,0
0.4167958,2.4751408,0.3797598,37.80391,17.45911,0.568864,0.41403294,2.4950159,0.38123327,37.799454,17.475565,0.5951970432485854,0.4187957186784063,2.5437735319137573,0.396099964422839,37.651311601911274,17.569124358040945,6.8457537,5.80105,0.8934268,0.5991576761007309,-0.02048681676387787,0
0.4167958,2.4751408,0.3797598,37.80391,17.45911,0.568864,0.41403294,2.4950159,0.38123327,37.799454,17.475565,0.5951970432485854,0.4187957186784063,2.5437735319137573,0.396099964422839,37.651311601911274,17.569124358040945,6.8457537,5.80105,0.8934268,0.5991576761007309,-0.02048681676387787,0
0.4167958,2.4751408,0.3797598,37.80391,17.45911,0.568864,0.41403294,2.4950159,0.38123327,37.799454,17.475565,0.5951970432485854,0.4187957186784063,2.5437735319137573,0.396099964422839,37.651311601911274,17.569124358040945,6.8457537,5.80105,0.8934268,0.5991576761007309,-0.02048681676387787,0
0.4167958,2.4751408,0.3797598,37.80391,17.45911,0.568864,0.41403294,2.4950159,0.38123327,37.799454,17.475565,0.5951970432485854,0.4187957186784063,2.5437735319137573,0.396099964422839,37.651311601911274,17.569124358040945,6.8457537,5.80105,0.8934268,0.5991576761007309,-0.02048681676387787,0
0.4167958,2.4751408,0.3797598,37.80391,17.45911,0.568864,0.41403294,2.4950159,0.38123327,37.799454,17.475565,0.5951970432485854,0.4187957186784063,2.5437735319137573,0.396099964422839,37.651311601911274,17.569124358040945,6.8457537,5.80105,0.8934268,0.5991576761007309,-0.02048681676387787,0
0.4167958,2.4751408,0.3797598,37.80391,17.45911,0.568864,0.41403294,2.4950159,0.38123327,37.799454,17.475565,0.5951970432485854,0.4187957186784063,2.5437735319137573,0.396099964422839,37.651311601911274,17.569124358040945,6.8457537,5.80105,0.8934268,0.5991576761007309,-0.02048681676387787,0
0.4167958,2.4751408,0.3797598,37.80391,17.45911,0.568864,0.41403294,2.4950159,0.38123327,37.799454,17.475565,0.5951970432485854,0.4187957186784063,2.5437735319137573,0.396099964422839,37.651311601911274,17.569124358040945,6.8457537,5.80105,0.8934268,0.5991576761007309,-0.02048681676387787,0
0.4167958,2.4751408,0.3797598,37.80391,17.45911,0.568864,0.41403294,2.4950159,0.38123327,37.799454,17.475565,0.5951970432485854,0.4187957186784063,2.5437735319137573,0.396099964422839,37.651311601911274,17.569124358040945,6.8457537,5.80105,0.8934268,0.5991576761007309,-0.02048681676387787,0
0.4167958,2.4751408,0.3797598,37.80391,17.45911,0.568864,0.41403294,2.4950159,0.38123327,37.799454,17.475565,0.5951970432485854,0.4187957186784063,2.5437735319137573,0.396099964422839,37.651311601911274,17.569124358040945,6.8457537,5.80105,0.8934268,0.5991576761007309,-0.02048681676387787,0
0.4167958,2.4751408,0.3797598,37.80391,17.45911,0.568864,0.41403294,2.4950159,0.38123327,37.799454,17.475565,0.5951970432485854,0.4187957186784063,2.5437735319137573,0.396099964422839,37.651311601911274,17.569124358040945,6.8457537,5.80105,0.8934268,0.5991576761007309,-0.02048681676387787,0
0.4167958,2.4751408,0.3797598,37.80391,17.45911,0.568864,0.41403294,2.4950159,0.38123327,37.799454,17.475565,0.5951970432485854,0.4187957186784063,2.5437735319137573,0.396099964422839,37.651311601911274,17.569124358040945,6.8457537,5.80105,0.8934268,0.5991576761007309,-0.02048681676387787,0
0.4167958,2.4751408,0.3797598,37.80391,17.45911,0.568864,0.41403294,2.4950159,0.38123327,37.799454,17.475565,0.5951970432485854,0.4187957186784063,2.5437735319137573,0.396099964422839,37.651311601911274,17.569124358040945,6.8457537,5.80105,0.8934268,0.5991576761007309,-0.02048681676387787,0
0.4167958,2.4751408,0.3797598,37.80391,17.45911,0.568864,0.41403294,2.4950159,0.38123327,37.799454,17.475565,0.5951970432485854,0.4187957186784063,2.5437735319137573,0.396099964422839,37.651311601911274,17.569124358040945,6.8457537,5.80105,0.8934268,0.5991576761007309,-0.02048681676387787,0
0.4167958,2.4751408,0.3797598,37.80391,17.45911,0.568864,0.41403294,2.4950159,0.38123327,37.799454,17.475565,0.5951970432485854,0.4187957186784063,2.5437735319137573,0.396099964422839,37.651311601911274,17.569124358040945,6.8457537,5.80105,0.8934268,0.5991576761007309,-0.02048681676387787,0
0.4167958,2.4751408,0.3797598,37.80391,17.45911,0.568864,0.41403294,2.4950159,0.38123327,37.799454,17.475565,0.5951970432485854,0.4187957186784063,2.5437735319137573,0.396099964422839,37.651311601911274,17.569124358040945,6.8457537,5.80105,0.8934268,0.5991576761007309,-0.02048681676387787,0
0.4167958,2.4751408,0.3797598,37.80391,17.45911,0.568864,0.41403294,2.4950159,0.38123327,37.799454,17.475565,0.5951970432485854,0.4187957186784063,2.5437735319137573,0.396099964422839,37.651311601911274,17.569124358040945,6.8457537,5.80105,0.8934268,0.5991576761007309,-0.02048681676387787,0
0.4167958,2.4751408,0.3797598,37.80391,17.45911,0.568864,0.41403294,2.4950159,0.38123327,37.799454,17.475565,0.5951970432485854,0.4187957186784063,2.5437735319137573,0.396099964422839,37.651311601911274,17.569124358040945,6.8457537,5.80105,0.8934268,0.5991576761007309,-0.02048681676387787,0
0.4167958,2.4751408,0.3797598,37.80391,17.45911,0.568864,0.41403294,2.4950159,0.38123327,37.799454,17.475565,0.5951970432485854,0.4187957186784063,2.5437735319137573,0.396099964422839,37.651311601911274,17.569124358040945,6.8457537,5.80105,0.8934268,0.5991576761007309,-0.02048681676387787,0
0.4167958,2.4751408,0.3797598,37.80391,17.45911,0.568864,0.41403294,2.4950159,0.38123327,37.799454,17.475565,0.5951970432485854,0.4187957186784063,2.5437735319137573,0.396099964422839,37.651311601911274,17.569124358040945,6.8457537,5.80105,0.8934268,0.5991576761007309,-0.02048681676387787,0
0.4167958,2.4751408,0.3797598,37.80391,17.45911,0.568864,0.41403294,2.4950159,0.38123327,37.799454,17.475565,0.5951970432485854,0.4187957186784063,2.5437735319137573,0.396099964422839,37.651311601911274,17.569124358040945,6.8457537,5.80105,0.8934268,0.5991576761007309,-0.02048681676387787,0
0.4167958,2.4751408,0.3797598,37.80391,17.45911,0.568864,0.41403294,2.4950159,0.38123327,37.799454,17.475565,0.5951970432485854,0.4187957186784063,2.5437735319137573,0.396099964422839,37.651311601911274,17.569124358040945,6.8457537,5.80105,0.8934268,0.5991576761007309,-0.02048681676387787,0
0.4167958,2.4751408,0.3797598,37.80391,17.45911,0.568864,0.41403294,2.4950159,0.38123327,37.799454,17.475565,0.5951970432485854,0.4187957186784063,2.5437735319137573,0.396099964422839,37.651311601911274,17.569124358040945,6.8457537,5.80105,0.8934268,0.5991576761007309,-0.02048681676387787,0
0.4167958,2.4751408,0.3797598,37.80391,17.45911,0.568864,0.41403294,2.4950159,0.38123327,37.799454,17.475565,0.5951970432485854,0.4187957186784063,2.5437735319137573,0.396099964422839,37.651311601911274,17.569124358040945,6.8457537,5.80105,0.8934268,0.5991576761007309,-0.02048681676387787,0
0.4167958,2.4751408,0.3797598,37.80391,17.45911,0.568864,0.41403294,2.4950159,0.38123327,37.799454,17.475565,0.5951970432485854,0.4187957186784063,2.5437735319137573,0.396099964422839,37.651311601911274,17.569124358040945,6.8457537,5.80105,0.8934268,0.5991576761007309,-0.02048681676387787,0
0.4167958,2.4751408,0.3797598,37.80391,17.45911,0.568864,0.41403294,2.4950159,0.38123327,37.799454,17.475565,0.5951970432485854,0.4187957186784063,2.5437735319137573,0.396099964422839,37.651311601911274,17.569124358040945,6.8457537,5.80105,0.8934268,0.5991576761007309,-0.02048681676387787,0
0.4167958,2.4751408,0.3797598,37.80391,17.45911,0.568864,0.41403294,2.4950159,0.38123327,37.799454,17.475565,0.5951970432485854,0.4187957186784063,2.5437735319137573,0.396099964422839,37.651311601911274,17.569124358040945,6.8457537,5.80105,0.8934268,0.5991576761007309,-0.02048681676387787,0
0.4167958,2.4751408,0.3797598,37.80391,17.45911,0.568864,0.41403294,2.4950159,0.38123327,37.799454,17.475565,0.5951970432485854,0.4187957186784063,2.5437735319137573,0.396099964422839,37.651311601911274,17.569124358040945,6.8457537,5.80105,0.8934268,0.5991576761007309,-0.02048681676387787,0
0.4167958,2.4751408,0.3797598,37.80391,17.45911,0.568864,0.41403294,2.4950159,0.38123327,37.799454,17.475565,0.5951970432485854,0.4187957186784063,2.5437735319137573,0.396099964422839,37.651311601911274,17.569124358040945,6.8457537,5.80105,0.8934268,0.5991576761007309,-0.02048681676387787,0
0.4167958,2.4751408,0.3797598,37.80391,17.45911,0.568864,0.41403294,2.4950159,0.38123327,37.799454,17.475565,0.5951970432485854,0.4187957186784063,2.5437735319137573,0.396099964422839,37.651311601911274,17.569124358040945,6.8457537,5.80105,0.8934268,0.5991576761007309,-0.02048681676387787,0
0.4167958,2.4751408,0.3797598,37.80391,17.45911,0.568864,0.41403294,2.4950159,0.38123327,37.799454,17.475565,0.5951970432485854,0.4187957186784063,2.5437735319137573,0.396099964422839,37.651311601911274,17.569124358040945,6.8457537,5.80105,0.8934268,0.5991576761007309,-0.02048681676387787,0
0.4167958,2.4751408,0.3797598,37.80391,17.45911,0.568864,0.41403294,2.4950159,0.38123327,37.799454,17.475565,0.5951970432485854,0.4187957186784063,2.5437735319137573,0.396099964422839,37.651311601911274,17.569124358040945,6.8457537,5.80105,0.8934268,0.5991576761007309,-0.02048681676387787,0
0.4167958,2.4751408,0.3797598,37.80391,17.45911,0.568864,0.41403294,2.4950159,0.38123327,37.799454,17.475565,0.5951970432485854,0.4187957186784063,2.5437735319137573,0.396099964422839,37.651311601911274,17.569124358040945,6.8457537,5.80105,0.8934268,0.5991576761007309,-0.02048681676387787,0
0.4167958,2.4751408,0.3797598,37.80391,17.45911,0.568864,0.41403294,2.4950159,0.38123327,37.799454,17.475565,0.5951970432485854,0.4187957186784063,2.5437735319137573,0.396099964422839,37.651311601911274,17.569124358040945,6.8457537,5.80105,0.8934268,0.5991576761007309,-0.02048681676387787,0
0.4167958,2.4751408,0.3797598,37.80391,17.45911,0.568864,0.41403294,2.4950159,0.38123327,37.799454,17.475565,0.5951970432485854,0.4187957186784063,2.5437735319137573,0.396099964422839,37.651311601911274,17.569124358040945,6.8457537,5.80105,0.8934268,0.5991576761007309,-0.02048681676387787,0
0.4167958,2.4751408,0.3797598,37.80391,17.45911,0.568864,0.41403294,2.4950159,0.38123327,37.799454,17.475565,0.5951970432485854,0.4187957186784063,2.5437735319137573,0.396099964422839,37.651311601911274,17.569124358040945,6.8457537,5.80105,0.8934268,0.5991576761007309,-0.02048681676387787,0
0.4167958,2.4751408,0.3797598,37.80391,17.45911,0.568864,0.41403294,2.4950159,0.38123327,37.799454,17.475565,0.5951970432485854,0.4187957186784063,2.5437735319137573,0.396099964422839,37.651311601911274,17.569124358040945,6.8457537,5.80105,0.8934268,0.5991576761007309,-0.02048681676387787,0
0.4167958,2.4751408,0.3797598,37.80391,17.45911,0.568864,0.41403294,2.4950159,0.38123327,37.799454,17.475565,0.5951970432485854,0.4187957186784063,2.5437735319137573,0.396099964422839,37.651311601911274,17.569124358040945,6.8457537,5.80105,0.8934268,0.5991576761007309,-0.02048681676387787,0
0.4167958,2.4751408,0.3797598,37.80391,17.45911,0.568864,0.41403294,2.4950159,0.38123327,37.799454,17.475565,0.5951970432485854,0.4187957186784063,2.5437735319137573,0.396099964422839,37.651311601911274,17.569124358040945,6.8457537,5.80105,0.8934268,0.5991576761007309,-0.02048681676387787,0
0.4167958,2.4751408,0.3797598,37.80391,17.45911,0.568864,0.41403294,2.4950159,0.38123327,37.799454,17.475565,0.5951970432485854,0.4187957186784063,2.5437735319137573,0.396099964422839,37.651311601911274,17.569124358040945,6.8457537,5.80105,0.8934268,0.5991576761007309,-0.02048681676387787,0
0.4167958,2.4751408,0.3797598,37.80391,17.45911,0.568864,0.41403294,2.4950159,0.38123327,37.799454,17.475565,0.5951970432485854,0.4187957186784063,2.5437735319137573,0.396099964422839,37.651311601911274,17.569124358040945,6.8457537,5.80105,0.8934268,0.5991576761007309,-0.02048681676387787,0
0.4167958,2.4751408,0.3797598,37.80391,17.45911,0.568864,0.41403294,2.4950159,0.38123327,37.799454,17.475565,0.5951970432485854,0.4187957186784063,2.5437735319137573,0.396099964422839,37.651311601911274,17.569124358040945,6.8457537,5.80105,0.8934268,0.5991576761007309,-0.02048681676387787,0
0.4167958,2.4751408,0.3797598,37.80391,17.45911,0.568864,0.41403294,2.4950159,0.38123327,37.799454,17.475565,0.5951970432485854,0.4187957186784063,2.5437735319137573,0.396099964422839,37.651311601911274,17.569124358040945,6.8457537,5.80105,0.8934268,0.5991576761007309,-0.02048681676387787,0
0.4167958,2.4751408,0.3797598,37.80391,17.45911,0.568864,0.41403294,2.4950159,0.38123327,37.799454,17.475565,0.5951970432485854,0.4187957186784063,2.5437735319137573,0.396099964422839,37.651311601911274,17.569124358040945,6.8457537,5.80105,0.8934268,0.5991576761007309,-0.02048681676387787,0
0.4167958,2.4751408,0.3797598,37.80391,17.45911,0.568864,0.41403294,2.4950159,0.38123327,37.799454,17.475565,0.5951970432485854,0.4187957186784063,2.5437735319137573,0.396099964422839,37.651311601911274,17.569124358040945,6.8457537,5.80105,0.8934268,0.5991576761007309,-0.02048681676387787,0
0.4167958,2.4751408,0.3797598,37.80391,17.45911,0.568864,0.41403294,2.4950159,0.38123327,37.799454,17.475565,0.5951970432485854,0.4187957186784063,2.5437735319137573,0.396099964422839,37.651311601911274,17.569124358040945,6.8457537,5.80105,0.8934268,0.5991576761007309,-0.02048681676387787,0
0.4167958,2.4751408,0.3797598,37.80391,17.45911,0.568864,0.41403294,2.4950159,0.38123327,37.799454,17.475565,0.5951970432485854,0.4187957186784063,2.5437735319137573,0.396099964422839,37.651311601911274,17.569124358040945,6.8457537,5.80105,0.8934268,0.5991576761007309,-0.02048681676387787,0
0.4167958,2.4751408,0.3797598,37.80391,17.45911,0.568864,0.41403294,2.4950159,0.38123327,37.799454,17.475565,0.5951970432485854,0.4187957186784063,2.5437735319137573,0.396099964422839,37.651311601911274,17.569124358040945,6.8457537,5.80105,0.8934268,0.5991576761007309,-0.02048681676387787,0
0.4167958,2.4751408,0.3797598,37.80391,17.45911,0.568864,0.41403294,2.4950159,0.38123327,37.799454,17.475565,0.5951970432485854,0.4187957186784063,2.5437735319137573,0.396099964422839,37.651311601911274,17.569124358040945,6.8457537,5.80105,0.8934268,0.5991576761007309,-0.02048681676387787,0
0.4167958,2.4751408,0.3797598,37.80391,17.45911,0.568864,0.41403294,2.4950159,0.38123327,37.799454,17.475565,0.5951970432485854,0.4187957186784063,2.5437735319137573,0.396099964422839,37.651311601911274,17.569124358040945,6.8457537,5.80105,0.8934268,0.5991576761007309,-0.02048681676387787,0
0.4167958,2.4751408,0.3797598,37.80391,17.45911,0.568864,0.41403294,2.4950159,0.38123327,37.799454,17.475565,0.5951970432485854,0.4187957186784063,2.5437735319137573,0.396099964422839,37.651311601911274,17.569124358040945,6.8457537,5.80105,0.8934268,0.5991576761007309,-0.02048681676387787,0
0.4167958,2.4751408,0.3797598,37.80391,17.45911,0.568864,0.41403294,2.4950159,0.38123327,37.799454,17.475565,0.5951970432485854,0.4187957186784063,2.5437735319137573,0.396099964422839,37.651311601911274,17.569124358040945,6.8457537,5.80105,0.8934268,0.5991576761007309,-0.02048681676387787,0
0.4167958,2.4751408,0.3797598,37.80391,17.45911,0.568864,0.41403294,2.4950159,0.38123327,37.799454,17.475565,0.5951970432485854,0.4187957186784063,2.5437735319137573,0.396099964422839,37.651311601911274,17.569124358040945,6.8457537,5.80105,0.8934268,0.5991576761007309,-0.02048681676387787,0
0.4167958,2.4751408,0.3797598,37.80391,17.45911,0.568864,0.41403294,2.4950159,0.38123327,37.799454,17.475565,0.5951970432485854,0.4187957186784063,2.5437735319137573,0.396099964422839,37.651311601911274,17.569124358040945,6.8457537,5.80105,0.8934268,0.5991576761007309,-0.02048681676387787,0
0.4167958,2.4751408,0.3797598,37.80391,17.45911,0.568864,0.41403294,2.4950159,0.38123327,37.799454,17.475565,0.5951970432485854,0.4187957186784063,2.5437735319137573,0.396099964422839,37.651311601911274,17.569124358040945,6.8457537,5.80105,0.8934268,0.5991576761007309,-0.02048681676387787,0
0.4167958,2.4751408,0.3797598,37.80391,17.45911,0.568864,0.41403294,2.4950159,0.38123327,37.799454,17.475565,0.5951970432485854,0.4187957186784063,2.5437735319137573,0.396099964422839,37.651311601911274,17.569124358040945,6.8457537,5.80105,0.8934268,0.5991576761007309,-0.02048681676387787,0
0.4167958,2.4751408,0.3797598,37.80391,17.45911,0.568864,0.41403294,2.4950159,0.38123327,37.799454,17.475565,0.5951970432485854,0.4187957186784063,2.5437735319137573,0.396099964422839,37.651311601911274,17.569124358040945,6.8457537,5.80105,0.8934268,0.5991576761007309,-0.02048681676387787,0
0.4167958,2.4751408,0.3797598,37.80391,17.45911,0.568864,0.41403294,2.4950159,0.38123327,37.799454,17.475565,0.5951970432485854,0.4187957186784063,2.5437735319137573,0.396099964422839,37.651311601911274,17.569124358040945,6.8457537,5.80105,0.8934268,0.5991576761007309,-0.02048681676387787,0
0.4167958,2.4751408,0.3797598,37.80391,17.45911,0.568864,0.41403294,2.4950159,0.38123327,37.799454,17.475565,0.5951970432485854,0.4187957186784063,2.5437735319137573,0.396099964422839,37.651311601911274,17.569124358040945,6.8457537,5.80105,0.8934268,0.5991576761007309,-0.02048681676387787,0
0.4167958,2.4751408,0.3797598,37.80391,17.45911,0.568864,0.41403294,2.4950159,0.38123327,37.799454,17.475565,0.5951970432485854,0.4187957186784063,2.5437735319137573,0.396099964422839,37.651311601911274,17.569124358040945,6.8457537,5.80105,0.8934268,0.5991576761007309,-0.02048681676387787,0
