nh4,no3,po4,so,thetao,chl_t-1,nh4_t-1,no3_t-1,po4_t-1,so_t-1,thetao_t-1,chl_7day_avg,nh4_7day_avg,no3_7day_avg,po4_7day_avg,so_7day_avg,thetao_7day_avg,n_p_ratio,n_nh4_ratio,p_nh4_ratio,chl_monthly_median,chl_anomaly,bloom_proxy_label
0.006372873,0.0047740964,0.0050360826,39.021847,28.075226,0.057387438,0.006178606,0.0045540757,0.0049725915,38.991505,27.425488,0.0650772667889084,0.0057661850670618665,0.003057339528043355,0.004689013552186745,38.89585944584438,26.786116463797434,0.9479782,0.7491278,0.79023737,0.06576616317033768,0.0011979155242443085,0
0.0065772785,0.004975705,0.005020614,39.01742,28.06021,0.05729298,0.0064449725,0.004772243,0.0049499962,38.993927,27.304237,0.0650772667889084,0.0057661850670618665,0.003057339528043355,0.004689013552186745,38.89585944584438,26.786116463797434,0.99105513,0.75649905,0.76332694,0.06576616317033768,0.0011979155242443085,0
0.0069478685,0.005325746,0.005002871,39.014553,28.107933,0.056489278,0.006825908,0.0050861547,0.004928239,38.995743,27.228561,0.0650772667889084,0.0057661850670618665,0.003057339528043355,0.004689013552186745,38.89585944584438,26.786116463797434,1.0645379,0.76652944,0.7200584,0.06576616317033768,0.0011979155242443085,0
0.0072578434,0.005584166,0.004992938,39.01223,28.115002,0.055397812,0.0071065505,0.0053402483,0.0049212244,38.99183,27.202803,0.0650772667889084,0.0057661850670618665,0.003057339528043355,0.004689013552186745,38.89585944584438,26.786116463797434,1.1184129,0.76939744,0.6879369,0.06576616317033768,0.0011979155242443085,0
0.0075147706,0.005736794,0.004988187,39.008484,28.05176,0.0544008,0.0073036985,0.0054859594,0.004924578,38.988594,27.17167,0.0650772667889084,0.0057661850670618665,0.003057339528043355,0.004689013552186745,38.89585944584438,26.786116463797434,1.1500759,0.7634024,0.6637843,0.06576616317033768,0.0011979155242443085,0
0.0077017774,0.005754053,0.004986526,39.00709,27.940134,0.05373233,0.007425057,0.005480314,0.0049325842,38.9895,27.278135,0.0650772667889084,0.0057661850670618665,0.003057339528043355,0.004689013552186745,38.89585944584438,26.786116463797434,1.1539202,0.74710715,0.64745134,0.06576616317033768,0.0011979155242443085,0
0.0077970475,0.0056737466,0.004985285,39.00309,28.024532,0.05339048,0.0074781277,0.0053760847,0.0049381442,38.97902,27.464714,0.0650772667889084,0.0057661850670618665,0.003057339528043355,0.004689013552186745,38.89585944584438,26.786116463797434,1.1380987,0.72767884,0.6393811,0.06576616317033768,0.0011979155242443085,0
0.005785352,0.003163129,0.004695585,38.90185,26.787773,0.064661786,0.0057806987,0.0031556357,0.004688954,38.901237,26.78118,0.0650772667889084,0.0057661850670618665,0.003057339528043355,0.004689013552186745,38.89585944584438,26.786116463797434,0.6723487,0.60810024,0.81763184,0.06576616317033768,0.0011979155242443085,0
0.005785352,0.003163129,0.004695585,38.90185,26.787773,0.064661786,0.0057806987,0.0031556357,0.004688954,38.901237,26.78118,0.0650772667889084,0.0057661850670618665,0.003057339528043355,0.004689013552186745,38.89585944584438,26.786116463797434,0.6723487,0.60810024,0.81763184,0.06576616317033768,0.0011979155242443085,0
0.005785352,0.003163129,0.004695585,38.90185,26.787773,0.064661786,0.0057806987,0.0031556357,0.004688954,38.901237,26.78118,0.0650772667889084,0.0057661850670618665,0.003057339528043355,0.004689013552186745,38.89585944584438,26.786116463797434,0.6723487,0.60810024,0.81763184,0.06576616317033768,0.0011979155242443085,0
0.005785352,0.003163129,0.004695585,38.90185,26.787773,0.064661786,0.0057806987,0.0031556357,0.004688954,38.901237,26.78118,0.0650772667889084,0.0057661850670618665,0.003057339528043355,0.004689013552186745,38.89585944584438,26.786116463797434,0.6723487,0.60810024,0.81763184,0.06576616317033768,0.0011979155242443085,0
0.005785352,0.003163129,0.004695585,38.90185,26.787773,0.064661786,0.0057806987,0.0031556357,0.004688954,38.901237,26.78118,0.0650772667889084,0.0057661850670618665,0.003057339528043355,0.004689013552186745,38.89585944584438,26.786116463797434,0.6723487,0.60810024,0.81763184,0.06576616317033768,0.0011979155242443085,0
0.007308042,0.005667539,0.0049830102,39.009075,28.137802,0.05570103,0.007152229,0.005314127,0.004907693,38.99088,26.752893,0.0650772667889084,0.0057661850670618665,0.003057339528043355,0.004689013552186745,38.89585944584438,26.786116463797434,1.1373725,0.7755208,0.681853,0.06576616317033768,0.0011979155242443085,0
0.0074542486,0.0057478724,0.0049815997,39.00875,28.177305,0.055171084,0.0072644698,0.0054207854,0.0049110367,38.989418,27.07181,0.0650772667889084,0.0057661850670618665,0.003057339528043355,0.004689013552186745,38.89585944584438,26.786116463797434,1.1538206,0.77108675,0.66829,0.06576616317033768,0.0011979155242443085,0
0.007632429,0.005773267,0.004981092,39.008938,28.16061,0.054523755,0.0073848316,0.0054722806,0.0049193515,38.98978,27.218754,0.0650772667889084,0.0057661850670618665,0.003057339528043355,0.004689013552186745,38.89585944584438,26.786116463797434,1.1590363,0.7564128,0.65262216,0.06576616317033768,0.0011979155242443085,0
0.007775801,0.0056298757,0.004979215,39.009335,28.149319,0.054056674,0.007471776,0.0053373165,0.004927784,38.99331,27.362316,0.0650772667889084,0.0057661850670618665,0.003057339528043355,0.004689013552186745,38.89585944584438,26.786116463797434,1.1306753,0.7240252,0.64034754,0.06576616317033768,0.0011979155242443085,0
0.007844651,0.005306068,0.0049730344,39.0053,28.197184,0.053872827,0.0075104595,0.005014346,0.0049296697,38.984493,27.667757,0.0650772667889084,0.0057661850670618665,0.003057339528043355,0.004689013552186745,38.89585944584438,26.786116463797434,1.0669678,0.6763931,0.6339395,0.06576616317033768,0.0011979155242443085,0
0.005785352,0.003163129,0.004695585,38.90185,26.787773,0.064661786,0.0057806987,0.0031556357,0.004688954,38.901237,26.78118,0.0650772667889084,0.0057661850670618665,0.003057339528043355,0.004689013552186745,38.89585944584438,26.786116463797434,0.6723487,0.60810024,0.81763184,0.06576616317033768,0.0011979155242443085,0
0.005785352,0.003163129,0.004695585,38.90185,26.787773,0.064661786,0.0057806987,0.0031556357,0.004688954,38.901237,26.78118,0.0650772667889084,0.0057661850670618665,0.003057339528043355,0.004689013552186745,38.89585944584438,26.786116463797434,0.6723487,0.60810024,0.81763184,0.06576616317033768,0.0011979155242443085,0
0.005785352,0.003163129,0.004695585,38.90185,26.787773,0.064661786,0.0057806987,0.0031556357,0.004688954,38.901237,26.78118,0.0650772667889084,0.0057661850670618665,0.003057339528043355,0.004689013552186745,38.89585944584438,26.786116463797434,0.6723487,0.60810024,0.81763184,0.06576616317033768,0.0011979155242443085,0
0.005785352,0.003163129,0.004695585,38.90185,26.787773,0.064661786,0.0057806987,0.0031556357,0.004688954,38.901237,26.78118,0.0650772667889084,0.0057661850670618665,0.003057339528043355,0.004689013552186745,38.89585944584438,26.786116463797434,0.6723487,0.60810024,0.81763184,0.06576616317033768,0.0011979155242443085,0
0.005785352,0.003163129,0.004695585,38.90185,26.787773,0.064661786,0.0057806987,0.0031556357,0.004688954,38.901237,26.78118,0.0650772667889084,0.0057661850670618665,0.003057339528043355,0.004689013552186745,38.89585944584438,26.786116463797434,0.6723487,0.60810024,0.81763184,0.06576616317033768,0.0011979155242443085,0
0.005785352,0.003163129,0.004695585,38.90185,26.787773,0.064661786,0.0057806987,0.0031556357,0.004688954,38.901237,26.78118,0.0650772667889084,0.0057661850670618665,0.003057339528043355,0.004689013552186745,38.89585944584438,26.786116463797434,0.6723487,0.60810024,0.81763184,0.06576616317033768,0.0011979155242443085,0
0.005785352,0.003163129,0.004695585,38.90185,26.787773,0.064661786,0.0057806987,0.0031556357,0.004688954,38.901237,26.78118,0.0650772667889084,0.0057661850670618665,0.003057339528043355,0.004689013552186745,38.89585944584438,26.786116463797434,0.6723487,0.60810024,0.81763184,0.06576616317033768,0.0011979155242443085,0
0.005785352,0.003163129,0.004695585,38.90185,26.787773,0.064661786,0.0057806987,0.0031556357,0.004688954,38.901237,26.78118,0.0650772667889084,0.0057661850670618665,0.003057339528043355,0.004689013552186745,38.89585944584438,26.786116463797434,0.6723487,0.60810024,0.81763184,0.06576616317033768,0.0011979155242443085,0
0.005785352,0.003163129,0.004695585,38.90185,26.787773,0.064661786,0.0057806987,0.0031556357,0.004688954,38.901237,26.78118,0.0650772667889084,0.0057661850670618665,0.003057339528043355,0.004689013552186745,38.89585944584438,26.786116463797434,0.6723487,0.60810024,0.81763184,0.06576616317033768,0.0011979155242443085,0
0.005785352,0.003163129,0.004695585,38.90185,26.787773,0.064661786,0.0057806987,0.0031556357,0.004688954,38.901237,26.78118,0.0650772667889084,0.0057661850670618665,0.003057339528043355,0.004689013552186745,38.89585944584438,26.786116463797434,0.6723487,0.60810024,0.81763184,0.06576616317033768,0.0011979155242443085,0
0.005785352,0.003163129,0.004695585,38.90185,26.787773,0.064661786,0.0057806987,0.0031556357,0.004688954,38.901237,26.78118,0.0650772667889084,0.0057661850670618665,0.003057339528043355,0.004689013552186745,38.89585944584438,26.786116463797434,0.6723487,0.60810024,0.81763184,0.06576616317033768,0.0011979155242443085,0
0.005785352,0.003163129,0.004695585,38.90185,26.787773,0.064661786,0.0057806987,0.0031556357,0.004688954,38.901237,26.78118,0.0650772667889084,0.0057661850670618665,0.003057339528043355,0.004689013552186745,38.89585944584438,26.786116463797434,0.6723487,0.60810024,0.81763184,0.06576616317033768,0.0011979155242443085,0
0.005785352,0.003163129,0.004695585,38.90185,26.787773,0.064661786,0.0057806987,0.0031556357,0.004688954,38.901237,26.78118,0.0650772667889084,0.0057661850670618665,0.003057339528043355,0.004689013552186745,38.89585944584438,26.786116463797434,0.6723487,0.60810024,0.81763184,0.06576616317033768,0.0011979155242443085,0
0.005785352,0.003163129,0.004695585,38.90185,26.787773,0.064661786,0.0057806987,0.0031556357,0.004688954,38.901237,26.78118,0.0650772667889084,0.0057661850670618665,0.003057339528043355,0.004689013552186745,38.89585944584438,26.786116463797434,0.6723487,0.60810024,0.81763184,0.06576616317033768,0.0011979155242443085,0
0.005785352,0.003163129,0.004695585,38.90185,26.787773,0.064661786,0.0057806987,0.0031556357,0.004688954,38.901237,26.78118,0.0650772667889084,0.0057661850670618665,0.003057339528043355,0.004689013552186745,38.89585944584438,26.786116463797434,0.6723487,0.60810024,0.81763184,0.06576616317033768,0.0011979155242443085,0
0.005785352,0.003163129,0.004695585,38.90185,26.787773,0.064661786,0.0057806987,0.0031556357,0.004688954,38.901237,26.78118,0.0650772667889084,0.0057661850670618665,0.003057339528043355,0.004689013552186745,38.89585944584438,26.786116463797434,0.6723487,0.60810024,0.81763184,0.06576616317033768,0.0011979155242443085,0
0.005785352,0.003163129,0.004695585,38.90185,26.787773,0.064661786,0.0057806987,0.0031556357,0.004688954,38.901237,26.78118,0.0650772667889084,0.0057661850670618665,0.003057339528043355,0.004689013552186745,38.89585944584438,26.786116463797434,0.6723487,0.60810024,0.81763184,0.06576616317033768,0.0011979155242443085,0
0.005785352,0.003163129,0.004695585,38.90185,26.787773,0.064661786,0.0057806987,0.0031556357,0.004688954,38.901237,26.78118,0.0650772667889084,0.0057661850670618665,0.003057339528043355,0.004689013552186745,38.89585944584438,26.786116463797434,0.6723487,0.60810024,0.81763184,0.06576616317033768,0.0011979155242443085,0
0.005785352,0.003163129,0.004695585,38.90185,26.787773,0.064661786,0.0057806987,0.0031556357,0.004688954,38.901237,26.78118,0.0650772667889084,0.0057661850670618665,0.003057339528043355,0.004689013552186745,38.89585944584438,26.786116463797434,0.6723487,0.60810024,0.81763184,0.06576616317033768,0.0011979155242443085,0
0.005785352,0.003163129,0.004695585,38.90185,26.787773,0.064661786,0.0057806987,0.0031556357,0.004688954,38.901237,26.78118,0.0650772667889084,0.0057661850670618665,0.003057339528043355,0.004689013552186745,38.89585944584438,26.786116463797434,0.6723487,0.60810024,0.81763184,0.06576616317033768,0.0011979155242443085,0
0.005785352,0.003163129,0.004695585,38.90185,26.787773,0.064661786,0.0057806987,0.0031556357,0.004688954,38.901237,26.78118,0.0650772667889084,0.0057661850670618665,0.003057339528043355,0.004689013552186745,38.89585944584438,26.786116463797434,0.6723487,0.60810024,0.81763184,0.06576616317033768,0.0011979155242443085,0
0.005785352,0.003163129,0.004695585,38.90185,26.787773,0.064661786,0.0057806987,0.0031556357,0.004688954,38.901237,26.78118,0.0650772667889084,0.0057661850670618665,0.003057339528043355,0.004689013552186745,38.89585944584438,26.786116463797434,0.6723487,0.60810024,0.81763184,0.06576616317033768,0.0011979155242443085,0
0.005785352,0.003163129,0.004695585,38.90185,26.787773,0.064661786,0.0057806987,0.0031556357,0.004688954,38.901237,26.78118,0.0650772667889084,0.0057661850670618665,0.003057339528043355,0.004689013552186745,38.89585944584438,26.786116463797434,0.6723487,0.60810024,0.81763184,0.06576616317033768,0.0011979155242443085,0
0.005785352,0.003163129,0.004695585,38.90185,26.787773,0.064661786,0.0057806987,0.0031556357,0.004688954,38.901237,26.78118,0.0650772667889084,0.0057661850670618665,0.003057339528043355,0.004689013552186745,38.89585944584438,26.786116463797434,0.6723487,0.60810024,0.81763184,0.06576616317033768,0.0011979155242443085,0
0.005785352,0.003163129,0.004695585,38.90185,26.787773,0.064661786,0.0057806987,0.0031556357,0.004688954,38.901237,26.78118,0.0650772667889084,0.0057661850670618665,0.003057339528043355,0.004689013552186745,38.89585944584438,26.786116463797434,0.6723487,0.60810024,0.81763184,0.06576616317033768,0.0011979155242443085,0
0.005785352,0.003163129,0.004695585,38.90185,26.787773,0.064661786,0.0057806987,0.0031556357,0.004688954,38.901237,26.78118,0.0650772667889084,0.0057661850670618665,0.003057339528043355,0.004689013552186745,38.89585944584438,26.786116463797434,0.6723487,0.60810024,0.81763184,0.06576616317033768,0.0011979155242443085,0
0.005785352,0.003163129,0.004695585,38.90185,26.787773,0.064661786,0.0057806987,0.0031556357,0.004688954,38.901237,26.78118,0.0650772667889084,0.0057661850670618665,0.003057339528043355,0.004689013552186745,38.89585944584438,26.786116463797434,0.6723487,0.60810024,0.81763184,0.06576616317033768,0.0011979155242443085,0
0.005785352,0.003163129,0.004695585,38.90185,26.787773,0.064661786,0.0057806987,0.0031556357,0.004688954,38.901237,26.78118,0.0650772667889084,0.0057661850670618665,0.003057339528043355,0.004689013552186745,38.89585944584438,26.786116463797434,0.6723487,0.60810024,0.81763184,0.06576616317033768,0.0011979155242443085,0
0.005785352,0.003163129,0.004695585,38.90185,26.787773,0.064661786,0.0057806987,0.0031556357,0.004688954,38.901237,26.78118,0.0650772667889084,0.0057661850670618665,0.003057339528043355,0.004689013552186745,38.89585944584438,26.786116463797434,0.6723487,0.60810024,0.81763184,0.06576616317033768,0.0011979155242443085,0
0.005785352,0.003163129,0.004695585,38.90185,26.787773,0.064661786,0.0057806987,0.0031556357,0.004688954,38.901237,26.78118,0.0650772667889084,0.0057661850670618665,0.003057339528043355,0.004689013552186745,38.89585944584438,26.786116463797434,0.6723487,0.60810024,0.81763184,0.06576616317033768,0.0011979155242443085,0
0.005785352,0.003163129,0.004695585,38.90185,26.787773,0.064661786,0.0057806987,0.0031556357,0.004688954,38.901237,26.78118,0.0650772667889084,0.0057661850670618665,0.003057339528043355,0.004689013552186745,38.89585944584438,26.786116463797434,0.6723487,0.60810024,0.81763184,0.06576616317033768,0.0011979155242443085,0
0.005785352,0.003163129,0.004695585,38.90185,26.787773,0.064661786,0.0057806987,0.0031556357,0.004688954,38.901237,26.78118,0.0650772667889084,0.0057661850670618665,0.003057339528043355,0.004689013552186745,38.89585944584438,26.786116463797434,0.6723487,0.60810024,0.81763184,0.06576616317033768,0.0011979155242443085,0
0.005785352,0.003163129,0.004695585,38.90185,26.787773,0.064661786,0.0057806987,0.0031556357,0.004688954,38.901237,26.78118,0.0650772667889084,0.0057661850670618665,0.003057339528043355,0.004689013552186745,38.89585944584438,26.786116463797434,0.6723487,0.60810024,0.81763184,0.06576616317033768,0.0011979155242443085,0
0.005785352,0.003163129,0.004695585,38.90185,26.787773,0.064661786,0.0057806987,0.0031556357,0.004688954,38.901237,26.78118,0.0650772667889084,0.0057661850670618665,0.003057339528043355,0.004689013552186745,38.89585944584438,26.786116463797434,0.6723487,0.60810024,0.81763184,0.06576616317033768,0.0011979155242443085,0
0.005785352,0.003163129,0.004695585,38.90185,26.787773,0.064661786,0.0057806987,0.0031556357,0.004688954,38.901237,26.78118,0.0650772667889084,0.0057661850670618665,0.003057339528043355,0.004689013552186745,38.89585944584438,26.786116463797434,0.6723487,0.60810024,0.81763184,0.06576616317033768,0.0011979155242443085,0
0.005785352,0.003163129,0.004695585,38.90185,26.787773,0.064661786,0.0057806987,0.0031556357,0.004688954,38.901237,26.78118,0.0650772667889084,0.0057661850670618665,0.003057339528043355,0.004689013552186745,38.89585944584438,26.786116463797434,0.6723487,0.60810024,0.81763184,0.06576616317033768,0.0011979155242443085,0
0.005785352,0.003163129,0.004695585,38.90185,26.787773,0.064661786,0.0057806987,0.0031556357,0.004688954,38.901237,26.78118,0.0650772667889084,0.0057661850670618665,0.003057339528043355,0.004689013552186745,38.89585944584438,26.786116463797434,0.6723487,0.60810024,0.81763184,0.06576616317033768,0.0011979155242443085,0
0.005785352,0.003163129,0.004695585,38.90185,26.787773,0.064661786,0.0057806987,0.0031556357,0.004688954,38.901237,26.78118,0.0650772667889084,0.0057661850670618665,0.003057339528043355,0.004689013552186745,38.89585944584438,26.786116463797434,0.6723487,0.60810024,0.81763184,0.06576616317033768,0.0011979155242443085,0
0.005785352,0.003163129,0.004695585,38.90185,26.787773,0.064661786,0.0057806987,0.0031556357,0.004688954,38.901237,26.78118,0.0650772667889084,0.0057661850670618665,0.003057339528043355,0.004689013552186745,38.89585944584438,26.786116463797434,0.6723487,0.60810024,0.81763184,0.06576616317033768,0.0011979155242443085,0
0.005785352,0.003163129,0.004695585,38.90185,26.787773,0.064661786,0.0057806987,0.0031556357,0.004688954,38.901237,26.78118,0.0650772667889084,0.0057661850670618665,0.003057339528043355,0.004689013552186745,38.89585944584438,26.786116463797434,0.6723487,0.60810024,0.81763184,0.06576616317033768,0.0011979155242443085,0
0.005785352,0.003163129,0.004695585,38.90185,26.787773,0.064661786,0.0057806987,0.0031556357,0.004688954,38.901237,26.78118,0.0650772667889084,0.0057661850670618665,0.003057339528043355,0.004689013552186745,38.89585944584438,26.786116463797434,0.6723487,0.60810024,0.81763184,0.06576616317033768,0.0011979155242443085,0
0.005785352,0.003163129,0.004695585,38.90185,26.787773,0.064661786,0.0057806987,0.0031556357,0.004688954,38.901237,26.78118,0.0650772667889084,0.0057661850670618665,0.003057339528043355,0.004689013552186745,38.89585944584438,26.786116463797434,0.6723487,0.60810024,0.81763184,0.06576616317033768,0.0011979155242443085,0
0.005785352,0.003163129,0.004695585,38.90185,26.787773,0.064661786,0.0057806987,0.0031556357,0.004688954,38.901237,26.78118,0.0650772667889084,0.0057661850670618665,0.003057339528043355,0.004689013552186745,38.89585944584438,26.786116463797434,0.6723487,0.60810024,0.81763184,0.06576616317033768,0.0011979155242443085,0
0.005785352,0.003163129,0.004695585,38.90185,26.787773,0.064661786,0.0057806987,0.0031556357,0.004688954,38.901237,26.78118,0.0650772667889084,0.0057661850670618665,0.003057339528043355,0.004689013552186745,38.89585944584438,26.786116463797434,0.6723487,0.60810024,0.81763184,0.06576616317033768,0.0011979155242443085,0
0.005785352,0.003163129,0.004695585,38.90185,26.787773,0.064661786,0.0057806987,0.0031556357,0.004688954,38.901237,26.78118,0.0650772667889084,0.0057661850670618665,0.003057339528043355,0.004689013552186745,38.89585944584438,26.786116463797434,0.6723487,0.60810024,0.81763184,0.06576616317033768,0.0011979155242443085,0
0.005785352,0.003163129,0.004695585,38.90185,26.787773,0.064661786,0.0057806987,0.0031556357,0.004688954,38.901237,26.78118,0.0650772667889084,0.0057661850670618665,0.003057339528043355,0.004689013552186745,38.89585944584438,26.786116463797434,0.6723487,0.60810024,0.81763184,0.06576616317033768,0.0011979155242443085,0
0.005785352,0.003163129,0.004695585,38.90185,26.787773,0.064661786,0.0057806987,0.0031556357,0.004688954,38.901237,26.78118,0.0650772667889084,0.0057661850670618665,0.003057339528043355,0.004689013552186745,38.89585944584438,26.786116463797434,0.6723487,0.60810024,0.81763184,0.06576616317033768,0.0011979155242443085,0
0.005785352,0.003163129,0.004695585,38.90185,26.787773,0.064661786,0.0057806987,0.0031556357,0.004688954,38.901237,26.78118,0.0650772667889084,0.0057661850670618665,0.003057339528043355,0.004689013552186745,38.89585944584438,26.786116463797434,0.6723487,0.60810024,0.81763184,0.06576616317033768,0.0011979155242443085,0
0.005785352,0.003163129,0.004695585,38.90185,26.787773,0.064661786,0.0057806987,0.0031556357,0.004688954,38.901237,26.78118,0.0650772667889084,0.0057661850670618665,0.003057339528043355,0.004689013552186745,38.89585944584438,26.786116463797434,0.6723487,0.60810024,0.81763184,0.06576616317033768,0.0011979155242443085,0
0.005785352,0.003163129,0.004695585,38.90185,26.787773,0.064661786,0.0057806987,0.0031556357,0.004688954,38.901237,26.78118,0.0650772667889084,0.0057661850670618665,0.003057339528043355,0.004689013552186745,38.89585944584438,26.786116463797434,0.6723487,0.60810024,0.81763184,0.06576616317033768,0.0011979155242443085,0
0.005785352,0.003163129,0.004695585,38.90185,26.787773,0.064661786,0.0057806987,0.0031556357,0.004688954,38.901237,26.78118,0.0650772667889084,0.0057661850670618665,0.003057339528043355,0.004689013552186745,38.89585944584438,26.786116463797434,0.6723487,0.60810024,0.81763184,0.06576616317033768,0.0011979155242443085,0
0.005785352,0.003163129,0.004695585,38.90185,26.787773,0.064661786,0.0057806987,0.0031556357,0.004688954,38.901237,26.78118,0.0650772667889084,0.0057661850670618665,0.003057339528043355,0.004689013552186745,38.89585944584438,26.786116463797434,0.6723487,0.60810024,0.81763184,0.06576616317033768,0.0011979155242443085,0
0.005785352,0.003163129,0.004695585,38.90185,26.787773,0.064661786,0.0057806987,0.0031556357,0.004688954,38.901237,26.78118,0.0650772667889084,0.0057661850670618665,0.003057339528043355,0.004689013552186745,38.89585944584438,26.786116463797434,0.6723487,0.60810024,0.81763184,0.06576616317033768,0.0011979155242443085,0
0.005785352,0.003163129,0.004695585,38.90185,26.787773,0.064661786,0.0057806987,0.0031556357,0.004688954,38.901237,26.78118,0.0650772667889084,0.0057661850670618665,0.003057339528043355,0.004689013552186745,38.89585944584438,26.786116463797434,0.6723487,0.60810024,0.81763184,0.06576616317033768,0.0011979155242443085,0
0.005785352,0.003163129,0.004695585,38.90185,26.787773,0.064661786,0.0057806987,0.0031556357,0.004688954,38.901237,26.78118,0.0650772667889084,0.0057661850670618665,0.003057339528043355,0.004689013552186745,38.89585944584438,26.786116463797434,0.6723487,0.60810024,0.81763184,0.06576616317033768,0.0011979155242443085,0
0.005785352,0.003163129,0.004695585,38.90185,26.787773,0.064661786,0.0057806987,0.0031556357,0.004688954,38.901237,26.78118,0.0650772667889084,0.0057661850670618665,0.003057339528043355,0.004689013552186745,38.89585944584438,26.786116463797434,0.6723487,0.60810024,0.81763184,0.06576616317033768,0.0011979155242443085,0
0.005785352,0.003163129,0.004695585,38.90185,26.787773,0.064661786,0.0057806987,0.0031556357,0.004688954,38.901237,26.78118,0.0650772667889084,0.0057661850670618665,0.003057339528043355,0.004689013552186745,38.89585944584438,26.786116463797434,0.6723487,0.60810024,0.81763184,0.06576616317033768,0.0011979155242443085,0
0.005785352,0.003163129,0.004695585,38.90185,26.787773,0.064661786,0.0057806987,0.0031556357,0.004688954,38.901237,26.78118,0.0650772667889084,0.0057661850670618665,0.003057339528043355,0.004689013552186745,38.89585944584438,26.786116463797434,0.6723487,0.60810024,0.81763184,0.06576616317033768,0.0011979155242443085,0
0.005785352,0.003163129,0.004695585,38.90185,26.787773,0.064661786,0.0057806987,0.0031556357,0.004688954,38.901237,26.78118,0.0650772667889084,0.0057661850670618665,0.003057339528043355,0.004689013552186745,38.89585944584438,26.786116463797434,0.6723487,0.60810024,0.81763184,0.06576616317033768,0.0011979155242443085,0
0.005785352,0.003163129,0.004695585,38.90185,26.787773,0.064661786,0.0057806987,0.0031556357,0.004688954,38.901237,26.78118,0.0650772667889084,0.0057661850670618665,0.003057339528043355,0.004689013552186745,38.89585944584438,26.786116463797434,0.6723487,0.60810024,0.81763184,0.06576616317033768,0.0011979155242443085,0
0.005785352,0.003163129,0.004695585,38.90185,26.787773,0.064661786,0.0057806987,0.0031556357,0.004688954,38.901237,26.78118,0.0650772667889084,0.0057661850670618665,0.003057339528043355,0.004689013552186745,38.89585944584438,26.786116463797434,0.6723487,0.60810024,0.81763184,0.06576616317033768,0.0011979155242443085,0
0.005785352,0.003163129,0.004695585,38.90185,26.787773,0.064661786,0.0057806987,0.0031556357,0.004688954,38.901237,26.78118,0.0650772667889084,0.0057661850670618665,0.003057339528043355,0.004689013552186745,38.89585944584438,26.786116463797434,0.6723487,0.60810024,0.81763184,0.06576616317033768,0.0011979155242443085,0
0.005785352,0.003163129,0.004695585,38.90185,26.787773,0.064661786,0.0057806987,0.0031556357,0.004688954,38.901237,26.78118,0.0650772667889084,0.0057661850670618665,0.003057339528043355,0.004689013552186745,38.89585944584438,26.786116463797434,0.6723487,0.60810024,0.81763184,0.06576616317033768,0.0011979155242443085,0
0.006372844,0.0047719316,0.005036042,38.987354,27.267254,0.055841412,0.006372873,0.0047740964,0.0050360826,39.021847,28.075226,0.0650772667889084,0.0057661850670618665,0.003057339528043355,0.004689013552186745,38.89585944584438,26.786116463797434,0.94755596,0.7487915,0.7902346,0.06576616317033768,0.0011979155242443085,0
0.006577251,0.0049735545,0.0050205737,38.980244,27.153147,0.05581174,0.0065772785,0.004975705,0.005020614,39.01742,28.06021,0.0650772667889084,0.0057661850670618665,0.003057339528043355,0.004689013552186745,38.89585944584438,26.786116463797434,0.9906347,0.7561753,0.763324,0.06576616317033768,0.0011979155242443085,0
0.0069478354,0.005323601,0.005002832,38.9839,27.174292,0.05520421,0.0069478685,0.005325746,0.005002871,39.014553,28.107933,0.0650772667889084,0.0057661850670618665,0.003057339528043355,0.004689013552186745,38.89585944584438,26.786116463797434,1.0641174,0.7662244,0.72005624,0.06576616317033768,0.0011979155242443085,0
0.0072578085,0.0055820206,0.004992899,38.988388,27.209612,0.05437312,0.0072578434,0.005584166,0.004992938,39.01223,28.115002,0.0650772667889084,0.0057661850670618665,0.003057339528043355,0.004689013552186745,38.89585944584438,26.786116463797434,1.1179919,0.76910555,0.6879348,0.06576616317033768,0.0011979155242443085,0
0.007514736,0.0057346504,0.0049881483,38.990536,27.346468,0.05354651,0.0075147706,0.005736794,0.004988187,39.008484,28.05176,0.0650772667889084,0.0057661850670618665,0.003057339528043355,0.004689013552186745,38.89585944584438,26.786116463797434,1.1496551,0.76312065,0.66378224,0.06576616317033768,0.0011979155242443085,0
0.007701749,0.005751918,0.004986488,38.990105,27.539482,0.052874994,0.0077017774,0.005754053,0.004986526,39.00709,27.940134,0.0650772667889084,0.0057661850670618665,0.003057339528043355,0.004689013552186745,38.89585944584438,26.786116463797434,1.1535009,0.7468327,0.6474488,0.06576616317033768,0.0011979155242443085,0
0.007797018,0.0056716246,0.0049852473,38.975887,27.686396,0.052457184,0.0077970475,0.0056737466,0.004985285,39.00309,28.024532,0.0650772667889084,0.0057661850670618665,0.003057339528043355,0.004689013552186745,38.89585944584438,26.786116463797434,1.1376817,0.7274094,0.63937867,0.06576616317033768,0.0011979155242443085,0
0.005785352,0.003163129,0.004695585,38.90185,26.787773,0.064661786,0.0057806987,0.0031556357,0.004688954,38.901237,26.78118,0.0650772667889084,0.0057661850670618665,0.003057339528043355,0.004689013552186745,38.89585944584438,26.786116463797434,0.6723487,0.60810024,0.81763184,0.06576616317033768,0.0011979155242443085,0
0.005785352,0.003163129,0.004695585,38.90185,26.787773,0.064661786,0.0057806987,0.0031556357,0.004688954,38.901237,26.78118,0.0650772667889084,0.0057661850670618665,0.003057339528043355,0.004689013552186745,38.89585944584438,26.786116463797434,0.6723487,0.60810024,0.81763184,0.06576616317033768,0.0011979155242443085,0
0.005785352,0.003163129,0.004695585,38.90185,26.787773,0.064661786,0.0057806987,0.0031556357,0.004688954,38.901237,26.78118,0.0650772667889084,0.0057661850670618665,0.003057339528043355,0.004689013552186745,38.89585944584438,26.786116463797434,0.6723487,0.60810024,0.81763184,0.06576616317033768,0.0011979155242443085,0
0.005785352,0.003163129,0.004695585,38.90185,26.787773,0.064661786,0.0057806987,0.0031556357,0.004688954,38.901237,26.78118,0.0650772667889084,0.0057661850670618665,0.003057339528043355,0.004689013552186745,38.89585944584438,26.786116463797434,0.6723487,0.60810024,0.81763184,0.06576616317033768,0.0011979155242443085,0
0.005785352,0.003163129,0.004695585,38.90185,26.787773,0.064661786,0.0057806987,0.0031556357,0.004688954,38.901237,26.78118,0.0650772667889084,0.0057661850670618665,0.003057339528043355,0.004689013552186745,38.89585944584438,26.786116463797434,0.6723487,0.60810024,0.81763184,0.06576616317033768,0.0011979155242443085,0
0.0073079984,0.00566541,0.004982972,38.986397,27.156813,0.054517724,0.007308042,0.005667539,0.0049830102,39.009075,28.137802,0.0650772667889084,0.0057661850670618665,0.003057339528043355,0.004689013552186745,38.89585944584438,26.786116463797434,1.136954,0.77523416,0.6818518,0.06576616317033768,0.0011979155242443085,0
0.007454206,0.005745742,0.004981562,38.991375,27.390636,0.0540832,0.0074542486,0.0057478724,0.0049815997,39.00875,28.177305,0.0650772667889084,0.0057661850670618665,0.003057339528043355,0.004689013552186745,38.89585944584438,26.786116463797434,1.1534017,0.7708054,0.66828877,0.06576616317033768,0.0011979155242443085,0
0.00763239,0.0057711406,0.0049810545,38.993618,27.571075,0.0535053,0.007632429,0.005773267,0.004981092,39.008938,28.16061,0.0650772667889084,0.0057661850670618665,0.003057339528043355,0.004689013552186745,38.89585944584438,26.786116463797434,1.1586182,0.756138,0.65262055,0.06576616317033768,0.0011979155242443085,0
0.007775769,0.0056277765,0.004979178,38.992138,27.696226,0.053017166,0.007775801,0.0056298757,0.004979215,39.009335,28.149319,0.0650772667889084,0.0057661850670618665,0.003057339528043355,0.004689013552186745,38.89585944584438,26.786116463797434,1.1302623,0.72375816,0.6403454,0.06576616317033768,0.0011979155242443085,0
0.0078446185,0.005304104,0.004972999,38.980347,27.830996,0.052764796,0.007844651,0.005306068,0.0049730344,39.0053,28.197184,0.0650772667889084,0.0057661850670618665,0.003057339528043355,0.004689013552186745,38.89585944584438,26.786116463797434,1.0665805,0.6761456,0.63393766,0.06576616317033768,0.0011979155242443085,0
0.005785352,0.003163129,0.004695585,38.90185,26.787773,0.064661786,0.0057806987,0.0031556357,0.004688954,38.901237,26.78118,0.0650772667889084,0.0057661850670618665,0.003057339528043355,0.004689013552186745,38.89585944584438,26.786116463797434,0.6723487,0.60810024,0.81763184,0.06576616317033768,0.0011979155242443085,0
0.005785352,0.003163129,0.004695585,38.90185,26.787773,0.064661786,0.0057806987,0.0031556357,0.004688954,38.901237,26.78118,0.0650772667889084,0.0057661850670618665,0.003057339528043355,0.004689013552186745,38.89585944584438,26.786116463797434,0.6723487,0.60810024,0.81763184,0.06576616317033768,0.0011979155242443085,0
0.005785352,0.003163129,0.004695585,38.90185,26.787773,0.064661786,0.0057806987,0.0031556357,0.004688954,38.901237,26.78118,0.0650772667889084,0.0057661850670618665,0.003057339528043355,0.004689013552186745,38.89585944584438,26.786116463797434,0.6723487,0.60810024,0.81763184,0.06576616317033768,0.0011979155242443085,0
0.005785352,0.003163129,0.004695585,38.90185,26.787773,0.064661786,0.0057806987,0.0031556357,0.004688954,38.901237,26.78118,0.0650772667889084,0.0057661850670618665,0.003057339528043355,0.004689013552186745,38.89585944584438,26.786116463797434,0.6723487,0.60810024,0.81763184,0.06576616317033768,0.0011979155242443085,0
0.005785352,0.003163129,0.004695585,38.90185,26.787773,0.064661786,0.0057806987,0.0031556357,0.004688954,38.901237,26.78118,0.0650772667889084,0.0057661850670618665,0.003057339528043355,0.004689013552186745,38.89585944584438,26.786116463797434,0.6723487,0.60810024,0.81763184,0.06576616317033768,0.0011979155242443085,0
0.005785352,0.003163129,0.004695585,38.90185,26.787773,0.064661786,0.0057806987,0.0031556357,0.004688954,38.901237,26.78118,0.0650772667889084,0.0057661850670618665,0.003057339528043355,0.004689013552186745,38.89585944584438,26.786116463797434,0.6723487,0.60810024,0.81763184,0.06576616317033768,0.0011979155242443085,0
0.005785352,0.003163129,0.004695585,38.90185,26.787773,0.064661786,0.0057806987,0.0031556357,0.004688954,38.901237,26.78118,0.0650772667889084,0.0057661850670618665,0.003057339528043355,0.004689013552186745,38.89585944584438,26.786116463797434,0.6723487,0.60810024,0.81763184,0.06576616317033768,0.0011979155242443085,0
0.005785352,0.003163129,0.004695585,38.90185,26.787773,0.064661786,0.0057806987,0.0031556357,0.004688954,38.901237,26.78118,0.0650772667889084,0.0057661850670618665,0.003057339528043355,0.004689013552186745,38.89585944584438,26.786116463797434,0.6723487,0.60810024,0.81763184,0.06576616317033768,0.0011979155242443085,0
0.005785352,0.003163129,0.004695585,38.90185,26.787773,0.064661786,0.0057806987,0.0031556357,0.004688954,38.901237,26.78118,0.0650772667889084,0.0057661850670618665,0.003057339528043355,0.004689013552186745,38.89585944584438,26.786116463797434,0.6723487,0.60810024,0.81763184,0.06576616317033768,0.0011979155242443085,0
0.005785352,0.003163129,0.004695585,38.90185,26.787773,0.064661786,0.0057806987,0.0031556357,0.004688954,38.901237,26.78118,0.0650772667889084,0.0057661850670618665,0.003057339528043355,0.004689013552186745,38.89585944584438,26.786116463797434,0.6723487,0.60810024,0.81763184,0.06576616317033768,0.0011979155242443085,0
0.005785352,0.003163129,0.004695585,38.90185,26.787773,0.064661786,0.0057806987,0.0031556357,0.004688954,38.901237,26.78118,0.0650772667889084,0.0057661850670618665,0.003057339528043355,0.004689013552186745,38.89585944584438,26.786116463797434,0.6723487,0.60810024,0.81763184,0.06576616317033768,0.0011979155242443085,0
0.005785352,0.003163129,0.004695585,38.90185,26.787773,0.064661786,0.0057806987,0.0031556357,0.004688954,38.901237,26.78118,0.0650772667889084,0.0057661850670618665,0.003057339528043355,0.004689013552186745,38.89585944584438,26.786116463797434,0.6723487,0.60810024,0.81763184,0.06576616317033768,0.0011979155242443085,0
0.005785352,0.003163129,0.004695585,38.90185,26.787773,0.064661786,0.0057806987,0.0031556357,0.004688954,38.901237,26.78118,0.0650772667889084,0.0057661850670618665,0.003057339528043355,0.004689013552186745,38.89585944584438,26.786116463797434,0.6723487,0.60810024,0.81763184,0.06576616317033768,0.0011979155242443085,0
0.005785352,0.003163129,0.004695585,38.90185,26.787773,0.064661786,0.0057806987,0.0031556357,0.004688954,38.901237,26.78118,0.0650772667889084,0.0057661850670618665,0.003057339528043355,0.004689013552186745,38.89585944584438,26.786116463797434,0.6723487,0.60810024,0.81763184,0.06576616317033768,0.0011979155242443085,0
0.005785352,0.003163129,0.004695585,38.90185,26.787773,0.064661786,0.0057806987,0.0031556357,0.004688954,38.901237,26.78118,0.0650772667889084,0.0057661850670618665,0.003057339528043355,0.004689013552186745,38.89585944584438,26.786116463797434,0.6723487,0.60810024,0.81763184,0.06576616317033768,0.0011979155242443085,0
0.005785352,0.003163129,0.004695585,38.90185,26.787773,0.064661786,0.0057806987,0.0031556357,0.004688954,38.901237,26.78118,0.0650772667889084,0.0057661850670618665,0.003057339528043355,0.004689013552186745,38.89585944584438,26.786116463797434,0.6723487,0.60810024,0.81763184,0.06576616317033768,0.0011979155242443085,0
0.005785352,0.003163129,0.004695585,38.90185,26.787773,0.064661786,0.0057806987,0.0031556357,0.004688954,38.901237,26.78118,0.0650772667889084,0.0057661850670618665,0.003057339528043355,0.004689013552186745,38.89585944584438,26.786116463797434,0.6723487,0.60810024,0.81763184,0.06576616317033768,0.0011979155242443085,0
0.005785352,0.003163129,0.004695585,38.90185,26.787773,0.064661786,0.0057806987,0.0031556357,0.004688954,38.901237,26.78118,0.0650772667889084,0.0057661850670618665,0.003057339528043355,0.004689013552186745,38.89585944584438,26.786116463797434,0.6723487,0.60810024,0.81763184,0.06576616317033768,0.0011979155242443085,0
0.005785352,0.003163129,0.004695585,38.90185,26.787773,0.064661786,0.0057806987,0.0031556357,0.004688954,38.901237,26.78118,0.0650772667889084,0.0057661850670618665,0.003057339528043355,0.004689013552186745,38.89585944584438,26.786116463797434,0.6723487,0.60810024,0.81763184,0.06576616317033768,0.0011979155242443085,0
0.005785352,0.003163129,0.004695585,38.90185,26.787773,0.064661786,0.0057806987,0.0031556357,0.004688954,38.901237,26.78118,0.0650772667889084,0.0057661850670618665,0.003057339528043355,0.004689013552186745,38.89585944584438,26.786116463797434,0.6723487,0.60810024,0.81763184,0.06576616317033768,0.0011979155242443085,0
0.005785352,0.003163129,0.004695585,38.90185,26.787773,0.064661786,0.0057806987,0.0031556357,0.004688954,38.901237,26.78118,0.0650772667889084,0.0057661850670618665,0.003057339528043355,0.004689013552186745,38.89585944584438,26.786116463797434,0.6723487,0.60810024,0.81763184,0.06576616317033768,0.0011979155242443085,0
0.005785352,0.003163129,0.004695585,38.90185,26.787773,0.064661786,0.0057806987,0.0031556357,0.004688954,38.901237,26.78118,0.0650772667889084,0.0057661850670618665,0.003057339528043355,0.004689013552186745,38.89585944584438,26.786116463797434,0.6723487,0.60810024,0.81763184,0.06576616317033768,0.0011979155242443085,0
0.005785352,0.003163129,0.004695585,38.90185,26.787773,0.064661786,0.0057806987,0.0031556357,0.004688954,38.901237,26.78118,0.0650772667889084,0.0057661850670618665,0.003057339528043355,0.004689013552186745,38.89585944584438,26.786116463797434,0.6723487,0.60810024,0.81763184,0.06576616317033768,0.0011979155242443085,0
0.005785352,0.003163129,0.004695585,38.90185,26.787773,0.064661786,0.0057806987,0.0031556357,0.004688954,38.901237,26.78118,0.0650772667889084,0.0057661850670618665,0.003057339528043355,0.004689013552186745,38.89585944584438,26.786116463797434,0.6723487,0.60810024,0.81763184,0.06576616317033768,0.0011979155242443085,0
0.005785352,0.003163129,0.004695585,38.90185,26.787773,0.064661786,0.0057806987,0.0031556357,0.004688954,38.901237,26.78118,0.0650772667889084,0.0057661850670618665,0.003057339528043355,0.004689013552186745,38.89585944584438,26.786116463797434,0.6723487,0.60810024,0.81763184,0.06576616317033768,0.0011979155242443085,0
0.005785352,0.003163129,0.004695585,38.90185,26.787773,0.064661786,0.0057806987,0.0031556357,0.004688954,38.901237,26.78118,0.0650772667889084,0.0057661850670618665,0.003057339528043355,0.004689013552186745,38.89585944584438,26.786116463797434,0.6723487,0.60810024,0.81763184,0.06576616317033768,0.0011979155242443085,0
0.005785352,0.003163129,0.004695585,38.90185,26.787773,0.064661786,0.0057806987,0.0031556357,0.004688954,38.901237,26.78118,0.0650772667889084,0.0057661850670618665,0.003057339528043355,0.004689013552186745,38.89585944584438,26.786116463797434,0.6723487,0.60810024,0.81763184,0.06576616317033768,0.0011979155242443085,0
0.005785352,0.003163129,0.004695585,38.90185,26.787773,0.064661786,0.0057806987,0.0031556357,0.004688954,38.901237,26.78118,0.0650772667889084,0.0057661850670618665,0.003057339528043355,0.004689013552186745,38.89585944584438,26.786116463797434,0.6723487,0.60810024,0.81763184,0.06576616317033768,0.0011979155242443085,0
0.005785352,0.003163129,0.004695585,38.90185,26.787773,0.064661786,0.0057806987,0.0031556357,0.004688954,38.901237,26.78118,0.0650772667889084,0.0057661850670618665,0.003057339528043355,0.004689013552186745,38.89585944584438,26.786116463797434,0.6723487,0.60810024,0.81763184,0.06576616317033768,0.0011979155242443085,0
0.005785352,0.003163129,0.004695585,38.90185,26.787773,0.064661786,0.0057806987,0.0031556357,0.004688954,38.901237,26.78118,0.0650772667889084,0.0057661850670618665,0.003057339528043355,0.004689013552186745,38.89585944584438,26.786116463797434,0.6723487,0.60810024,0.81763184,0.06576616317033768,0.0011979155242443085,0
0.005785352,0.003163129,0.004695585,38.90185,26.787773,0.064661786,0.0057806987,0.0031556357,0.004688954,38.901237,26.78118,0.0650772667889084,0.0057661850670618665,0.003057339528043355,0.004689013552186745,38.89585944584438,26.786116463797434,0.6723487,0.60810024,0.81763184,0.06576616317033768,0.0011979155242443085,0
0.005785352,0.003163129,0.004695585,38.90185,26.787773,0.064661786,0.0057806987,0.0031556357,0.004688954,38.901237,26.78118,0.0650772667889084,0.0057661850670618665,0.003057339528043355,0.004689013552186745,38.89585944584438,26.786116463797434,0.6723487,0.60810024,0.81763184,0.06576616317033768,0.0011979155242443085,0
0.005785352,0.003163129,0.004695585,38.90185,26.787773,0.064661786,0.0057806987,0.0031556357,0.004688954,38.901237,26.78118,0.0650772667889084,0.0057661850670618665,0.003057339528043355,0.004689013552186745,38.89585944584438,26.786116463797434,0.6723487,0.60810024,0.81763184,0.06576616317033768,0.0011979155242443085,0
0.005785352,0.003163129,0.004695585,38.90185,26.787773,0.064661786,0.0057806987,0.0031556357,0.004688954,38.901237,26.78118,0.0650772667889084,0.0057661850670618665,0.003057339528043355,0.004689013552186745,38.89585944584438,26.786116463797434,0.6723487,0.60810024,0.81763184,0.06576616317033768,0.0011979155242443085,0
0.005785352,0.003163129,0.004695585,38.90185,26.787773,0.064661786,0.0057806987,0.0031556357,0.004688954,38.901237,26.78118,0.0650772667889084,0.0057661850670618665,0.003057339528043355,0.004689013552186745,38.89585944584438,26.786116463797434,0.6723487,0.60810024,0.81763184,0.06576616317033768,0.0011979155242443085,0
0.005785352,0.003163129,0.004695585,38.90185,26.787773,0.064661786,0.0057806987,0.0031556357,0.004688954,38.901237,26.78118,0.0650772667889084,0.0057661850670618665,0.003057339528043355,0.004689013552186745,38.89585944584438,26.786116463797434,0.6723487,0.60810024,0.81763184,0.06576616317033768,0.0011979155242443085,0
0.005785352,0.003163129,0.004695585,38.90185,26.787773,0.064661786,0.0057806987,0.0031556357,0.004688954,38.901237,26.78118,0.0650772667889084,0.0057661850670618665,0.003057339528043355,0.004689013552186745,38.89585944584438,26.786116463797434,0.6723487,0.60810024,0.81763184,0.06576616317033768,0.0011979155242443085,0
0.005785352,0.003163129,0.004695585,38.90185,26.787773,0.064661786,0.0057806987,0.0031556357,0.004688954,38.901237,26.78118,0.0650772667889084,0.0057661850670618665,0.003057339528043355,0.004689013552186745,38.89585944584438,26.786116463797434,0.6723487,0.60810024,0.81763184,0.06576616317033768,0.0011979155242443085,0
0.005785352,0.003163129,0.004695585,38.90185,26.787773,0.064661786,0.0057806987,0.0031556357,0.004688954,38.901237,26.78118,0.0650772667889084,0.0057661850670618665,0.003057339528043355,0.004689013552186745,38.89585944584438,26.786116463797434,0.6723487,0.60810024,0.81763184,0.06576616317033768,0.0011979155242443085,0
0.005785352,0.003163129,0.004695585,38.90185,26.787773,0.064661786,0.0057806987,0.0031556357,0.004688954,38.901237,26.78118,0.0650772667889084,0.0057661850670618665,0.003057339528043355,0.004689013552186745,38.89585944584438,26.786116463797434,0.6723487,0.60810024,0.81763184,0.06576616317033768,0.0011979155242443085,0
0.005785352,0.003163129,0.004695585,38.90185,26.787773,0.064661786,0.0057806987,0.0031556357,0.004688954,38.901237,26.78118,0.0650772667889084,0.0057661850670618665,0.003057339528043355,0.004689013552186745,38.89585944584438,26.786116463797434,0.6723487,0.60810024,0.81763184,0.06576616317033768,0.0011979155242443085,0
0.005785352,0.003163129,0.004695585,38.90185,26.787773,0.064661786,0.0057806987,0.0031556357,0.004688954,38.901237,26.78118,0.0650772667889084,0.0057661850670618665,0.003057339528043355,0.004689013552186745,38.89585944584438,26.786116463797434,0.6723487,0.60810024,0.81763184,0.06576616317033768,0.0011979155242443085,0
0.005785352,0.003163129,0.004695585,38.90185,26.787773,0.064661786,0.0057806987,0.0031556357,0.004688954,38.901237,26.78118,0.0650772667889084,0.0057661850670618665,0.003057339528043355,0.004689013552186745,38.89585944584438,26.786116463797434,0.6723487,0.60810024,0.81763184,0.06576616317033768,0.0011979155242443085,0
0.005785352,0.003163129,0.004695585,38.90185,26.787773,0.064661786,0.0057806987,0.0031556357,0.004688954,38.901237,26.78118,0.0650772667889084,0.0057661850670618665,0.003057339528043355,0.004689013552186745,38.89585944584438,26.786116463797434,0.6723487,0.60810024,0.81763184,0.06576616317033768,0.0011979155242443085,0
0.005785352,0.003163129,0.004695585,38.90185,26.787773,0.064661786,0.0057806987,0.0031556357,0.004688954,38.901237,26.78118,0.0650772667889084,0.0057661850670618665,0.003057339528043355,0.004689013552186745,38.89585944584438,26.786116463797434,0.6723487,0.60810024,0.81763184,0.06576616317033768,0.0011979155242443085,0
0.005785352,0.003163129,0.004695585,38.90185,26.787773,0.064661786,0.0057806987,0.0031556357,0.004688954,38.901237,26.78118,0.0650772667889084,0.0057661850670618665,0.003057339528043355,0.004689013552186745,38.89585944584438,26.786116463797434,0.6723487,0.60810024,0.81763184,0.06576616317033768,0.0011979155242443085,0
0.005785352,0.003163129,0.004695585,38.90185,26.787773,0.064661786,0.0057806987,0.0031556357,0.004688954,38.901237,26.78118,0.0650772667889084,0.0057661850670618665,0.003057339528043355,0.004689013552186745,38.89585944584438,26.786116463797434,0.6723487,0.60810024,0.81763184,0.06576616317033768,0.0011979155242443085,0
0.005785352,0.003163129,0.004695585,38.90185,26.787773,0.064661786,0.0057806987,0.0031556357,0.004688954,38.901237,26.78118,0.0650772667889084,0.0057661850670618665,0.003057339528043355,0.004689013552186745,38.89585944584438,26.786116463797434,0.6723487,0.60810024,0.81763184,0.06576616317033768,0.0011979155242443085,0
0.005785352,0.003163129,0.004695585,38.90185,26.787773,0.064661786,0.0057806987,0.0031556357,0.004688954,38.901237,26.78118,0.0650772667889084,0.0057661850670618665,0.003057339528043355,0.004689013552186745,38.89585944584438,26.786116463797434,0.6723487,0.60810024,0.81763184,0.06576616317033768,0.0011979155242443085,0
0.005785352,0.003163129,0.004695585,38.90185,26.787773,0.064661786,0.0057806987,0.0031556357,0.004688954,38.901237,26.78118,0.0650772667889084,0.0057661850670618665,0.003057339528043355,0.004689013552186745,38.89585944584438,26.786116463797434,0.6723487,0.60810024,0.81763184,0.06576616317033768,0.0011979155242443085,0
0.005785352,0.003163129,0.004695585,38.90185,26.787773,0.064661786,0.0057806987,0.0031556357,0.004688954,38.901237,26.78118,0.0650772667889084,0.0057661850670618665,0.003057339528043355,0.004689013552186745,38.89585944584438,26.786116463797434,0.6723487,0.60810024,0.81763184,0.06576616317033768,0.0011979155242443085,0
0.005785352,0.003163129,0.004695585,38.90185,26.787773,0.064661786,0.0057806987,0.0031556357,0.004688954,38.901237,26.78118,0.0650772667889084,0.0057661850670618665,0.003057339528043355,0.004689013552186745,38.89585944584438,26.786116463797434,0.6723487,0.60810024,0.81763184,0.06576616317033768,0.0011979155242443085,0
0.005785352,0.003163129,0.004695585,38.90185,26.787773,0.064661786,0.0057806987,0.0031556357,0.004688954,38.901237,26.78118,0.0650772667889084,0.0057661850670618665,0.003057339528043355,0.004689013552186745,38.89585944584438,26.786116463797434,0.6723487,0.60810024,0.81763184,0.06576616317033768,0.0011979155242443085,0
0.005785352,0.003163129,0.004695585,38.90185,26.787773,0.064661786,0.0057806987,0.0031556357,0.004688954,38.901237,26.78118,0.0650772667889084,0.0057661850670618665,0.003057339528043355,0.004689013552186745,38.89585944584438,26.786116463797434,0.6723487,0.60810024,0.81763184,0.06576616317033768,0.0011979155242443085,0
0.005785352,0.003163129,0.004695585,38.90185,26.787773,0.064661786,0.0057806987,0.0031556357,0.004688954,38.901237,26.78118,0.0650772667889084,0.0057661850670618665,0.003057339528043355,0.004689013552186745,38.89585944584438,26.786116463797434,0.6723487,0.60810024,0.81763184,0.06576616317033768,0.0011979155242443085,0
0.005785352,0.003163129,0.004695585,38.90185,26.787773,0.064661786,0.0057806987,0.0031556357,0.004688954,38.901237,26.78118,0.0650772667889084,0.0057661850670618665,0.003057339528043355,0.004689013552186745,38.89585944584438,26.786116463797434,0.6723487,0.60810024,0.81763184,0.06576616317033768,0.0011979155242443085,0
0.005785352,0.003163129,0.004695585,38.90185,26.787773,0.064661786,0.0057806987,0.0031556357,0.004688954,38.901237,26.78118,0.0650772667889084,0.0057661850670618665,0.003057339528043355,0.004689013552186745,38.89585944584438,26.786116463797434,0.6723487,0.60810024,0.81763184,0.06576616317033768,0.0011979155242443085,0
0.005785352,0.003163129,0.004695585,38.90185,26.787773,0.064661786,0.0057806987,0.0031556357,0.004688954,38.901237,26.78118,0.0650772667889084,0.0057661850670618665,0.003057339528043355,0.004689013552186745,38.89585944584438,26.786116463797434,0.6723487,0.60810024,0.81763184,0.06576616317033768,0.0011979155242443085,0
0.005785352,0.003163129,0.004695585,38.90185,26.787773,0.064661786,0.0057806987,0.0031556357,0.004688954,38.901237,26.78118,0.0650772667889084,0.0057661850670618665,0.003057339528043355,0.004689013552186745,38.89585944584438,26.786116463797434,0.6723487,0.60810024,0.81763184,0.06576616317033768,0.0011979155242443085,0
0.005785352,0.003163129,0.004695585,38.90185,26.787773,0.064661786,0.0057806987,0.0031556357,0.004688954,38.901237,26.78118,0.0650772667889084,0.0057661850670618665,0.003057339528043355,0.004689013552186745,38.89585944584438,26.786116463797434,0.6723487,0.60810024,0.81763184,0.06576616317033768,0.0011979155242443085,0
0.005785352,0.003163129,0.004695585,38.90185,26.787773,0.064661786,0.0057806987,0.0031556357,0.004688954,38.901237,26.78118,0.0650772667889084,0.0057661850670618665,0.003057339528043355,0.004689013552186745,38.89585944584438,26.786116463797434,0.6723487,0.60810024,0.81763184,0.06576616317033768,0.0011979155242443085,0
0.005785352,0.003163129,0.004695585,38.90185,26.787773,0.064661786,0.0057806987,0.0031556357,0.004688954,38.901237,26.78118,0.0650772667889084,0.0057661850670618665,0.003057339528043355,0.004689013552186745,38.89585944584438,26.786116463797434,0.6723487,0.60810024,0.81763184,0.06576616317033768,0.0011979155242443085,0
0.005785352,0.003163129,0.004695585,38.90185,26.787773,0.064661786,0.0057806987,0.0031556357,0.004688954,38.901237,26.78118,0.0650772667889084,0.0057661850670618665,0.003057339528043355,0.004689013552186745,38.89585944584438,26.786116463797434,0.6723487,0.60810024,0.81763184,0.06576616317033768,0.0011979155242443085,0
