depth,latitude,longitude,time,thetao
1.0182366,34.604168,33.0,2025-11-07,
1.0182366,34.604168,33.0,2025-11-08,
1.0182366,34.604168,33.0,2025-11-09,
1.0182366,34.604168,33.0,2025-11-10,
1.0182366,34.604168,33.0,2025-11-11,
1.0182366,34.604168,33.0,2025-11-12,
1.0182366,34.604168,33.0,2025-11-13,
1.0182366,34.604168,33.0,2025-11-14,
1.0182366,34.604168,33.0,2025-11-15,
1.0182366,34.604168,33.0,2025-11-16,
1.0182366,34.604168,33.0,2025-11-17,
1.0182366,34.604168,33.0,2025-11-18,
1.0182366,34.604168,33.0,2025-11-19,
1.0182366,34.604168,33.0,2025-11-20,
1.0182366,34.604168,33.0,2025-11-21,
1.0182366,34.604168,33.0,2025-11-22,
1.0182366,34.604168,33.0,2025-11-23,
1.0182366,34.604168,33.0,2025-11-24,
1.0182366,34.604168,33.0,2025-11-25,
1.0182366,34.604168,33.0,2025-11-26,
1.0182366,34.604168,33.0,2025-11-27,
1.0182366,34.604168,33.0,2025-11-28,
1.0182366,34.604168,33.0,2025-11-29,
1.0182366,34.604168,33.0,2025-11-30,
1.0182366,34.604168,33.0,2025-12-01,
1.0182366,34.604168,33.0,2025-12-02,
1.0182366,34.604168,33.0,2025-12-03,
1.0182366,34.604168,33.0,2025-12-04,
1.0182366,34.604168,33.0,2025-12-05,
1.0182366,34.604168,33.0,2025-12-06,
1.0182366,34.604168,33.0,2025-12-07,
1.0182366,34.604168,33.041668,2025-11-07,
1.0182366,34.604168,33.041668,2025-11-08,
1.0182366,34.604168,33.041668,2025-11-09,
1.0182366,34.604168,33.041668,2025-11-10,
1.0182366,34.604168,33.041668,2025-11-11,
1.0182366,34.604168,33.041668,2025-11-12,
1.0182366,34.604168,33.041668,2025-11-13,
1.0182366,34.604168,33.041668,2025-11-14,
1.0182366,34.604168,33.041668,2025-11-15,
1.0182366,34.604168,33.041668,2025-11-16,
1.0182366,34.604168,33.041668,2025-11-17,
1.0182366,34.604168,33.041668,2025-11-18,
1.0182366,34.604168,33.041668,2025-11-19,
1.0182366,34.604168,33.041668,2025-11-20,
1.0182366,34.604168,33.041668,2025-11-21,
1.0182366,34.604168,33.041668,2025-11-22,
1.0182366,34.604168,33.041668,2025-11-23,
1.0182366,34.604168,33.041668,2025-11-24,
1.0182366,34.604168,33.041668,2025-11-25,
1.0182366,34.604168,33.041668,2025-11-26,
1.0182366,34.604168,33.041668,2025-11-27,
1.0182366,34.604168,33.041668,2025-11-28,
1.0182366,34.604168,33.041668,2025-11-29,
1.0182366,34.604168,33.041668,2025-11-30,
1.0182366,34.604168,33.041668,2025-12-01,
1.0182366,34.604168,33.041668,2025-12-02,
1.0182366,34.604168,33.041668,2025-12-03,
1.0182366,34.604168,33.041668,2025-12-04,
1.0182366,34.604168,33.041668,2025-12-05,
1.0182366,34.604168,33.041668,2025-12-06,
1.0182366,34.604168,33.041668,2025-12-07,
1.0182366,34.604168,33.083332,2025-11-07,25.228743
1.0182366,34.604168,33.083332,2025-11-08,25.149931
1.0182366,34.604168,33.083332,2025-11-09,25.070934
1.0182366,34.604168,33.083332,2025-11-10,24.973959
1.0182366,34.604168,33.083332,2025-11-11,24.911396
1.0182366,34.604168,33.083332,2025-11-12,24.806578
1.0182366,34.604168,33.083332,2025-11-13,24.644438
1.0182366,34.604168,33.083332,2025-11-14,24.479895
1.0182366,34.604168,33.083332,2025-11-15,24.313713
1.0182366,34.604168,33.083332,2025-11-16,24.18002
1.0182366,34.604168,33.083332,2025-11-17,24.105606
1.0182366,34.604168,33.083332,2025-11-18,24.003866
1.0182366,34.604168,33.083332,2025-11-19,23.889992
1.0182366,34.604168,33.083332,2025-11-20,23.670887
1.0182366,34.604168,33.083332,2025-11-21,23.47774
1.0182366,34.604168,33.083332,2025-11-22,23.481083
1.0182366,34.604168,33.083332,2025-11-23,23.75686
1.0182366,34.604168,33.083332,2025-11-24,24.157145
1.0182366,34.604168,33.083332,2025-11-25,24.002045
1.0182366,34.604168,33.083332,2025-11-26,23.697245
1.0182366,34.604168,33.083332,2025-11-27,23.607845
1.0182366,34.604168,33.083332,2025-11-28,23.72513
1.0182366,34.604168,33.083332,2025-11-29,24.437801
1.0182366,34.604168,33.083332,2025-11-30,24.175058
1.0182366,34.604168,33.083332,2025-12-01,23.620646
1.0182366,34.604168,33.083332,2025-12-02,23.398508
1.0182366,34.604168,33.083332,2025-12-03,23.200096
1.0182366,34.604168,33.083332,2025-12-04,22.951578
1.0182366,34.604168,33.083332,2025-12-05,22.767593
1.0182366,34.604168,33.083332,2025-12-06,22.664604
1.0182366,34.604168,33.083332,2025-12-07,22.543379
1.0182366,34.604168,33.125,2025-11-07,25.220104
1.0182366,34.604168,33.125,2025-11-08,25.147995
1.0182366,34.604168,33.125,2025-11-09,25.087404
1.0182366,34.604168,33.125,2025-11-10,24.996887
1.0182366,34.604168,33.125,2025-11-11,24.927685
1.0182366,34.604168,33.125,2025-11-12,24.75497
1.0182366,34.604168,33.125,2025-11-13,24.490469
1.0182366,34.604168,33.125,2025-11-14,24.36647
1.0182366,34.604168,33.125,2025-11-15,24.286531
1.0182366,34.604168,33.125,2025-11-16,24.232954
1.0182366,34.604168,33.125,2025-11-17,24.173573
1.0182366,34.604168,33.125,2025-11-18,24.022398
1.0182366,34.604168,33.125,2025-11-19,23.807035
1.0182366,34.604168,33.125,2025-11-20,23.649853
1.0182366,34.604168,33.125,2025-11-21,23.545761
1.0182366,34.604168,33.125,2025-11-22,23.503809
1.0182366,34.604168,33.125,2025-11-23,23.767803
1.0182366,34.604168,33.125,2025-11-24,24.115353
1.0182366,34.604168,33.125,2025-11-25,23.960186
1.0182366,34.604168,33.125,2025-11-26,23.653114
1.0182366,34.604168,33.125,2025-11-27,23.652296
1.0182366,34.604168,33.125,2025-11-28,23.852697
1.0182366,34.604168,33.125,2025-11-29,24.40316
1.0182366,34.604168,33.125,2025-11-30,24.254065
1.0182366,34.604168,33.125,2025-12-01,23.693897
1.0182366,34.604168,33.125,2025-12-02,23.317953
1.0182366,34.604168,33.125,2025-12-03,23.09912
1.0182366,34.604168,33.125,2025-12-04,22.839169
1.0182366,34.604168,33.125,2025-12-05,22.70458
1.0182366,34.604168,33.125,2025-12-06,22.642017
1.0182366,34.604168,33.125,2025-12-07,22.550953
1.0182366,34.604168,33.166668,2025-11-07,25.209063
1.0182366,34.604168,33.166668,2025-11-08,25.158531
1.0182366,34.604168,33.166668,2025-11-09,25.11719
1.0182366,34.604168,33.166668,2025-11-10,25.025991
1.0182366,34.604168,33.166668,2025-11-11,24.906765
1.0182366,34.604168,33.166668,2025-11-12,24.56625
1.0182366,34.604168,33.166668,2025-11-13,24.359503
1.0182366,34.604168,33.166668,2025-11-14,24.353924
1.0182366,34.604168,33.166668,2025-11-15,24.367647
1.0182366,34.604168,33.166668,2025-11-16,24.293682
1.0182366,34.604168,33.166668,2025-11-17,24.193382
1.0182366,34.604168,33.166668,2025-11-18,23.967558
1.0182366,34.604168,33.166668,2025-11-19,23.741137
1.0182366,34.604168,33.166668,2025-11-20,23.689333
1.0182366,34.604168,33.166668,2025-11-21,23.614231
1.0182366,34.604168,33.166668,2025-11-22,23.53826
1.0182366,34.604168,33.166668,2025-11-23,23.691555
1.0182366,34.604168,33.166668,2025-11-24,23.849651
1.0182366,34.604168,33.166668,2025-11-25,23.743086
1.0182366,34.604168,33.166668,2025-11-26,23.596668
1.0182366,34.604168,33.166668,2025-11-27,23.665424
1.0182366,34.604168,33.166668,2025-11-28,23.822065
1.0182366,34.604168,33.166668,2025-11-29,24.153
1.0182366,34.604168,33.166668,2025-11-30,24.275517
1.0182366,34.604168,33.166668,2025-12-01,23.782778
1.0182366,34.604168,33.166668,2025-12-02,23.19371
1.0182366,34.604168,33.166668,2025-12-03,22.93855
1.0182366,34.604168,33.166668,2025-12-04,22.803415
1.0182366,34.604168,33.166668,2025-12-05,22.696922
1.0182366,34.604168,33.166668,2025-12-06,22.660173
1.0182366,34.604168,33.166668,2025-12-07,22.586884
1.0182366,34.645832,33.0,2025-11-07,
1.0182366,34.645832,33.0,2025-11-08,
1.0182366,34.645832,33.0,2025-11-09,
1.0182366,34.645832,33.0,2025-11-10,
1.0182366,34.645832,33.0,2025-11-11,
1.0182366,34.645832,33.0,2025-11-12,
1.0182366,34.645832,33.0,2025-11-13,
1.0182366,34.645832,33.0,2025-11-14,
1.0182366,34.645832,33.0,2025-11-15,
1.0182366,34.645832,33.0,2025-11-16,
1.0182366,34.645832,33.0,2025-11-17,
1.0182366,34.645832,33.0,2025-11-18,
1.0182366,34.645832,33.0,2025-11-19,
1.0182366,34.645832,33.0,2025-11-20,
1.0182366,34.645832,33.0,2025-11-21,
1.0182366,34.645832,33.0,2025-11-22,
1.0182366,34.645832,33.0,2025-11-23,
1.0182366,34.645832,33.0,2025-11-24,
1.0182366,34.645832,33.0,2025-11-25,
1.0182366,34.645832,33.0,2025-11-26,
1.0182366,34.645832,33.0,2025-11-27,
1.0182366,34.645832,33.0,2025-11-28,
1.0182366,34.645832,33.0,2025-11-29,
1.0182366,34.645832,33.0,2025-11-30,
1.0182366,34.645832,33.0,2025-12-01,
1.0182366,34.645832,33.0,2025-12-02,
1.0182366,34.645832,33.0,2025-12-03,
1.0182366,34.645832,33.0,2025-12-04,
1.0182366,34.645832,33.0,2025-12-05,
1.0182366,34.645832,33.0,2025-12-06,
1.0182366,34.645832,33.0,2025-12-07,
1.0182366,34.645832,33.041668,2025-11-07,
1.0182366,34.645832,33.041668,2025-11-08,
1.0182366,34.645832,33.041668,2025-11-09,
1.0182366,34.645832,33.041668,2025-11-10,
1.0182366,34.645832,33.041668,2025-11-11,
1.0182366,34.645832,33.041668,2025-11-12,
1.0182366,34.645832,33.041668,2025-11-13,
1.0182366,34.645832,33.041668,2025-11-14,
1.0182366,34.645832,33.041668,2025-11-15,
1.0182366,34.645832,33.041668,2025-11-16,
1.0182366,34.645832,33.041668,2025-11-17,
1.0182366,34.645832,33.041668,2025-11-18,
1.0182366,34.645832,33.041668,2025-11-19,
1.0182366,34.645832,33.041668,2025-11-20,
1.0182366,34.645832,33.041668,2025-11-21,
1.0182366,34.645832,33.041668,2025-11-22,
1.0182366,34.645832,33.041668,2025-11-23,
1.0182366,34.645832,33.041668,2025-11-24,
1.0182366,34.645832,33.041668,2025-11-25,
1.0182366,34.645832,33.041668,2025-11-26,
1.0182366,34.645832,33.041668,2025-11-27,
1.0182366,34.645832,33.041668,2025-11-28,
1.0182366,34.645832,33.041668,2025-11-29,
1.0182366,34.645832,33.041668,2025-11-30,
1.0182366,34.645832,33.041668,2025-12-01,
1.0182366,34.645832,33.041668,2025-12-02,
1.0182366,34.645832,33.041668,2025-12-03,
1.0182366,34.645832,33.041668,2025-12-04,
1.0182366,34.645832,33.041668,2025-12-05,
1.0182366,34.645832,33.041668,2025-12-06,
1.0182366,34.645832,33.041668,2025-12-07,
1.0182366,34.645832,33.083332,2025-11-07,25.242722
1.0182366,34.645832,33.083332,2025-11-08,25.188227
1.0182366,34.645832,33.083332,2025-11-09,25.121593
1.0182366,34.645832,33.083332,2025-11-10,25.008856
1.0182366,34.645832,33.083332,2025-11-11,24.919891
1.0182366,34.645832,33.083332,2025-11-12,24.80605
1.0182366,34.645832,33.083332,2025-11-13,24.657524
1.0182366,34.645832,33.083332,2025-11-14,24.505835
1.0182366,34.645832,33.083332,2025-11-15,24.3266
1.0182366,34.645832,33.083332,2025-11-16,24.16429
1.0182366,34.645832,33.083332,2025-11-17,24.056595
1.0182366,34.645832,33.083332,2025-11-18,23.943695
1.0182366,34.645832,33.083332,2025-11-19,23.87281
1.0182366,34.645832,33.083332,2025-11-20,23.784712
1.0182366,34.645832,33.083332,2025-11-21,23.581093
1.0182366,34.645832,33.083332,2025-11-22,23.46777
1.0182366,34.645832,33.083332,2025-11-23,23.530544
1.0182366,34.645832,33.083332,2025-11-24,23.788252
1.0182366,34.645832,33.083332,2025-11-25,23.826773
1.0182366,34.645832,33.083332,2025-11-26,23.67507
1.0182366,34.645832,33.083332,2025-11-27,23.550928
1.0182366,34.645832,33.083332,2025-11-28,23.493471
1.0182366,34.645832,33.083332,2025-11-29,23.872427
1.0182366,34.645832,33.083332,2025-11-30,23.962912
1.0182366,34.645832,33.083332,2025-12-01,23.596382
1.0182366,34.645832,33.083332,2025-12-02,23.413063
1.0182366,34.645832,33.083332,2025-12-03,23.217361
1.0182366,34.645832,33.083332,2025-12-04,23.005896
1.0182366,34.645832,33.083332,2025-12-05,22.825296
1.0182366,34.645832,33.083332,2025-12-06,22.681234
1.0182366,34.645832,33.083332,2025-12-07,22.54667
1.0182366,34.645832,33.125,2025-11-07,25.238007
1.0182366,34.645832,33.125,2025-11-08,25.185337
1.0182366,34.645832,33.125,2025-11-09,25.122068
1.0182366,34.645832,33.125,2025-11-10,25.011108
1.0182366,34.645832,33.125,2025-11-11,24.93143
1.0182366,34.645832,33.125,2025-11-12,24.788235
1.0182366,34.645832,33.125,2025-11-13,24.57244
1.0182366,34.645832,33.125,2025-11-14,24.413662
1.0182366,34.645832,33.125,2025-11-15,24.268303
1.0182366,34.645832,33.125,2025-11-16,24.163788
1.0182366,34.645832,33.125,2025-11-17,24.085508
1.0182366,34.645832,33.125,2025-11-18,23.977896
1.0182366,34.645832,33.125,2025-11-19,23.871796
1.0182366,34.645832,33.125,2025-11-20,23.768642
1.0182366,34.645832,33.125,2025-11-21,23.596668
1.0182366,34.645832,33.125,2025-11-22,23.475088
1.0182366,34.645832,33.125,2025-11-23,23.532732
1.0182366,34.645832,33.125,2025-11-24,23.813105
1.0182366,34.645832,33.125,2025-11-25,23.857494
1.0182366,34.645832,33.125,2025-11-26,23.670023
1.0182366,34.645832,33.125,2025-11-27,23.566538
1.0182366,34.645832,33.125,2025-11-28,23.604176
1.0182366,34.645832,33.125,2025-11-29,23.997713
1.0182366,34.645832,33.125,2025-11-30,24.05456
1.0182366,34.645832,33.125,2025-12-01,23.70963
1.0182366,34.645832,33.125,2025-12-02,23.443583
1.0182366,34.645832,33.125,2025-12-03,23.198427
1.0182366,34.645832,33.125,2025-12-04,22.94239
1.0182366,34.645832,33.125,2025-12-05,22.773668
1.0182366,34.645832,33.125,2025-12-06,22.670824
1.0182366,34.645832,33.125,2025-12-07,22.552935
1.0182366,34.645832,33.166668,2025-11-07,25.229055
1.0182366,34.645832,33.166668,2025-11-08,25.186054
1.0182366,34.645832,33.166668,2025-11-09,25.125658
1.0182366,34.645832,33.166668,2025-11-10,25.018137
1.0182366,34.645832,33.166668,2025-11-11,24.924591
1.0182366,34.645832,33.166668,2025-11-12,24.670988
1.0182366,34.645832,33.166668,2025-11-13,24.446241
1.0182366,34.645832,33.166668,2025-11-14,24.360888
1.0182366,34.645832,33.166668,2025-11-15,24.26092
1.0182366,34.645832,33.166668,2025-11-16,24.179934
1.0182366,34.645832,33.166668,2025-11-17,24.107248
1.0182366,34.645832,33.166668,2025-11-18,23.983328
1.0182366,34.645832,33.166668,2025-11-19,23.863047
1.0182366,34.645832,33.166668,2025-11-20,23.769196
1.0182366,34.645832,33.166668,2025-11-21,23.63688
1.0182366,34.645832,33.166668,2025-11-22,23.494595
1.0182366,34.645832,33.166668,2025-11-23,23.507864
1.0182366,34.645832,33.166668,2025-11-24,23.75701
1.0182366,34.645832,33.166668,2025-11-25,23.817131
1.0182366,34.645832,33.166668,2025-11-26,23.645906
1.0182366,34.645832,33.166668,2025-11-27,23.574474
1.0182366,34.645832,33.166668,2025-11-28,23.65446
1.0182366,34.645832,33.166668,2025-11-29,23.987114
1.0182366,34.645832,33.166668,2025-11-30,24.13316
1.0182366,34.645832,33.166668,2025-12-01,23.818758
1.0182366,34.645832,33.166668,2025-12-02,23.428541
1.0182366,34.645832,33.166668,2025-12-03,23.091314
1.0182366,34.645832,33.166668,2025-12-04,22.858698
1.0182366,34.645832,33.166668,2025-12-05,22.720402
1.0182366,34.645832,33.166668,2025-12-06,22.65164
1.0182366,34.645832,33.166668,2025-12-07,22.559418
1.0182366,34.6875,33.0,2025-11-07,
1.0182366,34.6875,33.0,2025-11-08,
1.0182366,34.6875,33.0,2025-11-09,
1.0182366,34.6875,33.0,2025-11-10,
1.0182366,34.6875,33.0,2025-11-11,
1.0182366,34.6875,33.0,2025-11-12,
1.0182366,34.6875,33.0,2025-11-13,
1.0182366,34.6875,33.0,2025-11-14,
1.0182366,34.6875,33.0,2025-11-15,
1.0182366,34.6875,33.0,2025-11-16,
1.0182366,34.6875,33.0,2025-11-17,
1.0182366,34.6875,33.0,2025-11-18,
1.0182366,34.6875,33.0,2025-11-19,
1.0182366,34.6875,33.0,2025-11-20,
1.0182366,34.6875,33.0,2025-11-21,
1.0182366,34.6875,33.0,2025-11-22,
1.0182366,34.6875,33.0,2025-11-23,
1.0182366,34.6875,33.0,2025-11-24,
1.0182366,34.6875,33.0,2025-11-25,
1.0182366,34.6875,33.0,2025-11-26,
1.0182366,34.6875,33.0,2025-11-27,
1.0182366,34.6875,33.0,2025-11-28,
1.0182366,34.6875,33.0,2025-11-29,
1.0182366,34.6875,33.0,2025-11-30,
1.0182366,34.6875,33.0,2025-12-01,
1.0182366,34.6875,33.0,2025-12-02,
1.0182366,34.6875,33.0,2025-12-03,
1.0182366,34.6875,33.0,2025-12-04,
1.0182366,34.6875,33.0,2025-12-05,
1.0182366,34.6875,33.0,2025-12-06,
1.0182366,34.6875,33.0,2025-12-07,
1.0182366,34.6875,33.041668,2025-11-07,
1.0182366,34.6875,33.041668,2025-11-08,
1.0182366,34.6875,33.041668,2025-11-09,
1.0182366,34.6875,33.041668,2025-11-10,
1.0182366,34.6875,33.041668,2025-11-11,
1.0182366,34.6875,33.041668,2025-11-12,
1.0182366,34.6875,33.041668,2025-11-13,
1.0182366,34.6875,33.041668,2025-11-14,
1.0182366,34.6875,33.041668,2025-11-15,
1.0182366,34.6875,33.041668,2025-11-16,
1.0182366,34.6875,33.041668,2025-11-17,
1.0182366,34.6875,33.041668,2025-11-18,
1.0182366,34.6875,33.041668,2025-11-19,
1.0182366,34.6875,33.041668,2025-11-20,
1.0182366,34.6875,33.041668,2025-11-21,
1.0182366,34.6875,33.041668,2025-11-22,
1.0182366,34.6875,33.041668,2025-11-23,
1.0182366,34.6875,33.041668,2025-11-24,
1.0182366,34.6875,33.041668,2025-11-25,
1.0182366,34.6875,33.041668,2025-11-26,
1.0182366,34.6875,33.041668,2025-11-27,
1.0182366,34.6875,33.041668,2025-11-28,
1.0182366,34.6875,33.041668,2025-11-29,
1.0182366,34.6875,33.041668,2025-11-30,
1.0182366,34.6875,33.041668,2025-12-01,
1.0182366,34.6875,33.041668,2025-12-02,
1.0182366,34.6875,33.041668,2025-12-03,
1.0182366,34.6875,33.041668,2025-12-04,
1.0182366,34.6875,33.041668,2025-12-05,
1.0182366,34.6875,33.041668,2025-12-06,
1.0182366,34.6875,33.041668,2025-12-07,
1.0182366,34.6875,33.083332,2025-11-07,
1.0182366,34.6875,33.083332,2025-11-08,
1.0182366,34.6875,33.083332,2025-11-09,
1.0182366,34.6875,33.083332,2025-11-10,
1.0182366,34.6875,33.083332,2025-11-11,
1.0182366,34.6875,33.083332,2025-11-12,
1.0182366,34.6875,33.083332,2025-11-13,
1.0182366,34.6875,33.083332,2025-11-14,
1.0182366,34.6875,33.083332,2025-11-15,
1.0182366,34.6875,33.083332,2025-11-16,
1.0182366,34.6875,33.083332,2025-11-17,
1.0182366,34.6875,33.083332,2025-11-18,
1.0182366,34.6875,33.083332,2025-11-19,
1.0182366,34.6875,33.083332,2025-11-20,
1.0182366,34.6875,33.083332,2025-11-21,
1.0182366,34.6875,33.083332,2025-11-22,
1.0182366,34.6875,33.083332,2025-11-23,
1.0182366,34.6875,33.083332,2025-11-24,
1.0182366,34.6875,33.083332,2025-11-25,
1.0182366,34.6875,33.083332,2025-11-26,
1.0182366,34.6875,33.083332,2025-11-27,
1.0182366,34.6875,33.083332,2025-11-28,
1.0182366,34.6875,33.083332,2025-11-29,
1.0182366,34.6875,33.083332,2025-11-30,
1.0182366,34.6875,33.083332,2025-12-01,
1.0182366,34.6875,33.083332,2025-12-02,
1.0182366,34.6875,33.083332,2025-12-03,
1.0182366,34.6875,33.083332,2025-12-04,
1.0182366,34.6875,33.083332,2025-12-05,
1.0182366,34.6875,33.083332,2025-12-06,
1.0182366,34.6875,33.083332,2025-12-07,
1.0182366,34.6875,33.125,2025-11-07,25.233278
1.0182366,34.6875,33.125,2025-11-08,25.192516
1.0182366,34.6875,33.125,2025-11-09,25.125368
1.0182366,34.6875,33.125,2025-11-10,25.01946
1.0182366,34.6875,33.125,2025-11-11,24.939651
1.0182366,34.6875,33.125,2025-11-12,24.807167
1.0182366,34.6875,33.125,2025-11-13,24.61434
1.0182366,34.6875,33.125,2025-11-14,24.431879
1.0182366,34.6875,33.125,2025-11-15,24.243813
1.0182366,34.6875,33.125,2025-11-16,24.120749
1.0182366,34.6875,33.125,2025-11-17,24.03127
1.0182366,34.6875,33.125,2025-11-18,23.919949
1.0182366,34.6875,33.125,2025-11-19,23.842844
1.0182366,34.6875,33.125,2025-11-20,23.7903
1.0182366,34.6875,33.125,2025-11-21,23.698162
1.0182366,34.6875,33.125,2025-11-22,23.581322
1.0182366,34.6875,33.125,2025-11-23,23.499578
1.0182366,34.6875,33.125,2025-11-24,23.507439
1.0182366,34.6875,33.125,2025-11-25,23.598314
1.0182366,34.6875,33.125,2025-11-26,23.585535
1.0182366,34.6875,33.125,2025-11-27,23.512434
1.0182366,34.6875,33.125,2025-11-28,23.42894
1.0182366,34.6875,33.125,2025-11-29,23.575603
1.0182366,34.6875,33.125,2025-11-30,23.733973
1.0182366,34.6875,33.125,2025-12-01,23.584755
1.0182366,34.6875,33.125,2025-12-02,23.4307
1.0182366,34.6875,33.125,2025-12-03,23.279554
1.0182366,34.6875,33.125,2025-12-04,23.079784
1.0182366,34.6875,33.125,2025-12-05,22.913248
1.0182366,34.6875,33.125,2025-12-06,22.770912
1.0182366,34.6875,33.125,2025-12-07,22.620815
1.0182366,34.6875,33.166668,2025-11-07,25.2252
1.0182366,34.6875,33.166668,2025-11-08,25.186043
1.0182366,34.6875,33.166668,2025-11-09,25.119108
1.0182366,34.6875,33.166668,2025-11-10,25.01524
1.0182366,34.6875,33.166668,2025-11-11,24.9272
1.0182366,34.6875,33.166668,2025-11-12,24.753714
1.0182366,34.6875,33.166668,2025-11-13,24.536776
1.0182366,34.6875,33.166668,2025-11-14,24.388802
1.0182366,34.6875,33.166668,2025-11-15,24.226706
1.0182366,34.6875,33.166668,2025-11-16,24.112501
1.0182366,34.6875,33.166668,2025-11-17,24.02754
1.0182366,34.6875,33.166668,2025-11-18,23.917461
1.0182366,34.6875,33.166668,2025-11-19,23.834719
1.0182366,34.6875,33.166668,2025-11-20,23.777327
1.0182366,34.6875,33.166668,2025-11-21,23.698977
1.0182366,34.6875,33.166668,2025-11-22,23.57843
1.0182366,34.6875,33.166668,2025-11-23,23.48815
1.0182366,34.6875,33.166668,2025-11-24,23.517246
1.0182366,34.6875,33.166668,2025-11-25,23.603472
1.0182366,34.6875,33.166668,2025-11-26,23.588593
1.0182366,34.6875,33.166668,2025-11-27,23.510809
1.0182366,34.6875,33.166668,2025-11-28,23.458157
1.0182366,34.6875,33.166668,2025-11-29,23.620127
1.0182366,34.6875,33.166668,2025-11-30,23.7793
1.0182366,34.6875,33.166668,2025-12-01,23.69221
1.0182366,34.6875,33.166668,2025-12-02,23.494377
1.0182366,34.6875,33.166668,2025-12-03,23.262276
1.0182366,34.6875,33.166668,2025-12-04,23.016186
1.0182366,34.6875,33.166668,2025-12-05,22.859406
1.0182366,34.6875,33.166668,2025-12-06,22.73671
1.0182366,34.6875,33.166668,2025-12-07,22.59913
1.0182366,34.729168,33.0,2025-11-07,
1.0182366,34.729168,33.0,2025-11-08,
1.0182366,34.729168,33.0,2025-11-09,
1.0182366,34.729168,33.0,2025-11-10,
1.0182366,34.729168,33.0,2025-11-11,
1.0182366,34.729168,33.0,2025-11-12,
1.0182366,34.729168,33.0,2025-11-13,
1.0182366,34.729168,33.0,2025-11-14,
1.0182366,34.729168,33.0,2025-11-15,
1.0182366,34.729168,33.0,2025-11-16,
1.0182366,34.729168,33.0,2025-11-17,
1.0182366,34.729168,33.0,2025-11-18,
1.0182366,34.729168,33.0,2025-11-19,
1.0182366,34.729168,33.0,2025-11-20,
1.0182366,34.729168,33.0,2025-11-21,
1.0182366,34.729168,33.0,2025-11-22,
1.0182366,34.729168,33.0,2025-11-23,
1.0182366,34.729168,33.0,2025-11-24,
1.0182366,34.729168,33.0,2025-11-25,
1.0182366,34.729168,33.0,2025-11-26,
1.0182366,34.729168,33.0,2025-11-27,
1.0182366,34.729168,33.0,2025-11-28,
1.0182366,34.729168,33.0,2025-11-29,
1.0182366,34.729168,33.0,2025-11-30,
1.0182366,34.729168,33.0,2025-12-01,
1.0182366,34.729168,33.0,2025-12-02,
1.0182366,34.729168,33.0,2025-12-03,
1.0182366,34.729168,33.0,2025-12-04,
1.0182366,34.729168,33.0,2025-12-05,
1.0182366,34.729168,33.0,2025-12-06,
1.0182366,34.729168,33.0,2025-12-07,
1.0182366,34.729168,33.041668,2025-11-07,
1.0182366,34.729168,33.041668,2025-11-08,
1.0182366,34.729168,33.041668,2025-11-09,
1.0182366,34.729168,33.041668,2025-11-10,
1.0182366,34.729168,33.041668,2025-11-11,
1.0182366,34.729168,33.041668,2025-11-12,
1.0182366,34.729168,33.041668,2025-11-13,
1.0182366,34.729168,33.041668,2025-11-14,
1.0182366,34.729168,33.041668,2025-11-15,
1.0182366,34.729168,33.041668,2025-11-16,
1.0182366,34.729168,33.041668,2025-11-17,
1.0182366,34.729168,33.041668,2025-11-18,
1.0182366,34.729168,33.041668,2025-11-19,
1.0182366,34.729168,33.041668,2025-11-20,
1.0182366,34.729168,33.041668,2025-11-21,
1.0182366,34.729168,33.041668,2025-11-22,
1.0182366,34.729168,33.041668,2025-11-23,
1.0182366,34.729168,33.041668,2025-11-24,
1.0182366,34.729168,33.041668,2025-11-25,
1.0182366,34.729168,33.041668,2025-11-26,
1.0182366,34.729168,33.041668,2025-11-27,
1.0182366,34.729168,33.041668,2025-11-28,
1.0182366,34.729168,33.041668,2025-11-29,
1.0182366,34.729168,33.041668,2025-11-30,
1.0182366,34.729168,33.041668,2025-12-01,
1.0182366,34.729168,33.041668,2025-12-02,
1.0182366,34.729168,33.041668,2025-12-03,
1.0182366,34.729168,33.041668,2025-12-04,
1.0182366,34.729168,33.041668,2025-12-05,
1.0182366,34.729168,33.041668,2025-12-06,
1.0182366,34.729168,33.041668,2025-12-07,
1.0182366,34.729168,33.083332,2025-11-07,
1.0182366,34.729168,33.083332,2025-11-08,
1.0182366,34.729168,33.083332,2025-11-09,
1.0182366,34.729168,33.083332,2025-11-10,
1.0182366,34.729168,33.083332,2025-11-11,
1.0182366,34.729168,33.083332,2025-11-12,
1.0182366,34.729168,33.083332,2025-11-13,
1.0182366,34.729168,33.083332,2025-11-14,
1.0182366,34.729168,33.083332,2025-11-15,
1.0182366,34.729168,33.083332,2025-11-16,
1.0182366,34.729168,33.083332,2025-11-17,
1.0182366,34.729168,33.083332,2025-11-18,
1.0182366,34.729168,33.083332,2025-11-19,
1.0182366,34.729168,33.083332,2025-11-20,
1.0182366,34.729168,33.083332,2025-11-21,
1.0182366,34.729168,33.083332,2025-11-22,
1.0182366,34.729168,33.083332,2025-11-23,
1.0182366,34.729168,33.083332,2025-11-24,
1.0182366,34.729168,33.083332,2025-11-25,
1.0182366,34.729168,33.083332,2025-11-26,
1.0182366,34.729168,33.083332,2025-11-27,
1.0182366,34.729168,33.083332,2025-11-28,
1.0182366,34.729168,33.083332,2025-11-29,
1.0182366,34.729168,33.083332,2025-11-30,
1.0182366,34.729168,33.083332,2025-12-01,
1.0182366,34.729168,33.083332,2025-12-02,
1.0182366,34.729168,33.083332,2025-12-03,
1.0182366,34.729168,33.083332,2025-12-04,
1.0182366,34.729168,33.083332,2025-12-05,
1.0182366,34.729168,33.083332,2025-12-06,
1.0182366,34.729168,33.083332,2025-12-07,
1.0182366,34.729168,33.125,2025-11-07,
1.0182366,34.729168,33.125,2025-11-08,
1.0182366,34.729168,33.125,2025-11-09,
1.0182366,34.729168,33.125,2025-11-10,
1.0182366,34.729168,33.125,2025-11-11,
1.0182366,34.729168,33.125,2025-11-12,
1.0182366,34.729168,33.125,2025-11-13,
1.0182366,34.729168,33.125,2025-11-14,
1.0182366,34.729168,33.125,2025-11-15,
1.0182366,34.729168,33.125,2025-11-16,
1.0182366,34.729168,33.125,2025-11-17,
1.0182366,34.729168,33.125,2025-11-18,
1.0182366,34.729168,33.125,2025-11-19,
1.0182366,34.729168,33.125,2025-11-20,
1.0182366,34.729168,33.125,2025-11-21,
1.0182366,34.729168,33.125,2025-11-22,
1.0182366,34.729168,33.125,2025-11-23,
1.0182366,34.729168,33.125,2025-11-24,
1.0182366,34.729168,33.125,2025-11-25,
1.0182366,34.729168,33.125,2025-11-26,
1.0182366,34.729168,33.125,2025-11-27,
1.0182366,34.729168,33.125,2025-11-28,
1.0182366,34.729168,33.125,2025-11-29,
1.0182366,34.729168,33.125,2025-11-30,
1.0182366,34.729168,33.125,2025-12-01,
1.0182366,34.729168,33.125,2025-12-02,
1.0182366,34.729168,33.125,2025-12-03,
1.0182366,34.729168,33.125,2025-12-04,
1.0182366,34.729168,33.125,2025-12-05,
1.0182366,34.729168,33.125,2025-12-06,
1.0182366,34.729168,33.125,2025-12-07,
1.0182366,34.729168,33.166668,2025-11-07,
1.0182366,34.729168,33.166668,2025-11-08,
1.0182366,34.729168,33.166668,2025-11-09,
1.0182366,34.729168,33.166668,2025-11-10,
1.0182366,34.729168,33.166668,2025-11-11,
1.0182366,34.729168,33.166668,2025-11-12,
1.0182366,34.729168,33.166668,2025-11-13,
1.0182366,34.729168,33.166668,2025-11-14,
1.0182366,34.729168,33.166668,2025-11-15,
1.0182366,34.729168,33.166668,2025-11-16,
1.0182366,34.729168,33.166668,2025-11-17,
1.0182366,34.729168,33.166668,2025-11-18,
1.0182366,34.729168,33.166668,2025-11-19,
1.0182366,34.729168,33.166668,2025-11-20,
1.0182366,34.729168,33.166668,2025-11-21,
1.0182366,34.729168,33.166668,2025-11-22,
1.0182366,34.729168,33.166668,2025-11-23,
1.0182366,34.729168,33.166668,2025-11-24,
1.0182366,34.729168,33.166668,2025-11-25,
1.0182366,34.729168,33.166668,2025-11-26,
1.0182366,34.729168,33.166668,2025-11-27,
1.0182366,34.729168,33.166668,2025-11-28,
1.0182366,34.729168,33.166668,2025-11-29,
1.0182366,34.729168,33.166668,2025-11-30,
1.0182366,34.729168,33.166668,2025-12-01,
1.0182366,34.729168,33.166668,2025-12-02,
1.0182366,34.729168,33.166668,2025-12-03,
1.0182366,34.729168,33.166668,2025-12-04,
1.0182366,34.729168,33.166668,2025-12-05,
1.0182366,34.729168,33.166668,2025-12-06,
1.0182366,34.729168,33.166668,2025-12-07,
1.0182366,34.770832,33.0,2025-11-07,
1.0182366,34.770832,33.0,2025-11-08,
1.0182366,34.770832,33.0,2025-11-09,
1.0182366,34.770832,33.0,2025-11-10,
1.0182366,34.770832,33.0,2025-11-11,
1.0182366,34.770832,33.0,2025-11-12,
1.0182366,34.770832,33.0,2025-11-13,
1.0182366,34.770832,33.0,2025-11-14,
1.0182366,34.770832,33.0,2025-11-15,
1.0182366,34.770832,33.0,2025-11-16,
1.0182366,34.770832,33.0,2025-11-17,
1.0182366,34.770832,33.0,2025-11-18,
1.0182366,34.770832,33.0,2025-11-19,
1.0182366,34.770832,33.0,2025-11-20,
1.0182366,34.770832,33.0,2025-11-21,
1.0182366,34.770832,33.0,2025-11-22,
1.0182366,34.770832,33.0,2025-11-23,
1.0182366,34.770832,33.0,2025-11-24,
1.0182366,34.770832,33.0,2025-11-25,
1.0182366,34.770832,33.0,2025-11-26,
1.0182366,34.770832,33.0,2025-11-27,
1.0182366,34.770832,33.0,2025-11-28,
1.0182366,34.770832,33.0,2025-11-29,
1.0182366,34.770832,33.0,2025-11-30,
1.0182366,34.770832,33.0,2025-12-01,
1.0182366,34.770832,33.0,2025-12-02,
1.0182366,34.770832,33.0,2025-12-03,
1.0182366,34.770832,33.0,2025-12-04,
1.0182366,34.770832,33.0,2025-12-05,
1.0182366,34.770832,33.0,2025-12-06,
1.0182366,34.770832,33.0,2025-12-07,
1.0182366,34.770832,33.041668,2025-11-07,
1.0182366,34.770832,33.041668,2025-11-08,
1.0182366,34.770832,33.041668,2025-11-09,
1.0182366,34.770832,33.041668,2025-11-10,
1.0182366,34.770832,33.041668,2025-11-11,
1.0182366,34.770832,33.041668,2025-11-12,
1.0182366,34.770832,33.041668,2025-11-13,
1.0182366,34.770832,33.041668,2025-11-14,
1.0182366,34.770832,33.041668,2025-11-15,
1.0182366,34.770832,33.041668,2025-11-16,
1.0182366,34.770832,33.041668,2025-11-17,
1.0182366,34.770832,33.041668,2025-11-18,
1.0182366,34.770832,33.041668,2025-11-19,
1.0182366,34.770832,33.041668,2025-11-20,
1.0182366,34.770832,33.041668,2025-11-21,
1.0182366,34.770832,33.041668,2025-11-22,
1.0182366,34.770832,33.041668,2025-11-23,
1.0182366,34.770832,33.041668,2025-11-24,
1.0182366,34.770832,33.041668,2025-11-25,
1.0182366,34.770832,33.041668,2025-11-26,
1.0182366,34.770832,33.041668,2025-11-27,
1.0182366,34.770832,33.041668,2025-11-28,
1.0182366,34.770832,33.041668,2025-11-29,
1.0182366,34.770832,33.041668,2025-11-30,
1.0182366,34.770832,33.041668,2025-12-01,
1.0182366,34.770832,33.041668,2025-12-02,
1.0182366,34.770832,33.041668,2025-12-03,
1.0182366,34.770832,33.041668,2025-12-04,
1.0182366,34.770832,33.041668,2025-12-05,
1.0182366,34.770832,33.041668,2025-12-06,
1.0182366,34.770832,33.041668,2025-12-07,
1.0182366,34.770832,33.083332,2025-11-07,
1.0182366,34.770832,33.083332,2025-11-08,
1.0182366,34.770832,33.083332,2025-11-09,
1.0182366,34.770832,33.083332,2025-11-10,
1.0182366,34.770832,33.083332,2025-11-11,
1.0182366,34.770832,33.083332,2025-11-12,
1.0182366,34.770832,33.083332,2025-11-13,
1.0182366,34.770832,33.083332,2025-11-14,
1.0182366,34.770832,33.083332,2025-11-15,
1.0182366,34.770832,33.083332,2025-11-16,
1.0182366,34.770832,33.083332,2025-11-17,
1.0182366,34.770832,33.083332,2025-11-18,
1.0182366,34.770832,33.083332,2025-11-19,
1.0182366,34.770832,33.083332,2025-11-20,
1.0182366,34.770832,33.083332,2025-11-21,
1.0182366,34.770832,33.083332,2025-11-22,
1.0182366,34.770832,33.083332,2025-11-23,
1.0182366,34.770832,33.083332,2025-11-24,
1.0182366,34.770832,33.083332,2025-11-25,
1.0182366,34.770832,33.083332,2025-11-26,
1.0182366,34.770832,33.083332,2025-11-27,
1.0182366,34.770832,33.083332,2025-11-28,
1.0182366,34.770832,33.083332,2025-11-29,
1.0182366,34.770832,33.083332,2025-11-30,
1.0182366,34.770832,33.083332,2025-12-01,
1.0182366,34.770832,33.083332,2025-12-02,
1.0182366,34.770832,33.083332,2025-12-03,
1.0182366,34.770832,33.083332,2025-12-04,
1.0182366,34.770832,33.083332,2025-12-05,
1.0182366,34.770832,33.083332,2025-12-06,
1.0182366,34.770832,33.083332,2025-12-07,
1.0182366,34.770832,33.125,2025-11-07,
1.0182366,34.770832,33.125,2025-11-08,
1.0182366,34.770832,33.125,2025-11-09,
1.0182366,34.770832,33.125,2025-11-10,
1.0182366,34.770832,33.125,2025-11-11,
1.0182366,34.770832,33.125,2025-11-12,
1.0182366,34.770832,33.125,2025-11-13,
1.0182366,34.770832,33.125,2025-11-14,
1.0182366,34.770832,33.125,2025-11-15,
1.0182366,34.770832,33.125,2025-11-16,
1.0182366,34.770832,33.125,2025-11-17,
1.0182366,34.770832,33.125,2025-11-18,
1.0182366,34.770832,33.125,2025-11-19,
1.0182366,34.770832,33.125,2025-11-20,
1.0182366,34.770832,33.125,2025-11-21,
1.0182366,34.770832,33.125,2025-11-22,
1.0182366,34.770832,33.125,2025-11-23,
1.0182366,34.770832,33.125,2025-11-24,
1.0182366,34.770832,33.125,2025-11-25,
1.0182366,34.770832,33.125,2025-11-26,
1.0182366,34.770832,33.125,2025-11-27,
1.0182366,34.770832,33.125,2025-11-28,
1.0182366,34.770832,33.125,2025-11-29,
1.0182366,34.770832,33.125,2025-11-30,
1.0182366,34.770832,33.125,2025-12-01,
1.0182366,34.770832,33.125,2025-12-02,
1.0182366,34.770832,33.125,2025-12-03,
1.0182366,34.770832,33.125,2025-12-04,
1.0182366,34.770832,33.125,2025-12-05,
1.0182366,34.770832,33.125,2025-12-06,
1.0182366,34.770832,33.125,2025-12-07,
1.0182366,34.770832,33.166668,2025-11-07,
1.0182366,34.770832,33.166668,2025-11-08,
1.0182366,34.770832,33.166668,2025-11-09,
1.0182366,34.770832,33.166668,2025-11-10,
1.0182366,34.770832,33.166668,2025-11-11,
1.0182366,34.770832,33.166668,2025-11-12,
1.0182366,34.770832,33.166668,2025-11-13,
1.0182366,34.770832,33.166668,2025-11-14,
1.0182366,34.770832,33.166668,2025-11-15,
1.0182366,34.770832,33.166668,2025-11-16,
1.0182366,34.770832,33.166668,2025-11-17,
1.0182366,34.770832,33.166668,2025-11-18,
1.0182366,34.770832,33.166668,2025-11-19,
1.0182366,34.770832,33.166668,2025-11-20,
1.0182366,34.770832,33.166668,2025-11-21,
1.0182366,34.770832,33.166668,2025-11-22,
1.0182366,34.770832,33.166668,2025-11-23,
1.0182366,34.770832,33.166668,2025-11-24,
1.0182366,34.770832,33.166668,2025-11-25,
1.0182366,34.770832,33.166668,2025-11-26,
1.0182366,34.770832,33.166668,2025-11-27,
1.0182366,34.770832,33.166668,2025-11-28,
1.0182366,34.770832,33.166668,2025-11-29,
1.0182366,34.770832,33.166668,2025-11-30,
1.0182366,34.770832,33.166668,2025-12-01,
1.0182366,34.770832,33.166668,2025-12-02,
1.0182366,34.770832,33.166668,2025-12-03,
1.0182366,34.770832,33.166668,2025-12-04,
1.0182366,34.770832,33.166668,2025-12-05,
1.0182366,34.770832,33.166668,2025-12-06,
1.0182366,34.770832,33.166668,2025-12-07,
3.1657474,34.604168,33.0,2025-11-07,
3.1657474,34.604168,33.0,2025-11-08,
3.1657474,34.604168,33.0,2025-11-09,
3.1657474,34.604168,33.0,2025-11-10,
3.1657474,34.604168,33.0,2025-11-11,
3.1657474,34.604168,33.0,2025-11-12,
3.1657474,34.604168,33.0,2025-11-13,
3.1657474,34.604168,33.0,2025-11-14,
3.1657474,34.604168,33.0,2025-11-15,
3.1657474,34.604168,33.0,2025-11-16,
3.1657474,34.604168,33.0,2025-11-17,
3.1657474,34.604168,33.0,2025-11-18,
3.1657474,34.604168,33.0,2025-11-19,
3.1657474,34.604168,33.0,2025-11-20,
3.1657474,34.604168,33.0,2025-11-21,
3.1657474,34.604168,33.0,2025-11-22,
3.1657474,34.604168,33.0,2025-11-23,
3.1657474,34.604168,33.0,2025-11-24,
3.1657474,34.604168,33.0,2025-11-25,
3.1657474,34.604168,33.0,2025-11-26,
3.1657474,34.604168,33.0,2025-11-27,
3.1657474,34.604168,33.0,2025-11-28,
3.1657474,34.604168,33.0,2025-11-29,
3.1657474,34.604168,33.0,2025-11-30,
3.1657474,34.604168,33.0,2025-12-01,
3.1657474,34.604168,33.0,2025-12-02,
3.1657474,34.604168,33.0,2025-12-03,
3.1657474,34.604168,33.0,2025-12-04,
3.1657474,34.604168,33.0,2025-12-05,
3.1657474,34.604168,33.0,2025-12-06,
3.1657474,34.604168,33.0,2025-12-07,
3.1657474,34.604168,33.041668,2025-11-07,
3.1657474,34.604168,33.041668,2025-11-08,
3.1657474,34.604168,33.041668,2025-11-09,
3.1657474,34.604168,33.041668,2025-11-10,
3.1657474,34.604168,33.041668,2025-11-11,
3.1657474,34.604168,33.041668,2025-11-12,
3.1657474,34.604168,33.041668,2025-11-13,
3.1657474,34.604168,33.041668,2025-11-14,
3.1657474,34.604168,33.041668,2025-11-15,
3.1657474,34.604168,33.041668,2025-11-16,
3.1657474,34.604168,33.041668,2025-11-17,
3.1657474,34.604168,33.041668,2025-11-18,
3.1657474,34.604168,33.041668,2025-11-19,
3.1657474,34.604168,33.041668,2025-11-20,
3.1657474,34.604168,33.041668,2025-11-21,
3.1657474,34.604168,33.041668,2025-11-22,
3.1657474,34.604168,33.041668,2025-11-23,
3.1657474,34.604168,33.041668,2025-11-24,
3.1657474,34.604168,33.041668,2025-11-25,
3.1657474,34.604168,33.041668,2025-11-26,
3.1657474,34.604168,33.041668,2025-11-27,
3.1657474,34.604168,33.041668,2025-11-28,
3.1657474,34.604168,33.041668,2025-11-29,
3.1657474,34.604168,33.041668,2025-11-30,
3.1657474,34.604168,33.041668,2025-12-01,
3.1657474,34.604168,33.041668,2025-12-02,
3.1657474,34.604168,33.041668,2025-12-03,
3.1657474,34.604168,33.041668,2025-12-04,
3.1657474,34.604168,33.041668,2025-12-05,
3.1657474,34.604168,33.041668,2025-12-06,
3.1657474,34.604168,33.041668,2025-12-07,
3.1657474,34.604168,33.083332,2025-11-07,25.213757
3.1657474,34.604168,33.083332,2025-11-08,25.132814
3.1657474,34.604168,33.083332,2025-11-09,25.045097
3.1657474,34.604168,33.083332,2025-11-10,24.973734
3.1657474,34.604168,33.083332,2025-11-11,24.911407
3.1657474,34.604168,33.083332,2025-11-12,24.806583
3.1657474,34.604168,33.083332,2025-11-13,24.644447
3.1657474,34.604168,33.083332,2025-11-14,24.474165
3.1657474,34.604168,33.083332,2025-11-15,24.313383
3.1657474,34.604168,33.083332,2025-11-16,24.18003
3.1657474,34.604168,33.083332,2025-11-17,24.10562
3.1657474,34.604168,33.083332,2025-11-18,24.003881
3.1657474,34.604168,33.083332,2025-11-19,23.890007
3.1657474,34.604168,33.083332,2025-11-20,23.670763
3.1657474,34.604168,33.083332,2025-11-21,23.477747
3.1657474,34.604168,33.083332,2025-11-22,23.47819
3.1657474,34.604168,33.083332,2025-11-23,23.756226
3.1657474,34.604168,33.083332,2025-11-24,24.15715
3.1657474,34.604168,33.083332,2025-11-25,24.002058
3.1657474,34.604168,33.083332,2025-11-26,23.69586
3.1657474,34.604168,33.083332,2025-11-27,23.60785
3.1657474,34.604168,33.083332,2025-11-28,23.725145
3.1657474,34.604168,33.083332,2025-11-29,24.437813
3.1657474,34.604168,33.083332,2025-11-30,24.175076
3.1657474,34.604168,33.083332,2025-12-01,23.620659
3.1657474,34.604168,33.083332,2025-12-02,23.398518
3.1657474,34.604168,33.083332,2025-12-03,23.20011
3.1657474,34.604168,33.083332,2025-12-04,22.951593
3.1657474,34.604168,33.083332,2025-12-05,22.767605
3.1657474,34.604168,33.083332,2025-12-06,22.664612
3.1657474,34.604168,33.083332,2025-12-07,22.54339
3.1657474,34.604168,33.125,2025-11-07,25.206833
3.1657474,34.604168,33.125,2025-11-08,25.130798
3.1657474,34.604168,33.125,2025-11-09,25.064579
3.1657474,34.604168,33.125,2025-11-10,24.996624
3.1657474,34.604168,33.125,2025-11-11,24.927694
3.1657474,34.604168,33.125,2025-11-12,24.754976
3.1657474,34.604168,33.125,2025-11-13,24.490479
3.1657474,34.604168,33.125,2025-11-14,24.356583
3.1657474,34.604168,33.125,2025-11-15,24.286545
3.1657474,34.604168,33.125,2025-11-16,24.232965
3.1657474,34.604168,33.125,2025-11-17,24.173586
3.1657474,34.604168,33.125,2025-11-18,24.022415
3.1657474,34.604168,33.125,2025-11-19,23.807049
3.1657474,34.604168,33.125,2025-11-20,23.64986
3.1657474,34.604168,33.125,2025-11-21,23.545769
3.1657474,34.604168,33.125,2025-11-22,23.50317
3.1657474,34.604168,33.125,2025-11-23,23.765673
3.1657474,34.604168,33.125,2025-11-24,24.115358
3.1657474,34.604168,33.125,2025-11-25,23.960197
3.1657474,34.604168,33.125,2025-11-26,23.651712
3.1657474,34.604168,33.125,2025-11-27,23.65231
3.1657474,34.604168,33.125,2025-11-28,23.852808
3.1657474,34.604168,33.125,2025-11-29,24.403172
3.1657474,34.604168,33.125,2025-11-30,24.254082
3.1657474,34.604168,33.125,2025-12-01,23.693913
3.1657474,34.604168,33.125,2025-12-02,23.317963
3.1657474,34.604168,33.125,2025-12-03,23.099133
3.1657474,34.604168,33.125,2025-12-04,22.839184
3.1657474,34.604168,33.125,2025-12-05,22.704592
3.1657474,34.604168,33.125,2025-12-06,22.642044
3.1657474,34.604168,33.125,2025-12-07,22.550966
3.1657474,34.604168,33.166668,2025-11-07,25.197973
3.1657474,34.604168,33.166668,2025-11-08,25.142319
3.1657474,34.604168,33.166668,2025-11-09,25.099216
3.1657474,34.604168,33.166668,2025-11-10,25.025698
3.1657474,34.604168,33.166668,2025-11-11,24.906776
3.1657474,34.604168,33.166668,2025-11-12,24.566257
3.1657474,34.604168,33.166668,2025-11-13,24.359512
3.1657474,34.604168,33.166668,2025-11-14,24.337744
3.1657474,34.604168,33.166668,2025-11-15,24.367664
3.1657474,34.604168,33.166668,2025-11-16,24.293694
3.1657474,34.604168,33.166668,2025-11-17,24.193396
3.1657474,34.604168,33.166668,2025-11-18,23.967575
3.1657474,34.604168,33.166668,2025-11-19,23.74115
3.1657474,34.604168,33.166668,2025-11-20,23.689344
3.1657474,34.604168,33.166668,2025-11-21,23.61424
3.1657474,34.604168,33.166668,2025-11-22,23.537813
3.1657474,34.604168,33.166668,2025-11-23,23.690485
3.1657474,34.604168,33.166668,2025-11-24,23.849657
3.1657474,34.604168,33.166668,2025-11-25,23.7431
3.1657474,34.604168,33.166668,2025-11-26,23.594707
3.1657474,34.604168,33.166668,2025-11-27,23.665438
3.1657474,34.604168,33.166668,2025-11-28,23.822187
3.1657474,34.604168,33.166668,2025-11-29,24.153011
3.1657474,34.604168,33.166668,2025-11-30,24.275537
3.1657474,34.604168,33.166668,2025-12-01,23.782795
3.1657474,34.604168,33.166668,2025-12-02,23.193087
3.1657474,34.604168,33.166668,2025-12-03,22.938564
3.1657474,34.604168,33.166668,2025-12-04,22.80343
3.1657474,34.604168,33.166668,2025-12-05,22.696934
3.1657474,34.604168,33.166668,2025-12-06,22.660181
3.1657474,34.604168,33.166668,2025-12-07,22.586897
3.1657474,34.645832,33.0,2025-11-07,
3.1657474,34.645832,33.0,2025-11-08,
3.1657474,34.645832,33.0,2025-11-09,
3.1657474,34.645832,33.0,2025-11-10,
3.1657474,34.645832,33.0,2025-11-11,
3.1657474,34.645832,33.0,2025-11-12,
3.1657474,34.645832,33.0,2025-11-13,
3.1657474,34.645832,33.0,2025-11-14,
3.1657474,34.645832,33.0,2025-11-15,
3.1657474,34.645832,33.0,2025-11-16,
3.1657474,34.645832,33.0,2025-11-17,
3.1657474,34.645832,33.0,2025-11-18,
3.1657474,34.645832,33.0,2025-11-19,
3.1657474,34.645832,33.0,2025-11-20,
3.1657474,34.645832,33.0,2025-11-21,
3.1657474,34.645832,33.0,2025-11-22,
3.1657474,34.645832,33.0,2025-11-23,
3.1657474,34.645832,33.0,2025-11-24,
3.1657474,34.645832,33.0,2025-11-25,
3.1657474,34.645832,33.0,2025-11-26,
3.1657474,34.645832,33.0,2025-11-27,
3.1657474,34.645832,33.0,2025-11-28,
3.1657474,34.645832,33.0,2025-11-29,
3.1657474,34.645832,33.0,2025-11-30,
3.1657474,34.645832,33.0,2025-12-01,
3.1657474,34.645832,33.0,2025-12-02,
3.1657474,34.645832,33.0,2025-12-03,
3.1657474,34.645832,33.0,2025-12-04,
3.1657474,34.645832,33.0,2025-12-05,
3.1657474,34.645832,33.0,2025-12-06,
3.1657474,34.645832,33.0,2025-12-07,
3.1657474,34.645832,33.041668,2025-11-07,
3.1657474,34.645832,33.041668,2025-11-08,
3.1657474,34.645832,33.041668,2025-11-09,
3.1657474,34.645832,33.041668,2025-11-10,
3.1657474,34.645832,33.041668,2025-11-11,
3.1657474,34.645832,33.041668,2025-11-12,
3.1657474,34.645832,33.041668,2025-11-13,
3.1657474,34.645832,33.041668,2025-11-14,
3.1657474,34.645832,33.041668,2025-11-15,
3.1657474,34.645832,33.041668,2025-11-16,
3.1657474,34.645832,33.041668,2025-11-17,
3.1657474,34.645832,33.041668,2025-11-18,
3.1657474,34.645832,33.041668,2025-11-19,
3.1657474,34.645832,33.041668,2025-11-20,
3.1657474,34.645832,33.041668,2025-11-21,
3.1657474,34.645832,33.041668,2025-11-22,
3.1657474,34.645832,33.041668,2025-11-23,
3.1657474,34.645832,33.041668,2025-11-24,
3.1657474,34.645832,33.041668,2025-11-25,
3.1657474,34.645832,33.041668,2025-11-26,
3.1657474,34.645832,33.041668,2025-11-27,
3.1657474,34.645832,33.041668,2025-11-28,
3.1657474,34.645832,33.041668,2025-11-29,
3.1657474,34.645832,33.041668,2025-11-30,
3.1657474,34.645832,33.041668,2025-12-01,
3.1657474,34.645832,33.041668,2025-12-02,
3.1657474,34.645832,33.041668,2025-12-03,
3.1657474,34.645832,33.041668,2025-12-04,
3.1657474,34.645832,33.041668,2025-12-05,
3.1657474,34.645832,33.041668,2025-12-06,
3.1657474,34.645832,33.041668,2025-12-07,
3.1657474,34.645832,33.083332,2025-11-07,25.227642
3.1657474,34.645832,33.083332,2025-11-08,25.16511
3.1657474,34.645832,33.083332,2025-11-09,25.10007
3.1657474,34.645832,33.083332,2025-11-10,25.00865
3.1657474,34.645832,33.083332,2025-11-11,24.919903
3.1657474,34.645832,33.083332,2025-11-12,24.806057
3.1657474,34.645832,33.083332,2025-11-13,24.657534
3.1657474,34.645832,33.083332,2025-11-14,24.496336
3.1657474,34.645832,33.083332,2025-11-15,24.326612
3.1657474,34.645832,33.083332,2025-11-16,24.164299
3.1657474,34.645832,33.083332,2025-11-17,24.056606
3.1657474,34.645832,33.083332,2025-11-18,23.94371
3.1657474,34.645832,33.083332,2025-11-19,23.872822
3.1657474,34.645832,33.083332,2025-11-20,23.784166
3.1657474,34.645832,33.083332,2025-11-21,23.5811
3.1657474,34.645832,33.083332,2025-11-22,23.464125
3.1657474,34.645832,33.083332,2025-11-23,23.51977
3.1657474,34.645832,33.083332,2025-11-24,23.788258
3.1657474,34.645832,33.083332,2025-11-25,23.826784
3.1657474,34.645832,33.083332,2025-11-26,23.67394
3.1657474,34.645832,33.083332,2025-11-27,23.550451
3.1657474,34.645832,33.083332,2025-11-28,23.493484
3.1657474,34.645832,33.083332,2025-11-29,23.872437
3.1657474,34.645832,33.083332,2025-11-30,23.962927
3.1657474,34.645832,33.083332,2025-12-01,23.596395
3.1657474,34.645832,33.083332,2025-12-02,23.413074
3.1657474,34.645832,33.083332,2025-12-03,23.217373
3.1657474,34.645832,33.083332,2025-12-04,23.005909
3.1657474,34.645832,33.083332,2025-12-05,22.82531
3.1657474,34.645832,33.083332,2025-12-06,22.681242
3.1657474,34.645832,33.083332,2025-12-07,22.546682
3.1657474,34.645832,33.125,2025-11-07,25.226498
3.1657474,34.645832,33.125,2025-11-08,25.164684
3.1657474,34.645832,33.125,2025-11-09,25.102188
3.1657474,34.645832,33.125,2025-11-10,25.01098
3.1657474,34.645832,33.125,2025-11-11,24.931438
3.1657474,34.645832,33.125,2025-11-12,24.78824
3.1657474,34.645832,33.125,2025-11-13,24.572449
3.1657474,34.645832,33.125,2025-11-14,24.403784
3.1657474,34.645832,33.125,2025-11-15,24.268316
3.1657474,34.645832,33.125,2025-11-16,24.163797
3.1657474,34.645832,33.125,2025-11-17,24.085522
3.1657474,34.645832,33.125,2025-11-18,23.977911
3.1657474,34.645832,33.125,2025-11-19,23.871809
3.1657474,34.645832,33.125,2025-11-20,23.768538
3.1657474,34.645832,33.125,2025-11-21,23.596676
3.1657474,34.645832,33.125,2025-11-22,23.474106
3.1657474,34.645832,33.125,2025-11-23,23.531399
3.1657474,34.645832,33.125,2025-11-24,23.81311
3.1657474,34.645832,33.125,2025-11-25,23.857504
3.1657474,34.645832,33.125,2025-11-26,23.668848
3.1657474,34.645832,33.125,2025-11-27,23.566399
3.1657474,34.645832,33.125,2025-11-28,23.604187
3.1657474,34.645832,33.125,2025-11-29,23.997723
3.1657474,34.645832,33.125,2025-11-30,24.054577
3.1657474,34.645832,33.125,2025-12-01,23.709642
3.1657474,34.645832,33.125,2025-12-02,23.443592
3.1657474,34.645832,33.125,2025-12-03,23.19844
3.1657474,34.645832,33.125,2025-12-04,22.942404
3.1657474,34.645832,33.125,2025-12-05,22.77368
3.1657474,34.645832,33.125,2025-12-06,22.670832
3.1657474,34.645832,33.125,2025-12-07,22.552946
3.1657474,34.645832,33.166668,2025-11-07,25.219852
3.1657474,34.645832,33.166668,2025-11-08,25.166397
3.1657474,34.645832,33.166668,2025-11-09,25.10866
3.1657474,34.645832,33.166668,2025-11-10,25.018007
3.1657474,34.645832,33.166668,2025-11-11,24.9246
3.1657474,34.645832,33.166668,2025-11-12,24.670994
3.1657474,34.645832,33.166668,2025-11-13,24.446249
3.1657474,34.645832,33.166668,2025-11-14,24.352571
3.1657474,34.645832,33.166668,2025-11-15,24.260935
3.1657474,34.645832,33.166668,2025-11-16,24.179945
3.1657474,34.645832,33.166668,2025-11-17,24.107262
3.1657474,34.645832,33.166668,2025-11-18,23.983345
3.1657474,34.645832,33.166668,2025-11-19,23.86306
3.1657474,34.645832,33.166668,2025-11-20,23.769207
3.1657474,34.645832,33.166668,2025-11-21,23.63689
3.1657474,34.645832,33.166668,2025-11-22,23.493734
3.1657474,34.645832,33.166668,2025-11-23,23.50374
3.1657474,34.645832,33.166668,2025-11-24,23.757015
3.1657474,34.645832,33.166668,2025-11-25,23.817142
3.1657474,34.645832,33.166668,2025-11-26,23.643654
3.1657474,34.645832,33.166668,2025-11-27,23.574486
3.1657474,34.645832,33.166668,2025-11-28,23.654476
3.1657474,34.645832,33.166668,2025-11-29,23.987076
3.1657474,34.645832,33.166668,2025-11-30,24.133177
3.1657474,34.645832,33.166668,2025-12-01,23.818773
3.1657474,34.645832,33.166668,2025-12-02,23.42855
3.1657474,34.645832,33.166668,2025-12-03,23.091328
3.1657474,34.645832,33.166668,2025-12-04,22.858711
3.1657474,34.645832,33.166668,2025-12-05,22.720415
3.1657474,34.645832,33.166668,2025-12-06,22.65165
3.1657474,34.645832,33.166668,2025-12-07,22.559431
3.1657474,34.6875,33.0,2025-11-07,
3.1657474,34.6875,33.0,2025-11-08,
3.1657474,34.6875,33.0,2025-11-09,
3.1657474,34.6875,33.0,2025-11-10,
3.1657474,34.6875,33.0,2025-11-11,
3.1657474,34.6875,33.0,2025-11-12,
3.1657474,34.6875,33.0,2025-11-13,
3.1657474,34.6875,33.0,2025-11-14,
3.1657474,34.6875,33.0,2025-11-15,
3.1657474,34.6875,33.0,2025-11-16,
3.1657474,34.6875,33.0,2025-11-17,
3.1657474,34.6875,33.0,2025-11-18,
3.1657474,34.6875,33.0,2025-11-19,
3.1657474,34.6875,33.0,2025-11-20,
3.1657474,34.6875,33.0,2025-11-21,
3.1657474,34.6875,33.0,2025-11-22,
3.1657474,34.6875,33.0,2025-11-23,
3.1657474,34.6875,33.0,2025-11-24,
3.1657474,34.6875,33.0,2025-11-25,
3.1657474,34.6875,33.0,2025-11-26,
3.1657474,34.6875,33.0,2025-11-27,
3.1657474,34.6875,33.0,2025-11-28,
3.1657474,34.6875,33.0,2025-11-29,
3.1657474,34.6875,33.0,2025-11-30,
3.1657474,34.6875,33.0,2025-12-01,
3.1657474,34.6875,33.0,2025-12-02,
3.1657474,34.6875,33.0,2025-12-03,
3.1657474,34.6875,33.0,2025-12-04,
3.1657474,34.6875,33.0,2025-12-05,
3.1657474,34.6875,33.0,2025-12-06,
3.1657474,34.6875,33.0,2025-12-07,
3.1657474,34.6875,33.041668,2025-11-07,
3.1657474,34.6875,33.041668,2025-11-08,
3.1657474,34.6875,33.041668,2025-11-09,
3.1657474,34.6875,33.041668,2025-11-10,
3.1657474,34.6875,33.041668,2025-11-11,
3.1657474,34.6875,33.041668,2025-11-12,
3.1657474,34.6875,33.041668,2025-11-13,
3.1657474,34.6875,33.041668,2025-11-14,
3.1657474,34.6875,33.041668,2025-11-15,
3.1657474,34.6875,33.041668,2025-11-16,
3.1657474,34.6875,33.041668,2025-11-17,
3.1657474,34.6875,33.041668,2025-11-18,
3.1657474,34.6875,33.041668,2025-11-19,
3.1657474,34.6875,33.041668,2025-11-20,
3.1657474,34.6875,33.041668,2025-11-21,
3.1657474,34.6875,33.041668,2025-11-22,
3.1657474,34.6875,33.041668,2025-11-23,
3.1657474,34.6875,33.041668,2025-11-24,
3.1657474,34.6875,33.041668,2025-11-25,
3.1657474,34.6875,33.041668,2025-11-26,
3.1657474,34.6875,33.041668,2025-11-27,
3.1657474,34.6875,33.041668,2025-11-28,
3.1657474,34.6875,33.041668,2025-11-29,
3.1657474,34.6875,33.041668,2025-11-30,
3.1657474,34.6875,33.041668,2025-12-01,
3.1657474,34.6875,33.041668,2025-12-02,
3.1657474,34.6875,33.041668,2025-12-03,
3.1657474,34.6875,33.041668,2025-12-04,
3.1657474,34.6875,33.041668,2025-12-05,
3.1657474,34.6875,33.041668,2025-12-06,
3.1657474,34.6875,33.041668,2025-12-07,
3.1657474,34.6875,33.083332,2025-11-07,
3.1657474,34.6875,33.083332,2025-11-08,
3.1657474,34.6875,33.083332,2025-11-09,
3.1657474,34.6875,33.083332,2025-11-10,
3.1657474,34.6875,33.083332,2025-11-11,
3.1657474,34.6875,33.083332,2025-11-12,
3.1657474,34.6875,33.083332,2025-11-13,
3.1657474,34.6875,33.083332,2025-11-14,
3.1657474,34.6875,33.083332,2025-11-15,
3.1657474,34.6875,33.083332,2025-11-16,
3.1657474,34.6875,33.083332,2025-11-17,
3.1657474,34.6875,33.083332,2025-11-18,
3.1657474,34.6875,33.083332,2025-11-19,
3.1657474,34.6875,33.083332,2025-11-20,
3.1657474,34.6875,33.083332,2025-11-21,
3.1657474,34.6875,33.083332,2025-11-22,
3.1657474,34.6875,33.083332,2025-11-23,
3.1657474,34.6875,33.083332,2025-11-24,
3.1657474,34.6875,33.083332,2025-11-25,
3.1657474,34.6875,33.083332,2025-11-26,
3.1657474,34.6875,33.083332,2025-11-27,
3.1657474,34.6875,33.083332,2025-11-28,
3.1657474,34.6875,33.083332,2025-11-29,
3.1657474,34.6875,33.083332,2025-11-30,
3.1657474,34.6875,33.083332,2025-12-01,
3.1657474,34.6875,33.083332,2025-12-02,
3.1657474,34.6875,33.083332,2025-12-03,
3.1657474,34.6875,33.083332,2025-12-04,
3.1657474,34.6875,33.083332,2025-12-05,
3.1657474,34.6875,33.083332,2025-12-06,
3.1657474,34.6875,33.083332,2025-12-07,
3.1657474,34.6875,33.125,2025-11-07,25.220488
3.1657474,34.6875,33.125,2025-11-08,25.1706
3.1657474,34.6875,33.125,2025-11-09,25.10599
3.1657474,34.6875,33.125,2025-11-10,25.019213
3.1657474,34.6875,33.125,2025-11-11,24.939661
3.1657474,34.6875,33.125,2025-11-12,24.807175
3.1657474,34.6875,33.125,2025-11-13,24.61435
3.1657474,34.6875,33.125,2025-11-14,24.428183
3.1657474,34.6875,33.125,2025-11-15,24.243828
3.1657474,34.6875,33.125,2025-11-16,24.120695
3.1657474,34.6875,33.125,2025-11-17,24.03128
3.1657474,34.6875,33.125,2025-11-18,23.919962
3.1657474,34.6875,33.125,2025-11-19,23.842855
3.1657474,34.6875,33.125,2025-11-20,23.787214
3.1657474,34.6875,33.125,2025-11-21,23.69817
3.1657474,34.6875,33.125,2025-11-22,23.575264
3.1657474,34.6875,33.125,2025-11-23,23.485102
3.1657474,34.6875,33.125,2025-11-24,23.507444
3.1657474,34.6875,33.125,2025-11-25,23.598326
3.1657474,34.6875,33.125,2025-11-26,23.58345
3.1657474,34.6875,33.125,2025-11-27,23.511293
3.1657474,34.6875,33.125,2025-11-28,23.428951
3.1657474,34.6875,33.125,2025-11-29,23.574577
3.1657474,34.6875,33.125,2025-11-30,23.733986
3.1657474,34.6875,33.125,2025-12-01,23.584766
3.1657474,34.6875,33.125,2025-12-02,23.430712
3.1657474,34.6875,33.125,2025-12-03,23.279566
3.1657474,34.6875,33.125,2025-12-04,23.079798
3.1657474,34.6875,33.125,2025-12-05,22.913261
3.1657474,34.6875,33.125,2025-12-06,22.770922
3.1657474,34.6875,33.125,2025-12-07,22.620827
3.1657474,34.6875,33.166668,2025-11-07,25.216846
3.1657474,34.6875,33.166668,2025-11-08,25.165033
3.1657474,34.6875,33.166668,2025-11-09,25.098637
3.1657474,34.6875,33.166668,2025-11-10,25.015097
3.1657474,34.6875,33.166668,2025-11-11,24.927208
3.1657474,34.6875,33.166668,2025-11-12,24.753721
3.1657474,34.6875,33.166668,2025-11-13,24.536783
3.1657474,34.6875,33.166668,2025-11-14,24.382982
3.1657474,34.6875,33.166668,2025-11-15,24.226719
3.1657474,34.6875,33.166668,2025-11-16,24.112417
3.1657474,34.6875,33.166668,2025-11-17,24.027554
3.1657474,34.6875,33.166668,2025-11-18,23.917477
3.1657474,34.6875,33.166668,2025-11-19,23.83473
3.1657474,34.6875,33.166668,2025-11-20,23.777153
3.1657474,34.6875,33.166668,2025-11-21,23.698986
3.1657474,34.6875,33.166668,2025-11-22,23.577425
3.1657474,34.6875,33.166668,2025-11-23,23.485178
3.1657474,34.6875,33.166668,2025-11-24,23.517252
3.1657474,34.6875,33.166668,2025-11-25,23.603483
3.1657474,34.6875,33.166668,2025-11-26,23.585579
3.1657474,34.6875,33.166668,2025-11-27,23.51061
3.1657474,34.6875,33.166668,2025-11-28,23.45817
3.1657474,34.6875,33.166668,2025-11-29,23.619455
3.1657474,34.6875,33.166668,2025-11-30,23.779318
3.1657474,34.6875,33.166668,2025-12-01,23.692223
3.1657474,34.6875,33.166668,2025-12-02,23.494387
3.1657474,34.6875,33.166668,2025-12-03,23.26229
3.1657474,34.6875,33.166668,2025-12-04,23.0162
3.1657474,34.6875,33.166668,2025-12-05,22.859419
3.1657474,34.6875,33.166668,2025-12-06,22.73672
3.1657474,34.6875,33.166668,2025-12-07,22.599144
3.1657474,34.729168,33.0,2025-11-07,
3.1657474,34.729168,33.0,2025-11-08,
3.1657474,34.729168,33.0,2025-11-09,
3.1657474,34.729168,33.0,2025-11-10,
3.1657474,34.729168,33.0,2025-11-11,
3.1657474,34.729168,33.0,2025-11-12,
3.1657474,34.729168,33.0,2025-11-13,
3.1657474,34.729168,33.0,2025-11-14,
3.1657474,34.729168,33.0,2025-11-15,
3.1657474,34.729168,33.0,2025-11-16,
3.1657474,34.729168,33.0,2025-11-17,
3.1657474,34.729168,33.0,2025-11-18,
3.1657474,34.729168,33.0,2025-11-19,
3.1657474,34.729168,33.0,2025-11-20,
3.1657474,34.729168,33.0,2025-11-21,
3.1657474,34.729168,33.0,2025-11-22,
3.1657474,34.729168,33.0,2025-11-23,
3.1657474,34.729168,33.0,2025-11-24,
3.1657474,34.729168,33.0,2025-11-25,
3.1657474,34.729168,33.0,2025-11-26,
3.1657474,34.729168,33.0,2025-11-27,
3.1657474,34.729168,33.0,2025-11-28,
3.1657474,34.729168,33.0,2025-11-29,
3.1657474,34.729168,33.0,2025-11-30,
3.1657474,34.729168,33.0,2025-12-01,
3.1657474,34.729168,33.0,2025-12-02,
3.1657474,34.729168,33.0,2025-12-03,
3.1657474,34.729168,33.0,2025-12-04,
3.1657474,34.729168,33.0,2025-12-05,
3.1657474,34.729168,33.0,2025-12-06,
3.1657474,34.729168,33.0,2025-12-07,
3.1657474,34.729168,33.041668,2025-11-07,
3.1657474,34.729168,33.041668,2025-11-08,
3.1657474,34.729168,33.041668,2025-11-09,
3.1657474,34.729168,33.041668,2025-11-10,
3.1657474,34.729168,33.041668,2025-11-11,
3.1657474,34.729168,33.041668,2025-11-12,
3.1657474,34.729168,33.041668,2025-11-13,
3.1657474,34.729168,33.041668,2025-11-14,
3.1657474,34.729168,33.041668,2025-11-15,
3.1657474,34.729168,33.041668,2025-11-16,
3.1657474,34.729168,33.041668,2025-11-17,
3.1657474,34.729168,33.041668,2025-11-18,
3.1657474,34.729168,33.041668,2025-11-19,
3.1657474,34.729168,33.041668,2025-11-20,
3.1657474,34.729168,33.041668,2025-11-21,
3.1657474,34.729168,33.041668,2025-11-22,
3.1657474,34.729168,33.041668,2025-11-23,
3.1657474,34.729168,33.041668,2025-11-24,
3.1657474,34.729168,33.041668,2025-11-25,
3.1657474,34.729168,33.041668,2025-11-26,
3.1657474,34.729168,33.041668,2025-11-27,
3.1657474,34.729168,33.041668,2025-11-28,
3.1657474,34.729168,33.041668,2025-11-29,
3.1657474,34.729168,33.041668,2025-11-30,
3.1657474,34.729168,33.041668,2025-12-01,
3.1657474,34.729168,33.041668,2025-12-02,
3.1657474,34.729168,33.041668,2025-12-03,
3.1657474,34.729168,33.041668,2025-12-04,
3.1657474,34.729168,33.041668,2025-12-05,
3.1657474,34.729168,33.041668,2025-12-06,
3.1657474,34.729168,33.041668,2025-12-07,
3.1657474,34.729168,33.083332,2025-11-07,
3.1657474,34.729168,33.083332,2025-11-08,
3.1657474,34.729168,33.083332,2025-11-09,
3.1657474,34.729168,33.083332,2025-11-10,
3.1657474,34.729168,33.083332,2025-11-11,
3.1657474,34.729168,33.083332,2025-11-12,
3.1657474,34.729168,33.083332,2025-11-13,
3.1657474,34.729168,33.083332,2025-11-14,
3.1657474,34.729168,33.083332,2025-11-15,
3.1657474,34.729168,33.083332,2025-11-16,
3.1657474,34.729168,33.083332,2025-11-17,
3.1657474,34.729168,33.083332,2025-11-18,
3.1657474,34.729168,33.083332,2025-11-19,
3.1657474,34.729168,33.083332,2025-11-20,
3.1657474,34.729168,33.083332,2025-11-21,
3.1657474,34.729168,33.083332,2025-11-22,
3.1657474,34.729168,33.083332,2025-11-23,
3.1657474,34.729168,33.083332,2025-11-24,
3.1657474,34.729168,33.083332,2025-11-25,
3.1657474,34.729168,33.083332,2025-11-26,
3.1657474,34.729168,33.083332,2025-11-27,
3.1657474,34.729168,33.083332,2025-11-28,
3.1657474,34.729168,33.083332,2025-11-29,
3.1657474,34.729168,33.083332,2025-11-30,
3.1657474,34.729168,33.083332,2025-12-01,
3.1657474,34.729168,33.083332,2025-12-02,
3.1657474,34.729168,33.083332,2025-12-03,
3.1657474,34.729168,33.083332,2025-12-04,
3.1657474,34.729168,33.083332,2025-12-05,
3.1657474,34.729168,33.083332,2025-12-06,
3.1657474,34.729168,33.083332,2025-12-07,
3.1657474,34.729168,33.125,2025-11-07,
3.1657474,34.729168,33.125,2025-11-08,
3.1657474,34.729168,33.125,2025-11-09,
3.1657474,34.729168,33.125,2025-11-10,
3.1657474,34.729168,33.125,2025-11-11,
3.1657474,34.729168,33.125,2025-11-12,
3.1657474,34.729168,33.125,2025-11-13,
3.1657474,34.729168,33.125,2025-11-14,
3.1657474,34.729168,33.125,2025-11-15,
3.1657474,34.729168,33.125,2025-11-16,
3.1657474,34.729168,33.125,2025-11-17,
3.1657474,34.729168,33.125,2025-11-18,
3.1657474,34.729168,33.125,2025-11-19,
3.1657474,34.729168,33.125,2025-11-20,
3.1657474,34.729168,33.125,2025-11-21,
3.1657474,34.729168,33.125,2025-11-22,
3.1657474,34.729168,33.125,2025-11-23,
3.1657474,34.729168,33.125,2025-11-24,
3.1657474,34.729168,33.125,2025-11-25,
3.1657474,34.729168,33.125,2025-11-26,
3.1657474,34.729168,33.125,2025-11-27,
3.1657474,34.729168,33.125,2025-11-28,
3.1657474,34.729168,33.125,2025-11-29,
3.1657474,34.729168,33.125,2025-11-30,
3.1657474,34.729168,33.125,2025-12-01,
3.1657474,34.729168,33.125,2025-12-02,
3.1657474,34.729168,33.125,2025-12-03,
3.1657474,34.729168,33.125,2025-12-04,
3.1657474,34.729168,33.125,2025-12-05,
3.1657474,34.729168,33.125,2025-12-06,
3.1657474,34.729168,33.125,2025-12-07,
3.1657474,34.729168,33.166668,2025-11-07,
3.1657474,34.729168,33.166668,2025-11-08,
3.1657474,34.729168,33.166668,2025-11-09,
3.1657474,34.729168,33.166668,2025-11-10,
3.1657474,34.729168,33.166668,2025-11-11,
3.1657474,34.729168,33.166668,2025-11-12,
3.1657474,34.729168,33.166668,2025-11-13,
3.1657474,34.729168,33.166668,2025-11-14,
3.1657474,34.729168,33.166668,2025-11-15,
3.1657474,34.729168,33.166668,2025-11-16,
3.1657474,34.729168,33.166668,2025-11-17,
3.1657474,34.729168,33.166668,2025-11-18,
3.1657474,34.729168,33.166668,2025-11-19,
3.1657474,34.729168,33.166668,2025-11-20,
3.1657474,34.729168,33.166668,2025-11-21,
3.1657474,34.729168,33.166668,2025-11-22,
3.1657474,34.729168,33.166668,2025-11-23,
3.1657474,34.729168,33.166668,2025-11-24,
3.1657474,34.729168,33.166668,2025-11-25,
3.1657474,34.729168,33.166668,2025-11-26,
3.1657474,34.729168,33.166668,2025-11-27,
3.1657474,34.729168,33.166668,2025-11-28,
3.1657474,34.729168,33.166668,2025-11-29,
3.1657474,34.729168,33.166668,2025-11-30,
3.1657474,34.729168,33.166668,2025-12-01,
3.1657474,34.729168,33.166668,2025-12-02,
3.1657474,34.729168,33.166668,2025-12-03,
3.1657474,34.729168,33.166668,2025-12-04,
3.1657474,34.729168,33.166668,2025-12-05,
3.1657474,34.729168,33.166668,2025-12-06,
3.1657474,34.729168,33.166668,2025-12-07,
3.1657474,34.770832,33.0,2025-11-07,
3.1657474,34.770832,33.0,2025-11-08,
3.1657474,34.770832,33.0,2025-11-09,
3.1657474,34.770832,33.0,2025-11-10,
3.1657474,34.770832,33.0,2025-11-11,
3.1657474,34.770832,33.0,2025-11-12,
3.1657474,34.770832,33.0,2025-11-13,
3.1657474,34.770832,33.0,2025-11-14,
3.1657474,34.770832,33.0,2025-11-15,
3.1657474,34.770832,33.0,2025-11-16,
3.1657474,34.770832,33.0,2025-11-17,
3.1657474,34.770832,33.0,2025-11-18,
3.1657474,34.770832,33.0,2025-11-19,
3.1657474,34.770832,33.0,2025-11-20,
3.1657474,34.770832,33.0,2025-11-21,
3.1657474,34.770832,33.0,2025-11-22,
3.1657474,34.770832,33.0,2025-11-23,
3.1657474,34.770832,33.0,2025-11-24,
3.1657474,34.770832,33.0,2025-11-25,
3.1657474,34.770832,33.0,2025-11-26,
3.1657474,34.770832,33.0,2025-11-27,
3.1657474,34.770832,33.0,2025-11-28,
3.1657474,34.770832,33.0,2025-11-29,
3.1657474,34.770832,33.0,2025-11-30,
3.1657474,34.770832,33.0,2025-12-01,
3.1657474,34.770832,33.0,2025-12-02,
3.1657474,34.770832,33.0,2025-12-03,
3.1657474,34.770832,33.0,2025-12-04,
3.1657474,34.770832,33.0,2025-12-05,
3.1657474,34.770832,33.0,2025-12-06,
3.1657474,34.770832,33.0,2025-12-07,
3.1657474,34.770832,33.041668,2025-11-07,
3.1657474,34.770832,33.041668,2025-11-08,
3.1657474,34.770832,33.041668,2025-11-09,
3.1657474,34.770832,33.041668,2025-11-10,
3.1657474,34.770832,33.041668,2025-11-11,
3.1657474,34.770832,33.041668,2025-11-12,
3.1657474,34.770832,33.041668,2025-11-13,
3.1657474,34.770832,33.041668,2025-11-14,
3.1657474,34.770832,33.041668,2025-11-15,
3.1657474,34.770832,33.041668,2025-11-16,
3.1657474,34.770832,33.041668,2025-11-17,
3.1657474,34.770832,33.041668,2025-11-18,
3.1657474,34.770832,33.041668,2025-11-19,
3.1657474,34.770832,33.041668,2025-11-20,
3.1657474,34.770832,33.041668,2025-11-21,
3.1657474,34.770832,33.041668,2025-11-22,
3.1657474,34.770832,33.041668,2025-11-23,
3.1657474,34.770832,33.041668,2025-11-24,
3.1657474,34.770832,33.041668,2025-11-25,
3.1657474,34.770832,33.041668,2025-11-26,
3.1657474,34.770832,33.041668,2025-11-27,
3.1657474,34.770832,33.041668,2025-11-28,
3.1657474,34.770832,33.041668,2025-11-29,
3.1657474,34.770832,33.041668,2025-11-30,
3.1657474,34.770832,33.041668,2025-12-01,
3.1657474,34.770832,33.041668,2025-12-02,
3.1657474,34.770832,33.041668,2025-12-03,
3.1657474,34.770832,33.041668,2025-12-04,
3.1657474,34.770832,33.041668,2025-12-05,
3.1657474,34.770832,33.041668,2025-12-06,
3.1657474,34.770832,33.041668,2025-12-07,
3.1657474,34.770832,33.083332,2025-11-07,
3.1657474,34.770832,33.083332,2025-11-08,
3.1657474,34.770832,33.083332,2025-11-09,
3.1657474,34.770832,33.083332,2025-11-10,
3.1657474,34.770832,33.083332,2025-11-11,
3.1657474,34.770832,33.083332,2025-11-12,
3.1657474,34.770832,33.083332,2025-11-13,
3.1657474,34.770832,33.083332,2025-11-14,
3.1657474,34.770832,33.083332,2025-11-15,
3.1657474,34.770832,33.083332,2025-11-16,
3.1657474,34.770832,33.083332,2025-11-17,
3.1657474,34.770832,33.083332,2025-11-18,
3.1657474,34.770832,33.083332,2025-11-19,
3.1657474,34.770832,33.083332,2025-11-20,
3.1657474,34.770832,33.083332,2025-11-21,
3.1657474,34.770832,33.083332,2025-11-22,
3.1657474,34.770832,33.083332,2025-11-23,
3.1657474,34.770832,33.083332,2025-11-24,
3.1657474,34.770832,33.083332,2025-11-25,
3.1657474,34.770832,33.083332,2025-11-26,
3.1657474,34.770832,33.083332,2025-11-27,
3.1657474,34.770832,33.083332,2025-11-28,
3.1657474,34.770832,33.083332,2025-11-29,
3.1657474,34.770832,33.083332,2025-11-30,
3.1657474,34.770832,33.083332,2025-12-01,
3.1657474,34.770832,33.083332,2025-12-02,
3.1657474,34.770832,33.083332,2025-12-03,
3.1657474,34.770832,33.083332,2025-12-04,
3.1657474,34.770832,33.083332,2025-12-05,
3.1657474,34.770832,33.083332,2025-12-06,
3.1657474,34.770832,33.083332,2025-12-07,
3.1657474,34.770832,33.125,2025-11-07,
3.1657474,34.770832,33.125,2025-11-08,
3.1657474,34.770832,33.125,2025-11-09,
3.1657474,34.770832,33.125,2025-11-10,
3.1657474,34.770832,33.125,2025-11-11,
3.1657474,34.770832,33.125,2025-11-12,
3.1657474,34.770832,33.125,2025-11-13,
3.1657474,34.770832,33.125,2025-11-14,
3.1657474,34.770832,33.125,2025-11-15,
3.1657474,34.770832,33.125,2025-11-16,
3.1657474,34.770832,33.125,2025-11-17,
3.1657474,34.770832,33.125,2025-11-18,
3.1657474,34.770832,33.125,2025-11-19,
3.1657474,34.770832,33.125,2025-11-20,
3.1657474,34.770832,33.125,2025-11-21,
3.1657474,34.770832,33.125,2025-11-22,
3.1657474,34.770832,33.125,2025-11-23,
3.1657474,34.770832,33.125,2025-11-24,
3.1657474,34.770832,33.125,2025-11-25,
3.1657474,34.770832,33.125,2025-11-26,
3.1657474,34.770832,33.125,2025-11-27,
3.1657474,34.770832,33.125,2025-11-28,
3.1657474,34.770832,33.125,2025-11-29,
3.1657474,34.770832,33.125,2025-11-30,
3.1657474,34.770832,33.125,2025-12-01,
3.1657474,34.770832,33.125,2025-12-02,
3.1657474,34.770832,33.125,2025-12-03,
3.1657474,34.770832,33.125,2025-12-04,
3.1657474,34.770832,33.125,2025-12-05,
3.1657474,34.770832,33.125,2025-12-06,
3.1657474,34.770832,33.125,2025-12-07,
3.1657474,34.770832,33.166668,2025-11-07,
3.1657474,34.770832,33.166668,2025-11-08,
3.1657474,34.770832,33.166668,2025-11-09,
3.1657474,34.770832,33.166668,2025-11-10,
3.1657474,34.770832,33.166668,2025-11-11,
3.1657474,34.770832,33.166668,2025-11-12,
3.1657474,34.770832,33.166668,2025-11-13,
3.1657474,34.770832,33.166668,2025-11-14,
3.1657474,34.770832,33.166668,2025-11-15,
3.1657474,34.770832,33.166668,2025-11-16,
3.1657474,34.770832,33.166668,2025-11-17,
3.1657474,34.770832,33.166668,2025-11-18,
3.1657474,34.770832,33.166668,2025-11-19,
3.1657474,34.770832,33.166668,2025-11-20,
3.1657474,34.770832,33.166668,2025-11-21,
3.1657474,34.770832,33.166668,2025-11-22,
3.1657474,34.770832,33.166668,2025-11-23,
3.1657474,34.770832,33.166668,2025-11-24,
3.1657474,34.770832,33.166668,2025-11-25,
3.1657474,34.770832,33.166668,2025-11-26,
3.1657474,34.770832,33.166668,2025-11-27,
3.1657474,34.770832,33.166668,2025-11-28,
3.1657474,34.770832,33.166668,2025-11-29,
3.1657474,34.770832,33.166668,2025-11-30,
3.1657474,34.770832,33.166668,2025-12-01,
3.1657474,34.770832,33.166668,2025-12-02,
3.1657474,34.770832,33.166668,2025-12-03,
3.1657474,34.770832,33.166668,2025-12-04,
3.1657474,34.770832,33.166668,2025-12-05,
3.1657474,34.770832,33.166668,2025-12-06,
3.1657474,34.770832,33.166668,2025-12-07,
