depth,latitude,longitude,time,chl
1.0182366,34.604168,33.0,2025-11-26,
1.0182366,34.604168,33.0,2025-11-27,
1.0182366,34.604168,33.0,2025-11-28,
1.0182366,34.604168,33.0,2025-11-29,
1.0182366,34.604168,33.0,2025-11-30,
1.0182366,34.604168,33.0,2025-12-01,
1.0182366,34.604168,33.0,2025-12-02,
1.0182366,34.604168,33.0,2025-12-03,
1.0182366,34.604168,33.0,2025-12-04,
1.0182366,34.604168,33.0,2025-12-05,
1.0182366,34.604168,33.0,2025-12-06,
1.0182366,34.604168,33.0,2025-12-07,
1.0182366,34.604168,33.0,2025-12-08,
1.0182366,34.604168,33.0,2025-12-09,
1.0182366,34.604168,33.0,2025-12-10,
1.0182366,34.604168,33.0,2025-12-11,
1.0182366,34.604168,33.0,2025-12-12,
1.0182366,34.604168,33.0,2025-12-13,
1.0182366,34.604168,33.0,2025-12-14,
1.0182366,34.604168,33.0,2025-12-15,
1.0182366,34.604168,33.0,2025-12-16,
1.0182366,34.604168,33.0,2025-12-17,
1.0182366,34.604168,33.0,2025-12-18,
1.0182366,34.604168,33.0,2025-12-19,
1.0182366,34.604168,33.0,2025-12-20,
1.0182366,34.604168,33.0,2025-12-21,
1.0182366,34.604168,33.0,2025-12-22,
1.0182366,34.604168,33.0,2025-12-23,
1.0182366,34.604168,33.0,2025-12-24,
1.0182366,34.604168,33.0,2025-12-25,
1.0182366,34.604168,33.0,2025-12-26,
1.0182366,34.604168,33.041668,2025-11-26,
1.0182366,34.604168,33.041668,2025-11-27,
1.0182366,34.604168,33.041668,2025-11-28,
1.0182366,34.604168,33.041668,2025-11-29,
1.0182366,34.604168,33.041668,2025-11-30,
1.0182366,34.604168,33.041668,2025-12-01,
1.0182366,34.604168,33.041668,2025-12-02,
1.0182366,34.604168,33.041668,2025-12-03,
1.0182366,34.604168,33.041668,2025-12-04,
1.0182366,34.604168,33.041668,2025-12-05,
1.0182366,34.604168,33.041668,2025-12-06,
1.0182366,34.604168,33.041668,2025-12-07,
1.0182366,34.604168,33.041668,2025-12-08,
1.0182366,34.604168,33.041668,2025-12-09,
1.0182366,34.604168,33.041668,2025-12-10,
1.0182366,34.604168,33.041668,2025-12-11,
1.0182366,34.604168,33.041668,2025-12-12,
1.0182366,34.604168,33.041668,2025-12-13,
1.0182366,34.604168,33.041668,2025-12-14,
1.0182366,34.604168,33.041668,2025-12-15,
1.0182366,34.604168,33.041668,2025-12-16,
1.0182366,34.604168,33.041668,2025-12-17,
1.0182366,34.604168,33.041668,2025-12-18,
1.0182366,34.604168,33.041668,2025-12-19,
1.0182366,34.604168,33.041668,2025-12-20,
1.0182366,34.604168,33.041668,2025-12-21,
1.0182366,34.604168,33.041668,2025-12-22,
1.0182366,34.604168,33.041668,2025-12-23,
1.0182366,34.604168,33.041668,2025-12-24,
1.0182366,34.604168,33.041668,2025-12-25,
1.0182366,34.604168,33.041668,2025-12-26,
1.0182366,34.604168,33.083332,2025-11-26,0.04399408
1.0182366,34.604168,33.083332,2025-11-27,0.044745788
1.0182366,34.604168,33.083332,2025-11-28,0.04509956
1.0182366,34.604168,33.083332,2025-11-29,0.046177868
1.0182366,34.604168,33.083332,2025-11-30,0.047974467
1.0182366,34.604168,33.083332,2025-12-01,0.048284054
1.0182366,34.604168,33.083332,2025-12-02,0.048756838
1.0182366,34.604168,33.083332,2025-12-03,0.049373616
1.0182366,34.604168,33.083332,2025-12-04,0.049113985
1.0182366,34.604168,33.083332,2025-12-05,0.048988633
1.0182366,34.604168,33.083332,2025-12-06,0.050613873
1.0182366,34.604168,33.083332,2025-12-07,0.051978167
1.0182366,34.604168,33.083332,2025-12-08,0.055291675
1.0182366,34.604168,33.083332,2025-12-09,0.056496926
1.0182366,34.604168,33.083332,2025-12-10,0.056392636
1.0182366,34.604168,33.083332,2025-12-11,0.056832906
1.0182366,34.604168,33.083332,2025-12-12,0.05769882
1.0182366,34.604168,33.083332,2025-12-13,0.058950543
1.0182366,34.604168,33.083332,2025-12-14,0.059293646
1.0182366,34.604168,33.083332,2025-12-15,0.05819316
1.0182366,34.604168,33.083332,2025-12-16,0.057908863
1.0182366,34.604168,33.083332,2025-12-17,0.05812863
1.0182366,34.604168,33.083332,2025-12-18,0.058928642
1.0182366,34.604168,33.083332,2025-12-19,0.060562756
1.0182366,34.604168,33.083332,2025-12-20,0.062826626
1.0182366,34.604168,33.083332,2025-12-21,0.063708924
1.0182366,34.604168,33.083332,2025-12-22,0.06401753
1.0182366,34.604168,33.083332,2025-12-23,0.064274326
1.0182366,34.604168,33.083332,2025-12-24,0.06470116
1.0182366,34.604168,33.083332,2025-12-25,0.065096565
1.0182366,34.604168,33.083332,2025-12-26,0.06505489
1.0182366,34.604168,33.125,2025-11-26,0.044260323
1.0182366,34.604168,33.125,2025-11-27,0.044764526
1.0182366,34.604168,33.125,2025-11-28,0.045111325
1.0182366,34.604168,33.125,2025-11-29,0.046206445
1.0182366,34.604168,33.125,2025-11-30,0.047921803
1.0182366,34.604168,33.125,2025-12-01,0.047568083
1.0182366,34.604168,33.125,2025-12-02,0.04692396
1.0182366,34.604168,33.125,2025-12-03,0.047794923
1.0182366,34.604168,33.125,2025-12-04,0.04797844
1.0182366,34.604168,33.125,2025-12-05,0.049016032
1.0182366,34.604168,33.125,2025-12-06,0.05090265
1.0182366,34.604168,33.125,2025-12-07,0.052248504
1.0182366,34.604168,33.125,2025-12-08,0.055234503
1.0182366,34.604168,33.125,2025-12-09,0.05539757
1.0182366,34.604168,33.125,2025-12-10,0.05582236
1.0182366,34.604168,33.125,2025-12-11,0.056993645
1.0182366,34.604168,33.125,2025-12-12,0.057993833
1.0182366,34.604168,33.125,2025-12-13,0.059277948
1.0182366,34.604168,33.125,2025-12-14,0.059500095
1.0182366,34.604168,33.125,2025-12-15,0.05751319
1.0182366,34.604168,33.125,2025-12-16,0.056610253
1.0182366,34.604168,33.125,2025-12-17,0.057673153
1.0182366,34.604168,33.125,2025-12-18,0.058888208
1.0182366,34.604168,33.125,2025-12-19,0.06059062
1.0182366,34.604168,33.125,2025-12-20,0.0629543
1.0182366,34.604168,33.125,2025-12-21,0.06380324
1.0182366,34.604168,33.125,2025-12-22,0.064081855
1.0182366,34.604168,33.125,2025-12-23,0.06428453
1.0182366,34.604168,33.125,2025-12-24,0.06470019
1.0182366,34.604168,33.125,2025-12-25,0.06519464
1.0182366,34.604168,33.125,2025-12-26,0.06518319
1.0182366,34.604168,33.166668,2025-11-26,0.04469813
1.0182366,34.604168,33.166668,2025-11-27,0.04494453
1.0182366,34.604168,33.166668,2025-11-28,0.045405094
1.0182366,34.604168,33.166668,2025-11-29,0.046432987
1.0182366,34.604168,33.166668,2025-11-30,0.047913525
1.0182366,34.604168,33.166668,2025-12-01,0.046768103
1.0182366,34.604168,33.166668,2025-12-02,0.044549804
1.0182366,34.604168,33.166668,2025-12-03,0.04563923
1.0182366,34.604168,33.166668,2025-12-04,0.046810385
1.0182366,34.604168,33.166668,2025-12-05,0.049398545
1.0182366,34.604168,33.166668,2025-12-06,0.05149304
1.0182366,34.604168,33.166668,2025-12-07,0.052645687
1.0182366,34.604168,33.166668,2025-12-08,0.055105228
1.0182366,34.604168,33.166668,2025-12-09,0.054273494
1.0182366,34.604168,33.166668,2025-12-10,0.055399984
1.0182366,34.604168,33.166668,2025-12-11,0.057249483
1.0182366,34.604168,33.166668,2025-12-12,0.05828842
1.0182366,34.604168,33.166668,2025-12-13,0.05949445
1.0182366,34.604168,33.166668,2025-12-14,0.059472606
1.0182366,34.604168,33.166668,2025-12-15,0.05627283
1.0182366,34.604168,33.166668,2025-12-16,0.055205483
1.0182366,34.604168,33.166668,2025-12-17,0.05741231
1.0182366,34.604168,33.166668,2025-12-18,0.058987822
1.0182366,34.604168,33.166668,2025-12-19,0.060648263
1.0182366,34.604168,33.166668,2025-12-20,0.06307397
1.0182366,34.604168,33.166668,2025-12-21,0.0639088
1.0182366,34.604168,33.166668,2025-12-22,0.064157404
1.0182366,34.604168,33.166668,2025-12-23,0.06431848
1.0182366,34.604168,33.166668,2025-12-24,0.06471808
1.0182366,34.604168,33.166668,2025-12-25,0.06529148
1.0182366,34.604168,33.166668,2025-12-26,0.06541107
1.0182366,34.645832,33.0,2025-11-26,
1.0182366,34.645832,33.0,2025-11-27,
1.0182366,34.645832,33.0,2025-11-28,
1.0182366,34.645832,33.0,2025-11-29,
1.0182366,34.645832,33.0,2025-11-30,
1.0182366,34.645832,33.0,2025-12-01,
1.0182366,34.645832,33.0,2025-12-02,
1.0182366,34.645832,33.0,2025-12-03,
1.0182366,34.645832,33.0,2025-12-04,
1.0182366,34.645832,33.0,2025-12-05,
1.0182366,34.645832,33.0,2025-12-06,
1.0182366,34.645832,33.0,2025-12-07,
1.0182366,34.645832,33.0,2025-12-08,
1.0182366,34.645832,33.0,2025-12-09,
1.0182366,34.645832,33.0,2025-12-10,
1.0182366,34.645832,33.0,2025-12-11,
1.0182366,34.645832,33.0,2025-12-12,
1.0182366,34.645832,33.0,2025-12-13,
1.0182366,34.645832,33.0,2025-12-14,
1.0182366,34.645832,33.0,2025-12-15,
1.0182366,34.645832,33.0,2025-12-16,
1.0182366,34.645832,33.0,2025-12-17,
1.0182366,34.645832,33.0,2025-12-18,
1.0182366,34.645832,33.0,2025-12-19,
1.0182366,34.645832,33.0,2025-12-20,
1.0182366,34.645832,33.0,2025-12-21,
1.0182366,34.645832,33.0,2025-12-22,
1.0182366,34.645832,33.0,2025-12-23,
1.0182366,34.645832,33.0,2025-12-24,
1.0182366,34.645832,33.0,2025-12-25,
1.0182366,34.645832,33.0,2025-12-26,
1.0182366,34.645832,33.041668,2025-11-26,
1.0182366,34.645832,33.041668,2025-11-27,
1.0182366,34.645832,33.041668,2025-11-28,
1.0182366,34.645832,33.041668,2025-11-29,
1.0182366,34.645832,33.041668,2025-11-30,
1.0182366,34.645832,33.041668,2025-12-01,
1.0182366,34.645832,33.041668,2025-12-02,
1.0182366,34.645832,33.041668,2025-12-03,
1.0182366,34.645832,33.041668,2025-12-04,
1.0182366,34.645832,33.041668,2025-12-05,
1.0182366,34.645832,33.041668,2025-12-06,
1.0182366,34.645832,33.041668,2025-12-07,
1.0182366,34.645832,33.041668,2025-12-08,
1.0182366,34.645832,33.041668,2025-12-09,
1.0182366,34.645832,33.041668,2025-12-10,
1.0182366,34.645832,33.041668,2025-12-11,
1.0182366,34.645832,33.041668,2025-12-12,
1.0182366,34.645832,33.041668,2025-12-13,
1.0182366,34.645832,33.041668,2025-12-14,
1.0182366,34.645832,33.041668,2025-12-15,
1.0182366,34.645832,33.041668,2025-12-16,
1.0182366,34.645832,33.041668,2025-12-17,
1.0182366,34.645832,33.041668,2025-12-18,
1.0182366,34.645832,33.041668,2025-12-19,
1.0182366,34.645832,33.041668,2025-12-20,
1.0182366,34.645832,33.041668,2025-12-21,
1.0182366,34.645832,33.041668,2025-12-22,
1.0182366,34.645832,33.041668,2025-12-23,
1.0182366,34.645832,33.041668,2025-12-24,
1.0182366,34.645832,33.041668,2025-12-25,
1.0182366,34.645832,33.041668,2025-12-26,
1.0182366,34.645832,33.083332,2025-11-26,0.043930788
1.0182366,34.645832,33.083332,2025-11-27,0.044758536
1.0182366,34.645832,33.083332,2025-11-28,0.045331623
1.0182366,34.645832,33.083332,2025-11-29,0.04604714
1.0182366,34.645832,33.083332,2025-11-30,0.047475573
1.0182366,34.645832,33.083332,2025-12-01,0.04926532
1.0182366,34.645832,33.083332,2025-12-02,0.050686724
1.0182366,34.645832,33.083332,2025-12-03,0.050076555
1.0182366,34.645832,33.083332,2025-12-04,0.049142715
1.0182366,34.645832,33.083332,2025-12-05,0.048987854
1.0182366,34.645832,33.083332,2025-12-06,0.05059191
1.0182366,34.645832,33.083332,2025-12-07,0.051542707
1.0182366,34.645832,33.083332,2025-12-08,0.05610434
1.0182366,34.645832,33.083332,2025-12-09,0.05921136
1.0182366,34.645832,33.083332,2025-12-10,0.05795385
1.0182366,34.645832,33.083332,2025-12-11,0.057462584
1.0182366,34.645832,33.083332,2025-12-12,0.057580695
1.0182366,34.645832,33.083332,2025-12-13,0.05826119
1.0182366,34.645832,33.083332,2025-12-14,0.058470417
1.0182366,34.645832,33.083332,2025-12-15,0.05839371
1.0182366,34.645832,33.083332,2025-12-16,0.05897508
1.0182366,34.645832,33.083332,2025-12-17,0.058872934
1.0182366,34.645832,33.083332,2025-12-18,0.059338048
1.0182366,34.645832,33.083332,2025-12-19,0.06046972
1.0182366,34.645832,33.083332,2025-12-20,0.062136695
1.0182366,34.645832,33.083332,2025-12-21,0.0632208
1.0182366,34.645832,33.083332,2025-12-22,0.06376795
1.0182366,34.645832,33.083332,2025-12-23,0.06409553
1.0182366,34.645832,33.083332,2025-12-24,0.064506665
1.0182366,34.645832,33.083332,2025-12-25,0.06498697
1.0182366,34.645832,33.083332,2025-12-26,0.06531328
1.0182366,34.645832,33.125,2025-11-26,0.04418754
1.0182366,34.645832,33.125,2025-11-27,0.04481541
1.0182366,34.645832,33.125,2025-11-28,0.045318265
1.0182366,34.645832,33.125,2025-11-29,0.046111166
1.0182366,34.645832,33.125,2025-11-30,0.04742907
1.0182366,34.645832,33.125,2025-12-01,0.048675
1.0182366,34.645832,33.125,2025-12-02,0.049094502
1.0182366,34.645832,33.125,2025-12-03,0.048566245
1.0182366,34.645832,33.125,2025-12-04,0.048017804
1.0182366,34.645832,33.125,2025-12-05,0.04862831
1.0182366,34.645832,33.125,2025-12-06,0.050280526
1.0182366,34.645832,33.125,2025-12-07,0.051494002
1.0182366,34.645832,33.125,2025-12-08,0.055994295
1.0182366,34.645832,33.125,2025-12-09,0.058484223
1.0182366,34.645832,33.125,2025-12-10,0.057672128
1.0182366,34.645832,33.125,2025-12-11,0.057563033
1.0182366,34.645832,33.125,2025-12-12,0.057795983
1.0182366,34.645832,33.125,2025-12-13,0.05848791
1.0182366,34.645832,33.125,2025-12-14,0.058641724
1.0182366,34.645832,33.125,2025-12-15,0.05791265
1.0182366,34.645832,33.125,2025-12-16,0.05779335
1.0182366,34.645832,33.125,2025-12-17,0.05836723
1.0182366,34.645832,33.125,2025-12-18,0.05915452
1.0182366,34.645832,33.125,2025-12-19,0.06037782
1.0182366,34.645832,33.125,2025-12-20,0.0620956
1.0182366,34.645832,33.125,2025-12-21,0.063139595
1.0182366,34.645832,33.125,2025-12-22,0.063694395
1.0182366,34.645832,33.125,2025-12-23,0.06402032
1.0182366,34.645832,33.125,2025-12-24,0.064407445
1.0182366,34.645832,33.125,2025-12-25,0.06493102
1.0182366,34.645832,33.125,2025-12-26,0.06530334
1.0182366,34.645832,33.166668,2025-11-26,0.04449958
1.0182366,34.645832,33.166668,2025-11-27,0.044940084
1.0182366,34.645832,33.166668,2025-11-28,0.045439184
1.0182366,34.645832,33.166668,2025-11-29,0.046259936
1.0182366,34.645832,33.166668,2025-11-30,0.047448255
1.0182366,34.645832,33.166668,2025-12-01,0.047962647
1.0182366,34.645832,33.166668,2025-12-02,0.0470121
1.0182366,34.645832,33.166668,2025-12-03,0.046625007
1.0182366,34.645832,33.166668,2025-12-04,0.04692694
1.0182366,34.645832,33.166668,2025-12-05,0.04864432
1.0182366,34.645832,33.166668,2025-12-06,0.05050668
1.0182366,34.645832,33.166668,2025-12-07,0.051734
1.0182366,34.645832,33.166668,2025-12-08,0.055930085
1.0182366,34.645832,33.166668,2025-12-09,0.057483684
1.0182366,34.645832,33.166668,2025-12-10,0.05704965
1.0182366,34.645832,33.166668,2025-12-11,0.057545334
1.0182366,34.645832,33.166668,2025-12-12,0.057992835
1.0182366,34.645832,33.166668,2025-12-13,0.05873885
1.0182366,34.645832,33.166668,2025-12-14,0.058804013
1.0182366,34.645832,33.166668,2025-12-15,0.05704088
1.0182366,34.645832,33.166668,2025-12-16,0.056430567
1.0182366,34.645832,33.166668,2025-12-17,0.057975188
1.0182366,34.645832,33.166668,2025-12-18,0.059144422
1.0182366,34.645832,33.166668,2025-12-19,0.060429193
1.0182366,34.645832,33.166668,2025-12-20,0.062224858
1.0182366,34.645832,33.166668,2025-12-21,0.0632365
1.0182366,34.645832,33.166668,2025-12-22,0.0637577
1.0182366,34.645832,33.166668,2025-12-23,0.06403558
1.0182366,34.645832,33.166668,2025-12-24,0.0643883
1.0182366,34.645832,33.166668,2025-12-25,0.06494219
1.0182366,34.645832,33.166668,2025-12-26,0.065384425
1.0182366,34.6875,33.0,2025-11-26,
1.0182366,34.6875,33.0,2025-11-27,
1.0182366,34.6875,33.0,2025-11-28,
1.0182366,34.6875,33.0,2025-11-29,
1.0182366,34.6875,33.0,2025-11-30,
1.0182366,34.6875,33.0,2025-12-01,
1.0182366,34.6875,33.0,2025-12-02,
1.0182366,34.6875,33.0,2025-12-03,
1.0182366,34.6875,33.0,2025-12-04,
1.0182366,34.6875,33.0,2025-12-05,
1.0182366,34.6875,33.0,2025-12-06,
1.0182366,34.6875,33.0,2025-12-07,
1.0182366,34.6875,33.0,2025-12-08,
1.0182366,34.6875,33.0,2025-12-09,
1.0182366,34.6875,33.0,2025-12-10,
1.0182366,34.6875,33.0,2025-12-11,
1.0182366,34.6875,33.0,2025-12-12,
1.0182366,34.6875,33.0,2025-12-13,
1.0182366,34.6875,33.0,2025-12-14,
1.0182366,34.6875,33.0,2025-12-15,
1.0182366,34.6875,33.0,2025-12-16,
1.0182366,34.6875,33.0,2025-12-17,
1.0182366,34.6875,33.0,2025-12-18,
1.0182366,34.6875,33.0,2025-12-19,
1.0182366,34.6875,33.0,2025-12-20,
1.0182366,34.6875,33.0,2025-12-21,
1.0182366,34.6875,33.0,2025-12-22,
1.0182366,34.6875,33.0,2025-12-23,
1.0182366,34.6875,33.0,2025-12-24,
1.0182366,34.6875,33.0,2025-12-25,
1.0182366,34.6875,33.0,2025-12-26,
1.0182366,34.6875,33.041668,2025-11-26,
1.0182366,34.6875,33.041668,2025-11-27,
1.0182366,34.6875,33.041668,2025-11-28,
1.0182366,34.6875,33.041668,2025-11-29,
1.0182366,34.6875,33.041668,2025-11-30,
1.0182366,34.6875,33.041668,2025-12-01,
1.0182366,34.6875,33.041668,2025-12-02,
1.0182366,34.6875,33.041668,2025-12-03,
1.0182366,34.6875,33.041668,2025-12-04,
1.0182366,34.6875,33.041668,2025-12-05,
1.0182366,34.6875,33.041668,2025-12-06,
1.0182366,34.6875,33.041668,2025-12-07,
1.0182366,34.6875,33.041668,2025-12-08,
1.0182366,34.6875,33.041668,2025-12-09,
1.0182366,34.6875,33.041668,2025-12-10,
1.0182366,34.6875,33.041668,2025-12-11,
1.0182366,34.6875,33.041668,2025-12-12,
1.0182366,34.6875,33.041668,2025-12-13,
1.0182366,34.6875,33.041668,2025-12-14,
1.0182366,34.6875,33.041668,2025-12-15,
1.0182366,34.6875,33.041668,2025-12-16,
1.0182366,34.6875,33.041668,2025-12-17,
1.0182366,34.6875,33.041668,2025-12-18,
1.0182366,34.6875,33.041668,2025-12-19,
1.0182366,34.6875,33.041668,2025-12-20,
1.0182366,34.6875,33.041668,2025-12-21,
1.0182366,34.6875,33.041668,2025-12-22,
1.0182366,34.6875,33.041668,2025-12-23,
1.0182366,34.6875,33.041668,2025-12-24,
1.0182366,34.6875,33.041668,2025-12-25,
1.0182366,34.6875,33.041668,2025-12-26,
1.0182366,34.6875,33.083332,2025-11-26,
1.0182366,34.6875,33.083332,2025-11-27,
1.0182366,34.6875,33.083332,2025-11-28,
1.0182366,34.6875,33.083332,2025-11-29,
1.0182366,34.6875,33.083332,2025-11-30,
1.0182366,34.6875,33.083332,2025-12-01,
1.0182366,34.6875,33.083332,2025-12-02,
1.0182366,34.6875,33.083332,2025-12-03,
1.0182366,34.6875,33.083332,2025-12-04,
1.0182366,34.6875,33.083332,2025-12-05,
1.0182366,34.6875,33.083332,2025-12-06,
1.0182366,34.6875,33.083332,2025-12-07,
1.0182366,34.6875,33.083332,2025-12-08,
1.0182366,34.6875,33.083332,2025-12-09,
1.0182366,34.6875,33.083332,2025-12-10,
1.0182366,34.6875,33.083332,2025-12-11,
1.0182366,34.6875,33.083332,2025-12-12,
1.0182366,34.6875,33.083332,2025-12-13,
1.0182366,34.6875,33.083332,2025-12-14,
1.0182366,34.6875,33.083332,2025-12-15,
1.0182366,34.6875,33.083332,2025-12-16,
1.0182366,34.6875,33.083332,2025-12-17,
1.0182366,34.6875,33.083332,2025-12-18,
1.0182366,34.6875,33.083332,2025-12-19,
1.0182366,34.6875,33.083332,2025-12-20,
1.0182366,34.6875,33.083332,2025-12-21,
1.0182366,34.6875,33.083332,2025-12-22,
1.0182366,34.6875,33.083332,2025-12-23,
1.0182366,34.6875,33.083332,2025-12-24,
1.0182366,34.6875,33.083332,2025-12-25,
1.0182366,34.6875,33.083332,2025-12-26,
1.0182366,34.6875,33.125,2025-11-26,0.044530906
1.0182366,34.6875,33.125,2025-11-27,0.044887073
1.0182366,34.6875,33.125,2025-11-28,0.045505345
1.0182366,34.6875,33.125,2025-11-29,0.0462464
1.0182366,34.6875,33.125,2025-11-30,0.04710755
1.0182366,34.6875,33.125,2025-12-01,0.048698526
1.0182366,34.6875,33.125,2025-12-02,0.04996077
1.0182366,34.6875,33.125,2025-12-03,0.04896449
1.0182366,34.6875,33.125,2025-12-04,0.047876995
1.0182366,34.6875,33.125,2025-12-05,0.047949392
1.0182366,34.6875,33.125,2025-12-06,0.049135897
1.0182366,34.6875,33.125,2025-12-07,0.050590992
1.0182366,34.6875,33.125,2025-12-08,0.05549434
1.0182366,34.6875,33.125,2025-12-09,0.05990237
1.0182366,34.6875,33.125,2025-12-10,0.059192
1.0182366,34.6875,33.125,2025-12-11,0.058172267
1.0182366,34.6875,33.125,2025-12-12,0.05792596
1.0182366,34.6875,33.125,2025-12-13,0.0582037
1.0182366,34.6875,33.125,2025-12-14,0.058233723
1.0182366,34.6875,33.125,2025-12-15,0.058189113
1.0182366,34.6875,33.125,2025-12-16,0.058296774
1.0182366,34.6875,33.125,2025-12-17,0.0585522
1.0182366,34.6875,33.125,2025-12-18,0.059117474
1.0182366,34.6875,33.125,2025-12-19,0.06009054
1.0182366,34.6875,33.125,2025-12-20,0.06138664
1.0182366,34.6875,33.125,2025-12-21,0.062420625
1.0182366,34.6875,33.125,2025-12-22,0.06319078
1.0182366,34.6875,33.125,2025-12-23,0.063651666
1.0182366,34.6875,33.125,2025-12-24,0.06405495
1.0182366,34.6875,33.125,2025-12-25,0.06455284
1.0182366,34.6875,33.125,2025-12-26,0.0651717
1.0182366,34.6875,33.166668,2025-11-26,0.044674817
1.0182366,34.6875,33.166668,2025-11-27,0.044935077
1.0182366,34.6875,33.166668,2025-11-28,0.04552885
1.0182366,34.6875,33.166668,2025-11-29,0.046306852
1.0182366,34.6875,33.166668,2025-11-30,0.047150057
1.0182366,34.6875,33.166668,2025-12-01,0.048319813
1.0182366,34.6875,33.166668,2025-12-02,0.04878048
1.0182366,34.6875,33.166668,2025-12-03,0.04769035
1.0182366,34.6875,33.166668,2025-12-04,0.047133647
1.0182366,34.6875,33.166668,2025-12-05,0.0479094
1.0182366,34.6875,33.166668,2025-12-06,0.049329557
1.0182366,34.6875,33.166668,2025-12-07,0.050765537
1.0182366,34.6875,33.166668,2025-12-08,0.055532966
1.0182366,34.6875,33.166668,2025-12-09,0.05936892
1.0182366,34.6875,33.166668,2025-12-10,0.058649298
1.0182366,34.6875,33.166668,2025-12-11,0.05803332
1.0182366,34.6875,33.166668,2025-12-12,0.058007542
1.0182366,34.6875,33.166668,2025-12-13,0.058360603
1.0182366,34.6875,33.166668,2025-12-14,0.05835867
1.0182366,34.6875,33.166668,2025-12-15,0.05771064
1.0182366,34.6875,33.166668,2025-12-16,0.057593044
1.0182366,34.6875,33.166668,2025-12-17,0.058409758
1.0182366,34.6875,33.166668,2025-12-18,0.059204716
1.0182366,34.6875,33.166668,2025-12-19,0.060218036
1.0182366,34.6875,33.166668,2025-12-20,0.061552156
1.0182366,34.6875,33.166668,2025-12-21,0.06255863
1.0182366,34.6875,33.166668,2025-12-22,0.06328797
1.0182366,34.6875,33.166668,2025-12-23,0.06369645
1.0182366,34.6875,33.166668,2025-12-24,0.0640679
1.0182366,34.6875,33.166668,2025-12-25,0.06456806
1.0182366,34.6875,33.166668,2025-12-26,0.06522654
1.0182366,34.729168,33.0,2025-11-26,
1.0182366,34.729168,33.0,2025-11-27,
1.0182366,34.729168,33.0,2025-11-28,
1.0182366,34.729168,33.0,2025-11-29,
1.0182366,34.729168,33.0,2025-11-30,
1.0182366,34.729168,33.0,2025-12-01,
1.0182366,34.729168,33.0,2025-12-02,
1.0182366,34.729168,33.0,2025-12-03,
1.0182366,34.729168,33.0,2025-12-04,
1.0182366,34.729168,33.0,2025-12-05,
1.0182366,34.729168,33.0,2025-12-06,
1.0182366,34.729168,33.0,2025-12-07,
1.0182366,34.729168,33.0,2025-12-08,
1.0182366,34.729168,33.0,2025-12-09,
1.0182366,34.729168,33.0,2025-12-10,
1.0182366,34.729168,33.0,2025-12-11,
1.0182366,34.729168,33.0,2025-12-12,
1.0182366,34.729168,33.0,2025-12-13,
1.0182366,34.729168,33.0,2025-12-14,
1.0182366,34.729168,33.0,2025-12-15,
1.0182366,34.729168,33.0,2025-12-16,
1.0182366,34.729168,33.0,2025-12-17,
1.0182366,34.729168,33.0,2025-12-18,
1.0182366,34.729168,33.0,2025-12-19,
1.0182366,34.729168,33.0,2025-12-20,
1.0182366,34.729168,33.0,2025-12-21,
1.0182366,34.729168,33.0,2025-12-22,
1.0182366,34.729168,33.0,2025-12-23,
1.0182366,34.729168,33.0,2025-12-24,
1.0182366,34.729168,33.0,2025-12-25,
1.0182366,34.729168,33.0,2025-12-26,
1.0182366,34.729168,33.041668,2025-11-26,
1.0182366,34.729168,33.041668,2025-11-27,
1.0182366,34.729168,33.041668,2025-11-28,
1.0182366,34.729168,33.041668,2025-11-29,
1.0182366,34.729168,33.041668,2025-11-30,
1.0182366,34.729168,33.041668,2025-12-01,
1.0182366,34.729168,33.041668,2025-12-02,
1.0182366,34.729168,33.041668,2025-12-03,
1.0182366,34.729168,33.041668,2025-12-04,
1.0182366,34.729168,33.041668,2025-12-05,
1.0182366,34.729168,33.041668,2025-12-06,
1.0182366,34.729168,33.041668,2025-12-07,
1.0182366,34.729168,33.041668,2025-12-08,
1.0182366,34.729168,33.041668,2025-12-09,
1.0182366,34.729168,33.041668,2025-12-10,
1.0182366,34.729168,33.041668,2025-12-11,
1.0182366,34.729168,33.041668,2025-12-12,
1.0182366,34.729168,33.041668,2025-12-13,
1.0182366,34.729168,33.041668,2025-12-14,
1.0182366,34.729168,33.041668,2025-12-15,
1.0182366,34.729168,33.041668,2025-12-16,
1.0182366,34.729168,33.041668,2025-12-17,
1.0182366,34.729168,33.041668,2025-12-18,
1.0182366,34.729168,33.041668,2025-12-19,
1.0182366,34.729168,33.041668,2025-12-20,
1.0182366,34.729168,33.041668,2025-12-21,
1.0182366,34.729168,33.041668,2025-12-22,
1.0182366,34.729168,33.041668,2025-12-23,
1.0182366,34.729168,33.041668,2025-12-24,
1.0182366,34.729168,33.041668,2025-12-25,
1.0182366,34.729168,33.041668,2025-12-26,
1.0182366,34.729168,33.083332,2025-11-26,
1.0182366,34.729168,33.083332,2025-11-27,
1.0182366,34.729168,33.083332,2025-11-28,
1.0182366,34.729168,33.083332,2025-11-29,
1.0182366,34.729168,33.083332,2025-11-30,
1.0182366,34.729168,33.083332,2025-12-01,
1.0182366,34.729168,33.083332,2025-12-02,
1.0182366,34.729168,33.083332,2025-12-03,
1.0182366,34.729168,33.083332,2025-12-04,
1.0182366,34.729168,33.083332,2025-12-05,
1.0182366,34.729168,33.083332,2025-12-06,
1.0182366,34.729168,33.083332,2025-12-07,
1.0182366,34.729168,33.083332,2025-12-08,
1.0182366,34.729168,33.083332,2025-12-09,
1.0182366,34.729168,33.083332,2025-12-10,
1.0182366,34.729168,33.083332,2025-12-11,
1.0182366,34.729168,33.083332,2025-12-12,
1.0182366,34.729168,33.083332,2025-12-13,
1.0182366,34.729168,33.083332,2025-12-14,
1.0182366,34.729168,33.083332,2025-12-15,
1.0182366,34.729168,33.083332,2025-12-16,
1.0182366,34.729168,33.083332,2025-12-17,
1.0182366,34.729168,33.083332,2025-12-18,
1.0182366,34.729168,33.083332,2025-12-19,
1.0182366,34.729168,33.083332,2025-12-20,
1.0182366,34.729168,33.083332,2025-12-21,
1.0182366,34.729168,33.083332,2025-12-22,
1.0182366,34.729168,33.083332,2025-12-23,
1.0182366,34.729168,33.083332,2025-12-24,
1.0182366,34.729168,33.083332,2025-12-25,
1.0182366,34.729168,33.083332,2025-12-26,
1.0182366,34.729168,33.125,2025-11-26,
1.0182366,34.729168,33.125,2025-11-27,
1.0182366,34.729168,33.125,2025-11-28,
1.0182366,34.729168,33.125,2025-11-29,
1.0182366,34.729168,33.125,2025-11-30,
1.0182366,34.729168,33.125,2025-12-01,
1.0182366,34.729168,33.125,2025-12-02,
1.0182366,34.729168,33.125,2025-12-03,
1.0182366,34.729168,33.125,2025-12-04,
1.0182366,34.729168,33.125,2025-12-05,
1.0182366,34.729168,33.125,2025-12-06,
1.0182366,34.729168,33.125,2025-12-07,
1.0182366,34.729168,33.125,2025-12-08,
1.0182366,34.729168,33.125,2025-12-09,
1.0182366,34.729168,33.125,2025-12-10,
1.0182366,34.729168,33.125,2025-12-11,
1.0182366,34.729168,33.125,2025-12-12,
1.0182366,34.729168,33.125,2025-12-13,
1.0182366,34.729168,33.125,2025-12-14,
1.0182366,34.729168,33.125,2025-12-15,
1.0182366,34.729168,33.125,2025-12-16,
1.0182366,34.729168,33.125,2025-12-17,
1.0182366,34.729168,33.125,2025-12-18,
1.0182366,34.729168,33.125,2025-12-19,
1.0182366,34.729168,33.125,2025-12-20,
1.0182366,34.729168,33.125,2025-12-21,
1.0182366,34.729168,33.125,2025-12-22,
1.0182366,34.729168,33.125,2025-12-23,
1.0182366,34.729168,33.125,2025-12-24,
1.0182366,34.729168,33.125,2025-12-25,
1.0182366,34.729168,33.125,2025-12-26,
1.0182366,34.729168,33.166668,2025-11-26,
1.0182366,34.729168,33.166668,2025-11-27,
1.0182366,34.729168,33.166668,2025-11-28,
1.0182366,34.729168,33.166668,2025-11-29,
1.0182366,34.729168,33.166668,2025-11-30,
1.0182366,34.729168,33.166668,2025-12-01,
1.0182366,34.729168,33.166668,2025-12-02,
1.0182366,34.729168,33.166668,2025-12-03,
1.0182366,34.729168,33.166668,2025-12-04,
1.0182366,34.729168,33.166668,2025-12-05,
1.0182366,34.729168,33.166668,2025-12-06,
1.0182366,34.729168,33.166668,2025-12-07,
1.0182366,34.729168,33.166668,2025-12-08,
1.0182366,34.729168,33.166668,2025-12-09,
1.0182366,34.729168,33.166668,2025-12-10,
1.0182366,34.729168,33.166668,2025-12-11,
1.0182366,34.729168,33.166668,2025-12-12,
1.0182366,34.729168,33.166668,2025-12-13,
1.0182366,34.729168,33.166668,2025-12-14,
1.0182366,34.729168,33.166668,2025-12-15,
1.0182366,34.729168,33.166668,2025-12-16,
1.0182366,34.729168,33.166668,2025-12-17,
1.0182366,34.729168,33.166668,2025-12-18,
1.0182366,34.729168,33.166668,2025-12-19,
1.0182366,34.729168,33.166668,2025-12-20,
1.0182366,34.729168,33.166668,2025-12-21,
1.0182366,34.729168,33.166668,2025-12-22,
1.0182366,34.729168,33.166668,2025-12-23,
1.0182366,34.729168,33.166668,2025-12-24,
1.0182366,34.729168,33.166668,2025-12-25,
1.0182366,34.729168,33.166668,2025-12-26,
1.0182366,34.770832,33.0,2025-11-26,
1.0182366,34.770832,33.0,2025-11-27,
1.0182366,34.770832,33.0,2025-11-28,
1.0182366,34.770832,33.0,2025-11-29,
1.0182366,34.770832,33.0,2025-11-30,
1.0182366,34.770832,33.0,2025-12-01,
1.0182366,34.770832,33.0,2025-12-02,
1.0182366,34.770832,33.0,2025-12-03,
1.0182366,34.770832,33.0,2025-12-04,
1.0182366,34.770832,33.0,2025-12-05,
1.0182366,34.770832,33.0,2025-12-06,
1.0182366,34.770832,33.0,2025-12-07,
1.0182366,34.770832,33.0,2025-12-08,
1.0182366,34.770832,33.0,2025-12-09,
1.0182366,34.770832,33.0,2025-12-10,
1.0182366,34.770832,33.0,2025-12-11,
1.0182366,34.770832,33.0,2025-12-12,
1.0182366,34.770832,33.0,2025-12-13,
1.0182366,34.770832,33.0,2025-12-14,
1.0182366,34.770832,33.0,2025-12-15,
1.0182366,34.770832,33.0,2025-12-16,
1.0182366,34.770832,33.0,2025-12-17,
1.0182366,34.770832,33.0,2025-12-18,
1.0182366,34.770832,33.0,2025-12-19,
1.0182366,34.770832,33.0,2025-12-20,
1.0182366,34.770832,33.0,2025-12-21,
1.0182366,34.770832,33.0,2025-12-22,
1.0182366,34.770832,33.0,2025-12-23,
1.0182366,34.770832,33.0,2025-12-24,
1.0182366,34.770832,33.0,2025-12-25,
1.0182366,34.770832,33.0,2025-12-26,
1.0182366,34.770832,33.041668,2025-11-26,
1.0182366,34.770832,33.041668,2025-11-27,
1.0182366,34.770832,33.041668,2025-11-28,
1.0182366,34.770832,33.041668,2025-11-29,
1.0182366,34.770832,33.041668,2025-11-30,
1.0182366,34.770832,33.041668,2025-12-01,
1.0182366,34.770832,33.041668,2025-12-02,
1.0182366,34.770832,33.041668,2025-12-03,
1.0182366,34.770832,33.041668,2025-12-04,
1.0182366,34.770832,33.041668,2025-12-05,
1.0182366,34.770832,33.041668,2025-12-06,
1.0182366,34.770832,33.041668,2025-12-07,
1.0182366,34.770832,33.041668,2025-12-08,
1.0182366,34.770832,33.041668,2025-12-09,
1.0182366,34.770832,33.041668,2025-12-10,
1.0182366,34.770832,33.041668,2025-12-11,
1.0182366,34.770832,33.041668,2025-12-12,
1.0182366,34.770832,33.041668,2025-12-13,
1.0182366,34.770832,33.041668,2025-12-14,
1.0182366,34.770832,33.041668,2025-12-15,
1.0182366,34.770832,33.041668,2025-12-16,
1.0182366,34.770832,33.041668,2025-12-17,
1.0182366,34.770832,33.041668,2025-12-18,
1.0182366,34.770832,33.041668,2025-12-19,
1.0182366,34.770832,33.041668,2025-12-20,
1.0182366,34.770832,33.041668,2025-12-21,
1.0182366,34.770832,33.041668,2025-12-22,
1.0182366,34.770832,33.041668,2025-12-23,
1.0182366,34.770832,33.041668,2025-12-24,
1.0182366,34.770832,33.041668,2025-12-25,
1.0182366,34.770832,33.041668,2025-12-26,
1.0182366,34.770832,33.083332,2025-11-26,
1.0182366,34.770832,33.083332,2025-11-27,
1.0182366,34.770832,33.083332,2025-11-28,
1.0182366,34.770832,33.083332,2025-11-29,
1.0182366,34.770832,33.083332,2025-11-30,
1.0182366,34.770832,33.083332,2025-12-01,
1.0182366,34.770832,33.083332,2025-12-02,
1.0182366,34.770832,33.083332,2025-12-03,
1.0182366,34.770832,33.083332,2025-12-04,
1.0182366,34.770832,33.083332,2025-12-05,
1.0182366,34.770832,33.083332,2025-12-06,
1.0182366,34.770832,33.083332,2025-12-07,
1.0182366,34.770832,33.083332,2025-12-08,
1.0182366,34.770832,33.083332,2025-12-09,
1.0182366,34.770832,33.083332,2025-12-10,
1.0182366,34.770832,33.083332,2025-12-11,
1.0182366,34.770832,33.083332,2025-12-12,
1.0182366,34.770832,33.083332,2025-12-13,
1.0182366,34.770832,33.083332,2025-12-14,
1.0182366,34.770832,33.083332,2025-12-15,
1.0182366,34.770832,33.083332,2025-12-16,
1.0182366,34.770832,33.083332,2025-12-17,
1.0182366,34.770832,33.083332,2025-12-18,
1.0182366,34.770832,33.083332,2025-12-19,
1.0182366,34.770832,33.083332,2025-12-20,
1.0182366,34.770832,33.083332,2025-12-21,
1.0182366,34.770832,33.083332,2025-12-22,
1.0182366,34.770832,33.083332,2025-12-23,
1.0182366,34.770832,33.083332,2025-12-24,
1.0182366,34.770832,33.083332,2025-12-25,
1.0182366,34.770832,33.083332,2025-12-26,
1.0182366,34.770832,33.125,2025-11-26,
1.0182366,34.770832,33.125,2025-11-27,
1.0182366,34.770832,33.125,2025-11-28,
1.0182366,34.770832,33.125,2025-11-29,
1.0182366,34.770832,33.125,2025-11-30,
1.0182366,34.770832,33.125,2025-12-01,
1.0182366,34.770832,33.125,2025-12-02,
1.0182366,34.770832,33.125,2025-12-03,
1.0182366,34.770832,33.125,2025-12-04,
1.0182366,34.770832,33.125,2025-12-05,
1.0182366,34.770832,33.125,2025-12-06,
1.0182366,34.770832,33.125,2025-12-07,
1.0182366,34.770832,33.125,2025-12-08,
1.0182366,34.770832,33.125,2025-12-09,
1.0182366,34.770832,33.125,2025-12-10,
1.0182366,34.770832,33.125,2025-12-11,
1.0182366,34.770832,33.125,2025-12-12,
1.0182366,34.770832,33.125,2025-12-13,
1.0182366,34.770832,33.125,2025-12-14,
1.0182366,34.770832,33.125,2025-12-15,
1.0182366,34.770832,33.125,2025-12-16,
1.0182366,34.770832,33.125,2025-12-17,
1.0182366,34.770832,33.125,2025-12-18,
1.0182366,34.770832,33.125,2025-12-19,
1.0182366,34.770832,33.125,2025-12-20,
1.0182366,34.770832,33.125,2025-12-21,
1.0182366,34.770832,33.125,2025-12-22,
1.0182366,34.770832,33.125,2025-12-23,
1.0182366,34.770832,33.125,2025-12-24,
1.0182366,34.770832,33.125,2025-12-25,
1.0182366,34.770832,33.125,2025-12-26,
1.0182366,34.770832,33.166668,2025-11-26,
1.0182366,34.770832,33.166668,2025-11-27,
1.0182366,34.770832,33.166668,2025-11-28,
1.0182366,34.770832,33.166668,2025-11-29,
1.0182366,34.770832,33.166668,2025-11-30,
1.0182366,34.770832,33.166668,2025-12-01,
1.0182366,34.770832,33.166668,2025-12-02,
1.0182366,34.770832,33.166668,2025-12-03,
1.0182366,34.770832,33.166668,2025-12-04,
1.0182366,34.770832,33.166668,2025-12-05,
1.0182366,34.770832,33.166668,2025-12-06,
1.0182366,34.770832,33.166668,2025-12-07,
1.0182366,34.770832,33.166668,2025-12-08,
1.0182366,34.770832,33.166668,2025-12-09,
1.0182366,34.770832,33.166668,2025-12-10,
1.0182366,34.770832,33.166668,2025-12-11,
1.0182366,34.770832,33.166668,2025-12-12,
1.0182366,34.770832,33.166668,2025-12-13,
1.0182366,34.770832,33.166668,2025-12-14,
1.0182366,34.770832,33.166668,2025-12-15,
1.0182366,34.770832,33.166668,2025-12-16,
1.0182366,34.770832,33.166668,2025-12-17,
1.0182366,34.770832,33.166668,2025-12-18,
1.0182366,34.770832,33.166668,2025-12-19,
1.0182366,34.770832,33.166668,2025-12-20,
1.0182366,34.770832,33.166668,2025-12-21,
1.0182366,34.770832,33.166668,2025-12-22,
1.0182366,34.770832,33.166668,2025-12-23,
1.0182366,34.770832,33.166668,2025-12-24,
1.0182366,34.770832,33.166668,2025-12-25,
1.0182366,34.770832,33.166668,2025-12-26,
3.1657474,34.604168,33.0,2025-11-26,
3.1657474,34.604168,33.0,2025-11-27,
3.1657474,34.604168,33.0,2025-11-28,
3.1657474,34.604168,33.0,2025-11-29,
3.1657474,34.604168,33.0,2025-11-30,
3.1657474,34.604168,33.0,2025-12-01,
3.1657474,34.604168,33.0,2025-12-02,
3.1657474,34.604168,33.0,2025-12-03,
3.1657474,34.604168,33.0,2025-12-04,
3.1657474,34.604168,33.0,2025-12-05,
3.1657474,34.604168,33.0,2025-12-06,
3.1657474,34.604168,33.0,2025-12-07,
3.1657474,34.604168,33.0,2025-12-08,
3.1657474,34.604168,33.0,2025-12-09,
3.1657474,34.604168,33.0,2025-12-10,
3.1657474,34.604168,33.0,2025-12-11,
3.1657474,34.604168,33.0,2025-12-12,
3.1657474,34.604168,33.0,2025-12-13,
3.1657474,34.604168,33.0,2025-12-14,
3.1657474,34.604168,33.0,2025-12-15,
3.1657474,34.604168,33.0,2025-12-16,
3.1657474,34.604168,33.0,2025-12-17,
3.1657474,34.604168,33.0,2025-12-18,
3.1657474,34.604168,33.0,2025-12-19,
3.1657474,34.604168,33.0,2025-12-20,
3.1657474,34.604168,33.0,2025-12-21,
3.1657474,34.604168,33.0,2025-12-22,
3.1657474,34.604168,33.0,2025-12-23,
3.1657474,34.604168,33.0,2025-12-24,
3.1657474,34.604168,33.0,2025-12-25,
3.1657474,34.604168,33.0,2025-12-26,
3.1657474,34.604168,33.041668,2025-11-26,
3.1657474,34.604168,33.041668,2025-11-27,
3.1657474,34.604168,33.041668,2025-11-28,
3.1657474,34.604168,33.041668,2025-11-29,
3.1657474,34.604168,33.041668,2025-11-30,
3.1657474,34.604168,33.041668,2025-12-01,
3.1657474,34.604168,33.041668,2025-12-02,
3.1657474,34.604168,33.041668,2025-12-03,
3.1657474,34.604168,33.041668,2025-12-04,
3.1657474,34.604168,33.041668,2025-12-05,
3.1657474,34.604168,33.041668,2025-12-06,
3.1657474,34.604168,33.041668,2025-12-07,
3.1657474,34.604168,33.041668,2025-12-08,
3.1657474,34.604168,33.041668,2025-12-09,
3.1657474,34.604168,33.041668,2025-12-10,
3.1657474,34.604168,33.041668,2025-12-11,
3.1657474,34.604168,33.041668,2025-12-12,
3.1657474,34.604168,33.041668,2025-12-13,
3.1657474,34.604168,33.041668,2025-12-14,
3.1657474,34.604168,33.041668,2025-12-15,
3.1657474,34.604168,33.041668,2025-12-16,
3.1657474,34.604168,33.041668,2025-12-17,
3.1657474,34.604168,33.041668,2025-12-18,
3.1657474,34.604168,33.041668,2025-12-19,
3.1657474,34.604168,33.041668,2025-12-20,
3.1657474,34.604168,33.041668,2025-12-21,
3.1657474,34.604168,33.041668,2025-12-22,
3.1657474,34.604168,33.041668,2025-12-23,
3.1657474,34.604168,33.041668,2025-12-24,
3.1657474,34.604168,33.041668,2025-12-25,
3.1657474,34.604168,33.041668,2025-12-26,
3.1657474,34.604168,33.083332,2025-11-26,0.043994103
3.1657474,34.604168,33.083332,2025-11-27,0.044745833
3.1657474,34.604168,33.083332,2025-11-28,0.045099612
3.1657474,34.604168,33.083332,2025-11-29,0.046177883
3.1657474,34.604168,33.083332,2025-11-30,0.04797445
3.1657474,34.604168,33.083332,2025-12-01,0.048284084
3.1657474,34.604168,33.083332,2025-12-02,0.04875688
3.1657474,34.604168,33.083332,2025-12-03,0.04937365
3.1657474,34.604168,33.083332,2025-12-04,0.049114026
3.1657474,34.604168,33.083332,2025-12-05,0.048988692
3.1657474,34.604168,33.083332,2025-12-06,0.05061393
3.1657474,34.604168,33.083332,2025-12-07,0.05197824
3.1657474,34.604168,33.083332,2025-12-08,0.055291705
3.1657474,34.604168,33.083332,2025-12-09,0.056496974
3.1657474,34.604168,33.083332,2025-12-10,0.056392685
3.1657474,34.604168,33.083332,2025-12-11,0.056832954
3.1657474,34.604168,33.083332,2025-12-12,0.057698887
3.1657474,34.604168,33.083332,2025-12-13,0.05895058
3.1657474,34.604168,33.083332,2025-12-14,0.059293684
3.1657474,34.604168,33.083332,2025-12-15,0.058193218
3.1657474,34.604168,33.083332,2025-12-16,0.057908967
3.1657474,34.604168,33.083332,2025-12-17,0.05812874
3.1657474,34.604168,33.083332,2025-12-18,0.058928728
3.1657474,34.604168,33.083332,2025-12-19,0.060562853
3.1657474,34.604168,33.083332,2025-12-20,0.06282668
3.1657474,34.604168,33.083332,2025-12-21,0.063708976
3.1657474,34.604168,33.083332,2025-12-22,0.064017564
3.1657474,34.604168,33.083332,2025-12-23,0.06427438
3.1657474,34.604168,33.083332,2025-12-24,0.064701214
3.1657474,34.604168,33.083332,2025-12-25,0.06509662
3.1657474,34.604168,33.083332,2025-12-26,0.06505494
3.1657474,34.604168,33.125,2025-11-26,0.04426036
3.1657474,34.604168,33.125,2025-11-27,0.04476458
3.1657474,34.604168,33.125,2025-11-28,0.045111362
3.1657474,34.604168,33.125,2025-11-29,0.04620647
3.1657474,34.604168,33.125,2025-11-30,0.047921754
3.1657474,34.604168,33.125,2025-12-01,0.04756811
3.1657474,34.604168,33.125,2025-12-02,0.046924
3.1657474,34.604168,33.125,2025-12-03,0.047794968
3.1657474,34.604168,33.125,2025-12-04,0.047978483
3.1657474,34.604168,33.125,2025-12-05,0.0490161
3.1657474,34.604168,33.125,2025-12-06,0.050902713
3.1657474,34.604168,33.125,2025-12-07,0.0522486
3.1657474,34.604168,33.125,2025-12-08,0.055234544
3.1657474,34.604168,33.125,2025-12-09,0.05539763
3.1657474,34.604168,33.125,2025-12-10,0.055822417
3.1657474,34.604168,33.125,2025-12-11,0.056993708
3.1657474,34.604168,33.125,2025-12-12,0.057993904
3.1657474,34.604168,33.125,2025-12-13,0.059277985
3.1657474,34.604168,33.125,2025-12-14,0.059500147
3.1657474,34.604168,33.125,2025-12-15,0.057513267
3.1657474,34.604168,33.125,2025-12-16,0.05661035
3.1657474,34.604168,33.125,2025-12-17,0.05767323
3.1657474,34.604168,33.125,2025-12-18,0.058888286
3.1657474,34.604168,33.125,2025-12-19,0.060590748
3.1657474,34.604168,33.125,2025-12-20,0.062954366
3.1657474,34.604168,33.125,2025-12-21,0.063803285
3.1657474,34.604168,33.125,2025-12-22,0.06408189
3.1657474,34.604168,33.125,2025-12-23,0.064284585
3.1657474,34.604168,33.125,2025-12-24,0.064700246
3.1657474,34.604168,33.125,2025-12-25,0.06519469
3.1657474,34.604168,33.125,2025-12-26,0.065183245
3.1657474,34.604168,33.166668,2025-11-26,0.0446982
3.1657474,34.604168,33.166668,2025-11-27,0.044944577
3.1657474,34.604168,33.166668,2025-11-28,0.045405146
3.1657474,34.604168,33.166668,2025-11-29,0.046433028
3.1657474,34.604168,33.166668,2025-11-30,0.047913544
3.1657474,34.604168,33.166668,2025-12-01,0.046768125
3.1657474,34.604168,33.166668,2025-12-02,0.044549897
3.1657474,34.604168,33.166668,2025-12-03,0.04563934
3.1657474,34.604168,33.166668,2025-12-04,0.04681045
3.1657474,34.604168,33.166668,2025-12-05,0.049398646
3.1657474,34.604168,33.166668,2025-12-06,0.051493127
3.1657474,34.604168,33.166668,2025-12-07,0.052645802
3.1657474,34.604168,33.166668,2025-12-08,0.055105288
3.1657474,34.604168,33.166668,2025-12-09,0.05427356
3.1657474,34.604168,33.166668,2025-12-10,0.055400044
3.1657474,34.604168,33.166668,2025-12-11,0.057249557
3.1657474,34.604168,33.166668,2025-12-12,0.058288496
3.1657474,34.604168,33.166668,2025-12-13,0.05949449
3.1657474,34.604168,33.166668,2025-12-14,0.059472643
3.1657474,34.604168,33.166668,2025-12-15,0.056272943
3.1657474,34.604168,33.166668,2025-12-16,0.05520559
3.1657474,34.604168,33.166668,2025-12-17,0.057412397
3.1657474,34.604168,33.166668,2025-12-18,0.05898792
3.1657474,34.604168,33.166668,2025-12-19,0.060648397
3.1657474,34.604168,33.166668,2025-12-20,0.06307404
3.1657474,34.604168,33.166668,2025-12-21,0.063908845
3.1657474,34.604168,33.166668,2025-12-22,0.06415745
3.1657474,34.604168,33.166668,2025-12-23,0.06431853
3.1657474,34.604168,33.166668,2025-12-24,0.064718135
3.1657474,34.604168,33.166668,2025-12-25,0.06529153
3.1657474,34.604168,33.166668,2025-12-26,0.06541113
3.1657474,34.645832,33.0,2025-11-26,
3.1657474,34.645832,33.0,2025-11-27,
3.1657474,34.645832,33.0,2025-11-28,
3.1657474,34.645832,33.0,2025-11-29,
3.1657474,34.645832,33.0,2025-11-30,
3.1657474,34.645832,33.0,2025-12-01,
3.1657474,34.645832,33.0,2025-12-02,
3.1657474,34.645832,33.0,2025-12-03,
3.1657474,34.645832,33.0,2025-12-04,
3.1657474,34.645832,33.0,2025-12-05,
3.1657474,34.645832,33.0,2025-12-06,
3.1657474,34.645832,33.0,2025-12-07,
3.1657474,34.645832,33.0,2025-12-08,
3.1657474,34.645832,33.0,2025-12-09,
3.1657474,34.645832,33.0,2025-12-10,
3.1657474,34.645832,33.0,2025-12-11,
3.1657474,34.645832,33.0,2025-12-12,
3.1657474,34.645832,33.0,2025-12-13,
3.1657474,34.645832,33.0,2025-12-14,
3.1657474,34.645832,33.0,2025-12-15,
3.1657474,34.645832,33.0,2025-12-16,
3.1657474,34.645832,33.0,2025-12-17,
3.1657474,34.645832,33.0,2025-12-18,
3.1657474,34.645832,33.0,2025-12-19,
3.1657474,34.645832,33.0,2025-12-20,
3.1657474,34.645832,33.0,2025-12-21,
3.1657474,34.645832,33.0,2025-12-22,
3.1657474,34.645832,33.0,2025-12-23,
3.1657474,34.645832,33.0,2025-12-24,
3.1657474,34.645832,33.0,2025-12-25,
3.1657474,34.645832,33.0,2025-12-26,
3.1657474,34.645832,33.041668,2025-11-26,
3.1657474,34.645832,33.041668,2025-11-27,
3.1657474,34.645832,33.041668,2025-11-28,
3.1657474,34.645832,33.041668,2025-11-29,
3.1657474,34.645832,33.041668,2025-11-30,
3.1657474,34.645832,33.041668,2025-12-01,
3.1657474,34.645832,33.041668,2025-12-02,
3.1657474,34.645832,33.041668,2025-12-03,
3.1657474,34.645832,33.041668,2025-12-04,
3.1657474,34.645832,33.041668,2025-12-05,
3.1657474,34.645832,33.041668,2025-12-06,
3.1657474,34.645832,33.041668,2025-12-07,
3.1657474,34.645832,33.041668,2025-12-08,
3.1657474,34.645832,33.041668,2025-12-09,
3.1657474,34.645832,33.041668,2025-12-10,
3.1657474,34.645832,33.041668,2025-12-11,
3.1657474,34.645832,33.041668,2025-12-12,
3.1657474,34.645832,33.041668,2025-12-13,
3.1657474,34.645832,33.041668,2025-12-14,
3.1657474,34.645832,33.041668,2025-12-15,
3.1657474,34.645832,33.041668,2025-12-16,
3.1657474,34.645832,33.041668,2025-12-17,
3.1657474,34.645832,33.041668,2025-12-18,
3.1657474,34.645832,33.041668,2025-12-19,
3.1657474,34.645832,33.041668,2025-12-20,
3.1657474,34.645832,33.041668,2025-12-21,
3.1657474,34.645832,33.041668,2025-12-22,
3.1657474,34.645832,33.041668,2025-12-23,
3.1657474,34.645832,33.041668,2025-12-24,
3.1657474,34.645832,33.041668,2025-12-25,
3.1657474,34.645832,33.041668,2025-12-26,
3.1657474,34.645832,33.083332,2025-11-26,0.043930802
3.1657474,34.645832,33.083332,2025-11-27,0.044758584
3.1657474,34.645832,33.083332,2025-11-28,0.045331676
3.1657474,34.645832,33.083332,2025-11-29,0.046047166
3.1657474,34.645832,33.083332,2025-11-30,0.04747557
3.1657474,34.645832,33.083332,2025-12-01,0.049265347
3.1657474,34.645832,33.083332,2025-12-02,0.05068684
3.1657474,34.645832,33.083332,2025-12-03,0.050076637
3.1657474,34.645832,33.083332,2025-12-04,0.049142774
3.1657474,34.645832,33.083332,2025-12-05,0.048988
3.1657474,34.645832,33.083332,2025-12-06,0.050592028
3.1657474,34.645832,33.083332,2025-12-07,0.051542774
3.1657474,34.645832,33.083332,2025-12-08,0.05610437
3.1657474,34.645832,33.083332,2025-12-09,0.059211437
3.1657474,34.645832,33.083332,2025-12-10,0.0579539
3.1657474,34.645832,33.083332,2025-12-11,0.05746265
3.1657474,34.645832,33.083332,2025-12-12,0.057580758
3.1657474,34.645832,33.083332,2025-12-13,0.058261238
3.1657474,34.645832,33.083332,2025-12-14,0.05847047
3.1657474,34.645832,33.083332,2025-12-15,0.05839382
3.1657474,34.645832,33.083332,2025-12-16,0.058975212
3.1657474,34.645832,33.083332,2025-12-17,0.05887303
3.1657474,34.645832,33.083332,2025-12-18,0.059338167
3.1657474,34.645832,33.083332,2025-12-19,0.060469806
3.1657474,34.645832,33.083332,2025-12-20,0.06213675
3.1657474,34.645832,33.083332,2025-12-21,0.06322086
3.1657474,34.645832,33.083332,2025-12-22,0.063767985
3.1657474,34.645832,33.083332,2025-12-23,0.06409558
3.1657474,34.645832,33.083332,2025-12-24,0.064506724
3.1657474,34.645832,33.083332,2025-12-25,0.06498702
3.1657474,34.645832,33.083332,2025-12-26,0.06531333
3.1657474,34.645832,33.125,2025-11-26,0.044187557
3.1657474,34.645832,33.125,2025-11-27,0.04481545
3.1657474,34.645832,33.125,2025-11-28,0.045318298
3.1657474,34.645832,33.125,2025-11-29,0.046111193
3.1657474,34.645832,33.125,2025-11-30,0.04742907
3.1657474,34.645832,33.125,2025-12-01,0.048675023
3.1657474,34.645832,33.125,2025-12-02,0.04909456
3.1657474,34.645832,33.125,2025-12-03,0.048566304
3.1657474,34.645832,33.125,2025-12-04,0.048017852
3.1657474,34.645832,33.125,2025-12-05,0.048628397
3.1657474,34.645832,33.125,2025-12-06,0.050280586
3.1657474,34.645832,33.125,2025-12-07,0.05149407
3.1657474,34.645832,33.125,2025-12-08,0.055994317
3.1657474,34.645832,33.125,2025-12-09,0.058484286
3.1657474,34.645832,33.125,2025-12-10,0.057672184
3.1657474,34.645832,33.125,2025-12-11,0.057563085
3.1657474,34.645832,33.125,2025-12-12,0.05779605
3.1657474,34.645832,33.125,2025-12-13,0.05848795
3.1657474,34.645832,33.125,2025-12-14,0.058641776
3.1657474,34.645832,33.125,2025-12-15,0.057912726
3.1657474,34.645832,33.125,2025-12-16,0.057793446
3.1657474,34.645832,33.125,2025-12-17,0.05836731
3.1657474,34.645832,33.125,2025-12-18,0.0591546
3.1657474,34.645832,33.125,2025-12-19,0.060377892
3.1657474,34.645832,33.125,2025-12-20,0.062095653
3.1657474,34.645832,33.125,2025-12-21,0.06313965
3.1657474,34.645832,33.125,2025-12-22,0.06369444
3.1657474,34.645832,33.125,2025-12-23,0.06402037
3.1657474,34.645832,33.125,2025-12-24,0.06440749
3.1657474,34.645832,33.125,2025-12-25,0.064931065
3.1657474,34.645832,33.125,2025-12-26,0.065303385
3.1657474,34.645832,33.166668,2025-11-26,0.044499606
3.1657474,34.645832,33.166668,2025-11-27,0.044940133
3.1657474,34.645832,33.166668,2025-11-28,0.045439225
3.1657474,34.645832,33.166668,2025-11-29,0.046259966
3.1657474,34.645832,33.166668,2025-11-30,0.047448274
3.1657474,34.645832,33.166668,2025-12-01,0.047962666
3.1657474,34.645832,33.166668,2025-12-02,0.047012165
3.1657474,34.645832,33.166668,2025-12-03,0.046625074
3.1657474,34.645832,33.166668,2025-12-04,0.046927013
3.1657474,34.645832,33.166668,2025-12-05,0.04864441
3.1657474,34.645832,33.166668,2025-12-06,0.05050675
3.1657474,34.645832,33.166668,2025-12-07,0.05173407
3.1657474,34.645832,33.166668,2025-12-08,0.055930115
3.1657474,34.645832,33.166668,2025-12-09,0.057483748
3.1657474,34.645832,33.166668,2025-12-10,0.057049718
3.1657474,34.645832,33.166668,2025-12-11,0.057545394
3.1657474,34.645832,33.166668,2025-12-12,0.057992905
3.1657474,34.645832,33.166668,2025-12-13,0.05873889
3.1657474,34.645832,33.166668,2025-12-14,0.058804058
3.1657474,34.645832,33.166668,2025-12-15,0.05704095
3.1657474,34.645832,33.166668,2025-12-16,0.05643065
3.1657474,34.645832,33.166668,2025-12-17,0.05797526
3.1657474,34.645832,33.166668,2025-12-18,0.05914448
3.1657474,34.645832,33.166668,2025-12-19,0.06042928
3.1657474,34.645832,33.166668,2025-12-20,0.062224917
3.1657474,34.645832,33.166668,2025-12-21,0.06323656
3.1657474,34.645832,33.166668,2025-12-22,0.06375773
3.1657474,34.645832,33.166668,2025-12-23,0.06403563
3.1657474,34.645832,33.166668,2025-12-24,0.06438834
3.1657474,34.645832,33.166668,2025-12-25,0.06494223
3.1657474,34.645832,33.166668,2025-12-26,0.06538448
3.1657474,34.6875,33.0,2025-11-26,
3.1657474,34.6875,33.0,2025-11-27,
3.1657474,34.6875,33.0,2025-11-28,
3.1657474,34.6875,33.0,2025-11-29,
3.1657474,34.6875,33.0,2025-11-30,
3.1657474,34.6875,33.0,2025-12-01,
3.1657474,34.6875,33.0,2025-12-02,
3.1657474,34.6875,33.0,2025-12-03,
3.1657474,34.6875,33.0,2025-12-04,
3.1657474,34.6875,33.0,2025-12-05,
3.1657474,34.6875,33.0,2025-12-06,
3.1657474,34.6875,33.0,2025-12-07,
3.1657474,34.6875,33.0,2025-12-08,
3.1657474,34.6875,33.0,2025-12-09,
3.1657474,34.6875,33.0,2025-12-10,
3.1657474,34.6875,33.0,2025-12-11,
3.1657474,34.6875,33.0,2025-12-12,
3.1657474,34.6875,33.0,2025-12-13,
3.1657474,34.6875,33.0,2025-12-14,
3.1657474,34.6875,33.0,2025-12-15,
3.1657474,34.6875,33.0,2025-12-16,
3.1657474,34.6875,33.0,2025-12-17,
3.1657474,34.6875,33.0,2025-12-18,
3.1657474,34.6875,33.0,2025-12-19,
3.1657474,34.6875,33.0,2025-12-20,
3.1657474,34.6875,33.0,2025-12-21,
3.1657474,34.6875,33.0,2025-12-22,
3.1657474,34.6875,33.0,2025-12-23,
3.1657474,34.6875,33.0,2025-12-24,
3.1657474,34.6875,33.0,2025-12-25,
3.1657474,34.6875,33.0,2025-12-26,
3.1657474,34.6875,33.041668,2025-11-26,
3.1657474,34.6875,33.041668,2025-11-27,
3.1657474,34.6875,33.041668,2025-11-28,
3.1657474,34.6875,33.041668,2025-11-29,
3.1657474,34.6875,33.041668,2025-11-30,
3.1657474,34.6875,33.041668,2025-12-01,
3.1657474,34.6875,33.041668,2025-12-02,
3.1657474,34.6875,33.041668,2025-12-03,
3.1657474,34.6875,33.041668,2025-12-04,
3.1657474,34.6875,33.041668,2025-12-05,
3.1657474,34.6875,33.041668,2025-12-06,
3.1657474,34.6875,33.041668,2025-12-07,
3.1657474,34.6875,33.041668,2025-12-08,
3.1657474,34.6875,33.041668,2025-12-09,
3.1657474,34.6875,33.041668,2025-12-10,
3.1657474,34.6875,33.041668,2025-12-11,
3.1657474,34.6875,33.041668,2025-12-12,
3.1657474,34.6875,33.041668,2025-12-13,
3.1657474,34.6875,33.041668,2025-12-14,
3.1657474,34.6875,33.041668,2025-12-15,
3.1657474,34.6875,33.041668,2025-12-16,
3.1657474,34.6875,33.041668,2025-12-17,
3.1657474,34.6875,33.041668,2025-12-18,
3.1657474,34.6875,33.041668,2025-12-19,
3.1657474,34.6875,33.041668,2025-12-20,
3.1657474,34.6875,33.041668,2025-12-21,
3.1657474,34.6875,33.041668,2025-12-22,
3.1657474,34.6875,33.041668,2025-12-23,
3.1657474,34.6875,33.041668,2025-12-24,
3.1657474,34.6875,33.041668,2025-12-25,
3.1657474,34.6875,33.041668,2025-12-26,
3.1657474,34.6875,33.083332,2025-11-26,
3.1657474,34.6875,33.083332,2025-11-27,
3.1657474,34.6875,33.083332,2025-11-28,
3.1657474,34.6875,33.083332,2025-11-29,
3.1657474,34.6875,33.083332,2025-11-30,
3.1657474,34.6875,33.083332,2025-12-01,
3.1657474,34.6875,33.083332,2025-12-02,
3.1657474,34.6875,33.083332,2025-12-03,
3.1657474,34.6875,33.083332,2025-12-04,
3.1657474,34.6875,33.083332,2025-12-05,
3.1657474,34.6875,33.083332,2025-12-06,
3.1657474,34.6875,33.083332,2025-12-07,
3.1657474,34.6875,33.083332,2025-12-08,
3.1657474,34.6875,33.083332,2025-12-09,
3.1657474,34.6875,33.083332,2025-12-10,
3.1657474,34.6875,33.083332,2025-12-11,
3.1657474,34.6875,33.083332,2025-12-12,
3.1657474,34.6875,33.083332,2025-12-13,
3.1657474,34.6875,33.083332,2025-12-14,
3.1657474,34.6875,33.083332,2025-12-15,
3.1657474,34.6875,33.083332,2025-12-16,
3.1657474,34.6875,33.083332,2025-12-17,
3.1657474,34.6875,33.083332,2025-12-18,
3.1657474,34.6875,33.083332,2025-12-19,
3.1657474,34.6875,33.083332,2025-12-20,
3.1657474,34.6875,33.083332,2025-12-21,
3.1657474,34.6875,33.083332,2025-12-22,
3.1657474,34.6875,33.083332,2025-12-23,
3.1657474,34.6875,33.083332,2025-12-24,
3.1657474,34.6875,33.083332,2025-12-25,
3.1657474,34.6875,33.083332,2025-12-26,
3.1657474,34.6875,33.125,2025-11-26,0.04453093
3.1657474,34.6875,33.125,2025-11-27,0.044887114
3.1657474,34.6875,33.125,2025-11-28,0.04550539
3.1657474,34.6875,33.125,2025-11-29,0.046246435
3.1657474,34.6875,33.125,2025-11-30,0.047107574
3.1657474,34.6875,33.125,2025-12-01,0.048698574
3.1657474,34.6875,33.125,2025-12-02,0.04996083
3.1657474,34.6875,33.125,2025-12-03,0.04896455
3.1657474,34.6875,33.125,2025-12-04,0.047877047
3.1657474,34.6875,33.125,2025-12-05,0.047949437
3.1657474,34.6875,33.125,2025-12-06,0.049135927
3.1657474,34.6875,33.125,2025-12-07,0.050591033
3.1657474,34.6875,33.125,2025-12-08,0.055494368
3.1657474,34.6875,33.125,2025-12-09,0.059902426
3.1657474,34.6875,33.125,2025-12-10,0.059192043
3.1657474,34.6875,33.125,2025-12-11,0.058172308
3.1657474,34.6875,33.125,2025-12-12,0.057926003
3.1657474,34.6875,33.125,2025-12-13,0.05820375
3.1657474,34.6875,33.125,2025-12-14,0.058233783
3.1657474,34.6875,33.125,2025-12-15,0.05818917
3.1657474,34.6875,33.125,2025-12-16,0.058296822
3.1657474,34.6875,33.125,2025-12-17,0.058552243
3.1657474,34.6875,33.125,2025-12-18,0.05911751
3.1657474,34.6875,33.125,2025-12-19,0.060090583
3.1657474,34.6875,33.125,2025-12-20,0.06138667
3.1657474,34.6875,33.125,2025-12-21,0.06242067
3.1657474,34.6875,33.125,2025-12-22,0.0631908
3.1657474,34.6875,33.125,2025-12-23,0.0636517
3.1657474,34.6875,33.125,2025-12-24,0.06405499
3.1657474,34.6875,33.125,2025-12-25,0.06455288
3.1657474,34.6875,33.125,2025-12-26,0.06517175
3.1657474,34.6875,33.166668,2025-11-26,0.044674847
3.1657474,34.6875,33.166668,2025-11-27,0.044935122
3.1657474,34.6875,33.166668,2025-11-28,0.045528892
3.1657474,34.6875,33.166668,2025-11-29,0.046306886
3.1657474,34.6875,33.166668,2025-11-30,0.047150083
3.1657474,34.6875,33.166668,2025-12-01,0.048319858
3.1657474,34.6875,33.166668,2025-12-02,0.048780542
3.1657474,34.6875,33.166668,2025-12-03,0.047690403
3.1657474,34.6875,33.166668,2025-12-04,0.047133714
3.1657474,34.6875,33.166668,2025-12-05,0.04790947
3.1657474,34.6875,33.166668,2025-12-06,0.049329594
3.1657474,34.6875,33.166668,2025-12-07,0.050765585
3.1657474,34.6875,33.166668,2025-12-08,0.055532992
3.1657474,34.6875,33.166668,2025-12-09,0.059368964
3.1657474,34.6875,33.166668,2025-12-10,0.058649346
3.1657474,34.6875,33.166668,2025-12-11,0.058033377
3.1657474,34.6875,33.166668,2025-12-12,0.05800761
3.1657474,34.6875,33.166668,2025-12-13,0.058360644
3.1657474,34.6875,33.166668,2025-12-14,0.05835872
3.1657474,34.6875,33.166668,2025-12-15,0.057710722
3.1657474,34.6875,33.166668,2025-12-16,0.057593178
3.1657474,34.6875,33.166668,2025-12-17,0.05840987
3.1657474,34.6875,33.166668,2025-12-18,0.0592048
3.1657474,34.6875,33.166668,2025-12-19,0.060218133
3.1657474,34.6875,33.166668,2025-12-20,0.06155221
3.1657474,34.6875,33.166668,2025-12-21,0.062558696
3.1657474,34.6875,33.166668,2025-12-22,0.06328801
3.1657474,34.6875,33.166668,2025-12-23,0.06369649
3.1657474,34.6875,33.166668,2025-12-24,0.06406794
3.1657474,34.6875,33.166668,2025-12-25,0.0645681
3.1657474,34.6875,33.166668,2025-12-26,0.065226585
3.1657474,34.729168,33.0,2025-11-26,
3.1657474,34.729168,33.0,2025-11-27,
3.1657474,34.729168,33.0,2025-11-28,
3.1657474,34.729168,33.0,2025-11-29,
3.1657474,34.729168,33.0,2025-11-30,
3.1657474,34.729168,33.0,2025-12-01,
3.1657474,34.729168,33.0,2025-12-02,
3.1657474,34.729168,33.0,2025-12-03,
3.1657474,34.729168,33.0,2025-12-04,
3.1657474,34.729168,33.0,2025-12-05,
3.1657474,34.729168,33.0,2025-12-06,
3.1657474,34.729168,33.0,2025-12-07,
3.1657474,34.729168,33.0,2025-12-08,
3.1657474,34.729168,33.0,2025-12-09,
3.1657474,34.729168,33.0,2025-12-10,
3.1657474,34.729168,33.0,2025-12-11,
3.1657474,34.729168,33.0,2025-12-12,
3.1657474,34.729168,33.0,2025-12-13,
3.1657474,34.729168,33.0,2025-12-14,
3.1657474,34.729168,33.0,2025-12-15,
3.1657474,34.729168,33.0,2025-12-16,
3.1657474,34.729168,33.0,2025-12-17,
3.1657474,34.729168,33.0,2025-12-18,
3.1657474,34.729168,33.0,2025-12-19,
3.1657474,34.729168,33.0,2025-12-20,
3.1657474,34.729168,33.0,2025-12-21,
3.1657474,34.729168,33.0,2025-12-22,
3.1657474,34.729168,33.0,2025-12-23,
3.1657474,34.729168,33.0,2025-12-24,
3.1657474,34.729168,33.0,2025-12-25,
3.1657474,34.729168,33.0,2025-12-26,
3.1657474,34.729168,33.041668,2025-11-26,
3.1657474,34.729168,33.041668,2025-11-27,
3.1657474,34.729168,33.041668,2025-11-28,
3.1657474,34.729168,33.041668,2025-11-29,
3.1657474,34.729168,33.041668,2025-11-30,
3.1657474,34.729168,33.041668,2025-12-01,
3.1657474,34.729168,33.041668,2025-12-02,
3.1657474,34.729168,33.041668,2025-12-03,
3.1657474,34.729168,33.041668,2025-12-04,
3.1657474,34.729168,33.041668,2025-12-05,
3.1657474,34.729168,33.041668,2025-12-06,
3.1657474,34.729168,33.041668,2025-12-07,
3.1657474,34.729168,33.041668,2025-12-08,
3.1657474,34.729168,33.041668,2025-12-09,
3.1657474,34.729168,33.041668,2025-12-10,
3.1657474,34.729168,33.041668,2025-12-11,
3.1657474,34.729168,33.041668,2025-12-12,
3.1657474,34.729168,33.041668,2025-12-13,
3.1657474,34.729168,33.041668,2025-12-14,
3.1657474,34.729168,33.041668,2025-12-15,
3.1657474,34.729168,33.041668,2025-12-16,
3.1657474,34.729168,33.041668,2025-12-17,
3.1657474,34.729168,33.041668,2025-12-18,
3.1657474,34.729168,33.041668,2025-12-19,
3.1657474,34.729168,33.041668,2025-12-20,
3.1657474,34.729168,33.041668,2025-12-21,
3.1657474,34.729168,33.041668,2025-12-22,
3.1657474,34.729168,33.041668,2025-12-23,
3.1657474,34.729168,33.041668,2025-12-24,
3.1657474,34.729168,33.041668,2025-12-25,
3.1657474,34.729168,33.041668,2025-12-26,
3.1657474,34.729168,33.083332,2025-11-26,
3.1657474,34.729168,33.083332,2025-11-27,
3.1657474,34.729168,33.083332,2025-11-28,
3.1657474,34.729168,33.083332,2025-11-29,
3.1657474,34.729168,33.083332,2025-11-30,
3.1657474,34.729168,33.083332,2025-12-01,
3.1657474,34.729168,33.083332,2025-12-02,
3.1657474,34.729168,33.083332,2025-12-03,
3.1657474,34.729168,33.083332,2025-12-04,
3.1657474,34.729168,33.083332,2025-12-05,
3.1657474,34.729168,33.083332,2025-12-06,
3.1657474,34.729168,33.083332,2025-12-07,
3.1657474,34.729168,33.083332,2025-12-08,
3.1657474,34.729168,33.083332,2025-12-09,
3.1657474,34.729168,33.083332,2025-12-10,
3.1657474,34.729168,33.083332,2025-12-11,
3.1657474,34.729168,33.083332,2025-12-12,
3.1657474,34.729168,33.083332,2025-12-13,
3.1657474,34.729168,33.083332,2025-12-14,
3.1657474,34.729168,33.083332,2025-12-15,
3.1657474,34.729168,33.083332,2025-12-16,
3.1657474,34.729168,33.083332,2025-12-17,
3.1657474,34.729168,33.083332,2025-12-18,
3.1657474,34.729168,33.083332,2025-12-19,
3.1657474,34.729168,33.083332,2025-12-20,
3.1657474,34.729168,33.083332,2025-12-21,
3.1657474,34.729168,33.083332,2025-12-22,
3.1657474,34.729168,33.083332,2025-12-23,
3.1657474,34.729168,33.083332,2025-12-24,
3.1657474,34.729168,33.083332,2025-12-25,
3.1657474,34.729168,33.083332,2025-12-26,
3.1657474,34.729168,33.125,2025-11-26,
3.1657474,34.729168,33.125,2025-11-27,
3.1657474,34.729168,33.125,2025-11-28,
3.1657474,34.729168,33.125,2025-11-29,
3.1657474,34.729168,33.125,2025-11-30,
3.1657474,34.729168,33.125,2025-12-01,
3.1657474,34.729168,33.125,2025-12-02,
3.1657474,34.729168,33.125,2025-12-03,
3.1657474,34.729168,33.125,2025-12-04,
3.1657474,34.729168,33.125,2025-12-05,
3.1657474,34.729168,33.125,2025-12-06,
3.1657474,34.729168,33.125,2025-12-07,
3.1657474,34.729168,33.125,2025-12-08,
3.1657474,34.729168,33.125,2025-12-09,
3.1657474,34.729168,33.125,2025-12-10,
3.1657474,34.729168,33.125,2025-12-11,
3.1657474,34.729168,33.125,2025-12-12,
3.1657474,34.729168,33.125,2025-12-13,
3.1657474,34.729168,33.125,2025-12-14,
3.1657474,34.729168,33.125,2025-12-15,
3.1657474,34.729168,33.125,2025-12-16,
3.1657474,34.729168,33.125,2025-12-17,
3.1657474,34.729168,33.125,2025-12-18,
3.1657474,34.729168,33.125,2025-12-19,
3.1657474,34.729168,33.125,2025-12-20,
3.1657474,34.729168,33.125,2025-12-21,
3.1657474,34.729168,33.125,2025-12-22,
3.1657474,34.729168,33.125,2025-12-23,
3.1657474,34.729168,33.125,2025-12-24,
3.1657474,34.729168,33.125,2025-12-25,
3.1657474,34.729168,33.125,2025-12-26,
3.1657474,34.729168,33.166668,2025-11-26,
3.1657474,34.729168,33.166668,2025-11-27,
3.1657474,34.729168,33.166668,2025-11-28,
3.1657474,34.729168,33.166668,2025-11-29,
3.1657474,34.729168,33.166668,2025-11-30,
3.1657474,34.729168,33.166668,2025-12-01,
3.1657474,34.729168,33.166668,2025-12-02,
3.1657474,34.729168,33.166668,2025-12-03,
3.1657474,34.729168,33.166668,2025-12-04,
3.1657474,34.729168,33.166668,2025-12-05,
3.1657474,34.729168,33.166668,2025-12-06,
3.1657474,34.729168,33.166668,2025-12-07,
3.1657474,34.729168,33.166668,2025-12-08,
3.1657474,34.729168,33.166668,2025-12-09,
3.1657474,34.729168,33.166668,2025-12-10,
3.1657474,34.729168,33.166668,2025-12-11,
3.1657474,34.729168,33.166668,2025-12-12,
3.1657474,34.729168,33.166668,2025-12-13,
3.1657474,34.729168,33.166668,2025-12-14,
3.1657474,34.729168,33.166668,2025-12-15,
3.1657474,34.729168,33.166668,2025-12-16,
3.1657474,34.729168,33.166668,2025-12-17,
3.1657474,34.729168,33.166668,2025-12-18,
3.1657474,34.729168,33.166668,2025-12-19,
3.1657474,34.729168,33.166668,2025-12-20,
3.1657474,34.729168,33.166668,2025-12-21,
3.1657474,34.729168,33.166668,2025-12-22,
3.1657474,34.729168,33.166668,2025-12-23,
3.1657474,34.729168,33.166668,2025-12-24,
3.1657474,34.729168,33.166668,2025-12-25,
3.1657474,34.729168,33.166668,2025-12-26,
3.1657474,34.770832,33.0,2025-11-26,
3.1657474,34.770832,33.0,2025-11-27,
3.1657474,34.770832,33.0,2025-11-28,
3.1657474,34.770832,33.0,2025-11-29,
3.1657474,34.770832,33.0,2025-11-30,
3.1657474,34.770832,33.0,2025-12-01,
3.1657474,34.770832,33.0,2025-12-02,
3.1657474,34.770832,33.0,2025-12-03,
3.1657474,34.770832,33.0,2025-12-04,
3.1657474,34.770832,33.0,2025-12-05,
3.1657474,34.770832,33.0,2025-12-06,
3.1657474,34.770832,33.0,2025-12-07,
3.1657474,34.770832,33.0,2025-12-08,
3.1657474,34.770832,33.0,2025-12-09,
3.1657474,34.770832,33.0,2025-12-10,
3.1657474,34.770832,33.0,2025-12-11,
3.1657474,34.770832,33.0,2025-12-12,
3.1657474,34.770832,33.0,2025-12-13,
3.1657474,34.770832,33.0,2025-12-14,
3.1657474,34.770832,33.0,2025-12-15,
3.1657474,34.770832,33.0,2025-12-16,
3.1657474,34.770832,33.0,2025-12-17,
3.1657474,34.770832,33.0,2025-12-18,
3.1657474,34.770832,33.0,2025-12-19,
3.1657474,34.770832,33.0,2025-12-20,
3.1657474,34.770832,33.0,2025-12-21,
3.1657474,34.770832,33.0,2025-12-22,
3.1657474,34.770832,33.0,2025-12-23,
3.1657474,34.770832,33.0,2025-12-24,
3.1657474,34.770832,33.0,2025-12-25,
3.1657474,34.770832,33.0,2025-12-26,
3.1657474,34.770832,33.041668,2025-11-26,
3.1657474,34.770832,33.041668,2025-11-27,
3.1657474,34.770832,33.041668,2025-11-28,
3.1657474,34.770832,33.041668,2025-11-29,
3.1657474,34.770832,33.041668,2025-11-30,
3.1657474,34.770832,33.041668,2025-12-01,
3.1657474,34.770832,33.041668,2025-12-02,
3.1657474,34.770832,33.041668,2025-12-03,
3.1657474,34.770832,33.041668,2025-12-04,
3.1657474,34.770832,33.041668,2025-12-05,
3.1657474,34.770832,33.041668,2025-12-06,
3.1657474,34.770832,33.041668,2025-12-07,
3.1657474,34.770832,33.041668,2025-12-08,
3.1657474,34.770832,33.041668,2025-12-09,
3.1657474,34.770832,33.041668,2025-12-10,
3.1657474,34.770832,33.041668,2025-12-11,
3.1657474,34.770832,33.041668,2025-12-12,
3.1657474,34.770832,33.041668,2025-12-13,
3.1657474,34.770832,33.041668,2025-12-14,
3.1657474,34.770832,33.041668,2025-12-15,
3.1657474,34.770832,33.041668,2025-12-16,
3.1657474,34.770832,33.041668,2025-12-17,
3.1657474,34.770832,33.041668,2025-12-18,
3.1657474,34.770832,33.041668,2025-12-19,
3.1657474,34.770832,33.041668,2025-12-20,
3.1657474,34.770832,33.041668,2025-12-21,
3.1657474,34.770832,33.041668,2025-12-22,
3.1657474,34.770832,33.041668,2025-12-23,
3.1657474,34.770832,33.041668,2025-12-24,
3.1657474,34.770832,33.041668,2025-12-25,
3.1657474,34.770832,33.041668,2025-12-26,
3.1657474,34.770832,33.083332,2025-11-26,
3.1657474,34.770832,33.083332,2025-11-27,
3.1657474,34.770832,33.083332,2025-11-28,
3.1657474,34.770832,33.083332,2025-11-29,
3.1657474,34.770832,33.083332,2025-11-30,
3.1657474,34.770832,33.083332,2025-12-01,
3.1657474,34.770832,33.083332,2025-12-02,
3.1657474,34.770832,33.083332,2025-12-03,
3.1657474,34.770832,33.083332,2025-12-04,
3.1657474,34.770832,33.083332,2025-12-05,
3.1657474,34.770832,33.083332,2025-12-06,
3.1657474,34.770832,33.083332,2025-12-07,
3.1657474,34.770832,33.083332,2025-12-08,
3.1657474,34.770832,33.083332,2025-12-09,
3.1657474,34.770832,33.083332,2025-12-10,
3.1657474,34.770832,33.083332,2025-12-11,
3.1657474,34.770832,33.083332,2025-12-12,
3.1657474,34.770832,33.083332,2025-12-13,
3.1657474,34.770832,33.083332,2025-12-14,
3.1657474,34.770832,33.083332,2025-12-15,
3.1657474,34.770832,33.083332,2025-12-16,
3.1657474,34.770832,33.083332,2025-12-17,
3.1657474,34.770832,33.083332,2025-12-18,
3.1657474,34.770832,33.083332,2025-12-19,
3.1657474,34.770832,33.083332,2025-12-20,
3.1657474,34.770832,33.083332,2025-12-21,
3.1657474,34.770832,33.083332,2025-12-22,
3.1657474,34.770832,33.083332,2025-12-23,
3.1657474,34.770832,33.083332,2025-12-24,
3.1657474,34.770832,33.083332,2025-12-25,
3.1657474,34.770832,33.083332,2025-12-26,
3.1657474,34.770832,33.125,2025-11-26,
3.1657474,34.770832,33.125,2025-11-27,
3.1657474,34.770832,33.125,2025-11-28,
3.1657474,34.770832,33.125,2025-11-29,
3.1657474,34.770832,33.125,2025-11-30,
3.1657474,34.770832,33.125,2025-12-01,
3.1657474,34.770832,33.125,2025-12-02,
3.1657474,34.770832,33.125,2025-12-03,
3.1657474,34.770832,33.125,2025-12-04,
3.1657474,34.770832,33.125,2025-12-05,
3.1657474,34.770832,33.125,2025-12-06,
3.1657474,34.770832,33.125,2025-12-07,
3.1657474,34.770832,33.125,2025-12-08,
3.1657474,34.770832,33.125,2025-12-09,
3.1657474,34.770832,33.125,2025-12-10,
3.1657474,34.770832,33.125,2025-12-11,
3.1657474,34.770832,33.125,2025-12-12,
3.1657474,34.770832,33.125,2025-12-13,
3.1657474,34.770832,33.125,2025-12-14,
3.1657474,34.770832,33.125,2025-12-15,
3.1657474,34.770832,33.125,2025-12-16,
3.1657474,34.770832,33.125,2025-12-17,
3.1657474,34.770832,33.125,2025-12-18,
3.1657474,34.770832,33.125,2025-12-19,
3.1657474,34.770832,33.125,2025-12-20,
3.1657474,34.770832,33.125,2025-12-21,
3.1657474,34.770832,33.125,2025-12-22,
3.1657474,34.770832,33.125,2025-12-23,
3.1657474,34.770832,33.125,2025-12-24,
3.1657474,34.770832,33.125,2025-12-25,
3.1657474,34.770832,33.125,2025-12-26,
3.1657474,34.770832,33.166668,2025-11-26,
3.1657474,34.770832,33.166668,2025-11-27,
3.1657474,34.770832,33.166668,2025-11-28,
3.1657474,34.770832,33.166668,2025-11-29,
3.1657474,34.770832,33.166668,2025-11-30,
3.1657474,34.770832,33.166668,2025-12-01,
3.1657474,34.770832,33.166668,2025-12-02,
3.1657474,34.770832,33.166668,2025-12-03,
3.1657474,34.770832,33.166668,2025-12-04,
3.1657474,34.770832,33.166668,2025-12-05,
3.1657474,34.770832,33.166668,2025-12-06,
3.1657474,34.770832,33.166668,2025-12-07,
3.1657474,34.770832,33.166668,2025-12-08,
3.1657474,34.770832,33.166668,2025-12-09,
3.1657474,34.770832,33.166668,2025-12-10,
3.1657474,34.770832,33.166668,2025-12-11,
3.1657474,34.770832,33.166668,2025-12-12,
3.1657474,34.770832,33.166668,2025-12-13,
3.1657474,34.770832,33.166668,2025-12-14,
3.1657474,34.770832,33.166668,2025-12-15,
3.1657474,34.770832,33.166668,2025-12-16,
3.1657474,34.770832,33.166668,2025-12-17,
3.1657474,34.770832,33.166668,2025-12-18,
3.1657474,34.770832,33.166668,2025-12-19,
3.1657474,34.770832,33.166668,2025-12-20,
3.1657474,34.770832,33.166668,2025-12-21,
3.1657474,34.770832,33.166668,2025-12-22,
3.1657474,34.770832,33.166668,2025-12-23,
3.1657474,34.770832,33.166668,2025-12-24,
3.1657474,34.770832,33.166668,2025-12-25,
3.1657474,34.770832,33.166668,2025-12-26,
